family,background,target,grid_step_fraction,status,delta_below,M_below,delta_crit_sampled,M_peak,M_rms,Q1,Q2,capacity_difference_pct,bracket_width_pctpoints
common_LLI_dLAMn,0.0,0.8,0.00025,reached,0.017,0.7984883652185498,0.01725,0.8023101965726991,0.0346728175516996,13.702507686327175,13.70318283854821,0.0049270951258993,0.025
common_LLI_dLAMn,0.0,0.95,0.00025,not_reached,,,,,,,,,
common_LLI_dLAMn,0.05,0.8,0.00025,reached,0.00825,0.7993158760384608,0.0085,0.811577731008331,0.0309873285637767,13.058089337952683,13.05842201168203,0.0025476123123233,0.025
common_LLI_dLAMn,0.05,0.95,0.00025,reached,0.01325,0.9478835008461592,0.0135,0.9517622401513884,0.0387401344921138,13.058089337952683,13.058617701325046,0.0040461714531459,0.025
common_LLI_dLAMn,0.1,0.8,0.00025,reached,0.008,0.7961327688682908,0.00825,0.8073175165233607,0.0291252331029323,12.413670154873031,12.41399301829425,0.0026008361638055,0.025
common_LLI_dLAMn,0.1,0.95,0.00025,reached,0.01325,0.9465585179857215,0.0135,0.9517739005956228,0.0394692560897812,12.413670154873031,12.414198478129912,0.0042558889342416,0.025
common_LLI_dLAMn,0.15,0.8,0.00025,reached,0.0105,0.7971499493891546,0.01075,0.8112688878402208,0.0422127946565788,11.769250516939758,11.769671136005384,0.0035738176270525,0.0249999999999998
common_LLI_dLAMn,0.15,0.95,0.00025,reached,0.0135,0.9435332379048784,0.01375,0.9528700914536604,0.0534555007442212,11.769250516939758,11.769788521663497,0.0045711698158631,0.025
same_LLI_LAMn_trajectory,0.0,0.8,0.00025,reached,0.042,0.7995034423880212,0.04225,0.8016324902799922,0.0356489210529698,13.702507686327175,13.15962781356582,-4.041971069377699,0.025
same_LLI_LAMn_trajectory,0.0,0.95,0.00025,reached,0.06475,0.948821594713027,0.065,0.9500531761922671,0.0470687966722276,13.702507686327175,12.867307535048964,-6.2868344722718925,0.025
same_LLI_LAMn_trajectory,0.05,0.8,0.00025,reached,0.0345,0.7977262415666004,0.03475,0.8002836920649218,0.0343574579608249,13.06004620468209,12.613534820769052,-3.478372444189961,0.025
same_LLI_LAMn_trajectory,0.05,0.95,0.00025,reached,0.054,0.949139378272746,0.05425,0.9506239836730856,0.0448924461248919,13.06004620468209,12.362974286277469,-5.483785206816807,0.025
same_LLI_LAMn_trajectory,0.1,0.8,0.00025,reached,0.03325,0.7979901605799972,0.0335,0.8008868721431096,0.0341225543422215,12.41758364407197,11.98713326635347,-3.5275998430829145,0.025
same_LLI_LAMn_trajectory,0.1,0.95,0.00025,reached,0.04975,0.9484088028627088,0.05,0.9502084169180192,0.044089083934077,12.41758364407197,11.775120280602682,-5.311215856397315,0.025
same_LLI_LAMn_trajectory,0.15,0.8,0.00025,reached,0.031,0.7972021274830052,0.03125,0.8008231881690258,0.0331762424976143,11.775120280602682,11.373580357002952,-3.469222138087683,0.025
same_LLI_LAMn_trajectory,0.15,0.95,0.00025,reached,0.04325,0.9479279250436344,0.0435,0.9504710321804642,0.0428058926875308,11.775120280602682,11.216176649462447,-4.862219237483017,0.025
