common_LLI,dLAMn,M_peak,M_rms,qex_norm,capdiff,Q1,Q2
0.0,0.005,0.4566959548500897,0.015691616428149254,0.0014618053397131233,1.4281851315820258e-05,13.702507686327175,13.702703384902074
0.0,0.01,0.6864772288013083,0.024798733373185788,0.0025815933090824247,2.8563369975013107e-05,13.702507686327175,13.702899081713591
0.0,0.02,0.8730919910307808,0.03419288293346999,0.003752228816007693,5.7125349892457624e-05,13.702507686327175,13.703290469231534
0.0,0.03,0.9395232595065467,0.03929932513286081,0.004824907191572323,8.568580211806486e-05,13.702507686327175,13.703681846993756
0.0,0.05,0.9526465929951228,0.05936030280633014,0.007566206267775958,0.00014280135032292786,13.702507686327175,13.704464562649884
0.1,0.005,0.5568156693528047,0.018355223070805036,0.001514789824069324,1.5762697293455048e-05,12.413670154873031,12.413865829340162
0.1,0.01,0.8919502017118316,0.03259510158157118,0.002818211599768237,3.152522691974249e-05,12.413670154873031,12.414061504810268
0.1,0.02,0.9719070957080074,0.07451810873673102,0.006239337924554616,6.30497204919761e-05,12.413670154873031,12.414452857981182
0.15,0.005,0.6722674346714274,0.02226558275214571,0.0014791264507543413,1.662234086224377e-05,11.769250516939758,11.769446151059492
0.15,0.01,0.9425784063603904,0.04426784366426577,0.0030339264229771253,3.324479966025529e-05,11.769250516939758,11.76964178981924
0.15,0.02,0.9796270261209047,0.08246112486323658,0.006515721822712996,6.648992066672846e-05,11.769250516939758,11.770033079489197

