Direction,C_rate,Graphite_diffusivity,M_peak,M_rms,qex_norm,Peak_recipient_cell,Duration_min
charge,0.5,Constant,0.9988378046224032,0.360148083187381,0.08864814293380291,2,51.81826604869981
charge,0.5,Ecker,0.9986163775190948,0.3500611134276287,0.08504861678966721,2,51.36844182552067
charge,1.0,Constant,0.9895227545293431,0.19295228649429316,0.041070992073357813,2,23.713280460409997
charge,1.0,Ecker,0.985923554772751,0.17634716806032052,0.038045807951928294,2,23.51987897853393
discharge,0.5,Constant,0.9986039039426508,0.1500592999679405,0.08574825529282848,1,119.55405408083166
discharge,0.5,Ecker,0.9997497582899949,0.21934009922637282,0.11425304868359609,1,121.64117183169587
discharge,1.0,Constant,0.797829854845903,0.0812251309724398,0.05580765979089429,1,58.069524674907484
discharge,1.0,Ecker,0.9472685538384144,0.1457771292691098,0.07451733782189704,1,59.89799755174083

