family,background,delta,M_peak,M_rms,peak_recipient,duration_min
same_LLI_LAMn_trajectory,0.05,0.0,1.020505912981428e-10,2.650418044721258e-12,1,21.679351862914686
same_LLI_LAMn_trajectory,0.05,0.00025,0.010372506830401034,0.0003827476656560059,1,21.67928691168699
same_LLI_LAMn_trajectory,0.05,0.0005,0.020738759534211528,0.0007663156998626575,1,21.679204980971765
same_LLI_LAMn_trajectory,0.05,0.00075,0.031099341700321165,0.0011491069844204315,1,21.679105749992015
same_LLI_LAMn_trajectory,0.05,0.001,0.04144599288999377,0.0015319840333901794,1,21.678989403010792
same_LLI_LAMn_trajectory,0.05,0.00125,0.05177088123344697,0.001912164490417547,1,21.67885601663251
same_LLI_LAMn_trajectory,0.05,0.0015,0.06210371391995129,0.002287994146820497,1,21.67870506074316
same_LLI_LAMn_trajectory,0.05,0.00175,0.07238215737904578,0.0026672864032976588,1,21.67853768685777
same_LLI_LAMn_trajectory,0.05,0.002,0.08258187463502556,0.003051244899129031,1,21.67835433882387
same_LLI_LAMn_trajectory,0.05,0.00225,0.09281975594785183,0.003425381078232465,1,21.678152850532033
same_LLI_LAMn_trajectory,0.05,0.0025,0.1029759040991348,0.0038011020911928525,1,21.67793556030043
same_LLI_LAMn_trajectory,0.05,0.00275,0.11307163430488872,0.00417820925371254,1,21.677702161043662
same_LLI_LAMn_trajectory,0.05,0.003,0.1231083838453222,0.004558085635609171,1,21.677452748945996
same_LLI_LAMn_trajectory,0.05,0.00325,0.13308621558049116,0.004929253324233575,1,21.67718737257911
same_LLI_LAMn_trajectory,0.05,0.0035,0.14301937224750028,0.0052984215972369155,1,21.6769058282622
same_LLI_LAMn_trajectory,0.05,0.00375,0.15288111711046695,0.005667603901203653,1,21.67660881417718
same_LLI_LAMn_trajectory,0.05,0.004,0.1626821148050052,0.006033019899397804,1,21.676296173103324
same_LLI_LAMn_trajectory,0.05,0.00425,0.17238597910919015,0.00639692547253818,1,21.675969096703213
same_LLI_LAMn_trajectory,0.05,0.0045,0.18201663492077985,0.006759631572410146,1,21.675627088911995
same_LLI_LAMn_trajectory,0.05,0.00475,0.19158077802082493,0.007121130061382006,1,21.67527003871578
same_LLI_LAMn_trajectory,0.05,0.005,0.20105322687477423,0.007479598348757469,1,21.674898887737978
same_LLI_LAMn_trajectory,0.05,0.00525,0.210428659384321,0.00783422212882086,1,21.674514033868164
same_LLI_LAMn_trajectory,0.05,0.0055,0.21971459774207575,0.00818814257666587,1,21.67411550772984
same_LLI_LAMn_trajectory,0.05,0.00575,0.2288955991082709,0.008549760148401803,1,21.673704008653342
same_LLI_LAMn_trajectory,0.05,0.006,0.23806451627318892,0.008882640232938941,1,21.673275936026986
same_LLI_LAMn_trajectory,0.05,0.00625,0.2470465584900008,0.009231253812846136,1,21.67283877870351
same_LLI_LAMn_trajectory,0.05,0.0065,0.25596731651581206,0.009575049418534145,1,21.672387434138408
same_LLI_LAMn_trajectory,0.05,0.00675,0.2647921889900534,0.00991613558702011,1,21.6719236174443
same_LLI_LAMn_trajectory,0.05,0.007,0.2735336175228403,0.010249009309290947,1,21.671446921797955
same_LLI_LAMn_trajectory,0.05,0.00725,0.2821702184664876,0.010577497590988543,1,21.670958555138903
same_LLI_LAMn_trajectory,0.05,0.0075,0.2907013196793094,0.010912253204782733,1,21.670458921595873
same_LLI_LAMn_trajectory,0.05,0.00775,0.29912636775812096,0.01123969826490474,1,21.669948236080085
same_LLI_LAMn_trajectory,0.05,0.008,0.30743449477089124,0.011569428075906914,1,21.669427421905528
same_LLI_LAMn_trajectory,0.05,0.00825,0.31565217912763943,0.01188778243703993,1,21.668895280466323
same_LLI_LAMn_trajectory,0.05,0.0085,0.3237890806379086,0.012212570674139878,1,21.668351425798246
same_LLI_LAMn_trajectory,0.05,0.00875,0.33181951203448395,0.012524410358809886,1,21.667797605714835
same_LLI_LAMn_trajectory,0.05,0.009,0.3397355995345208,0.012836072287912819,1,21.667234624655592
same_LLI_LAMn_trajectory,0.05,0.00925,0.34754797719311775,0.013144651468109083,1,21.666662101667786
same_LLI_LAMn_trajectory,0.05,0.0095,0.35527829719508663,0.013451735738550399,1,21.666078957317033
same_LLI_LAMn_trajectory,0.05,0.00975,0.3628841342693476,0.013755718930043037,1,21.665488197501045
same_LLI_LAMn_trajectory,0.05,0.01,0.37042530505062715,0.014050909419089284,1,21.664886111103897
same_LLI_LAMn_trajectory,0.05,0.01025,0.3778227116744608,0.014355442181748342,1,21.664278447065627
same_LLI_LAMn_trajectory,0.05,0.0105,0.3851489399917963,0.01465029115364202,1,21.66366034665021
same_LLI_LAMn_trajectory,0.05,0.01075,0.39239452736347663,0.014940362472723841,1,21.663032741269102
same_LLI_LAMn_trajectory,0.05,0.011,0.3994886965886846,0.015240793553534037,1,21.662401420778902
same_LLI_LAMn_trajectory,0.05,0.01125,0.40655840451058634,0.015516376740053649,1,21.661756506439055
same_LLI_LAMn_trajectory,0.05,0.0115,0.41349751593843825,0.015799508787064,1,21.661106948443297
same_LLI_LAMn_trajectory,0.05,0.01175,0.4203369296220859,0.01607876330066011,1,21.660450517265566
same_LLI_LAMn_trajectory,0.05,0.012,0.427067140087129,0.01636427710363774,1,21.659788356202167
same_LLI_LAMn_trajectory,0.05,0.01225,0.43376366269371236,0.016627637078037463,1,21.6591141662084
same_LLI_LAMn_trajectory,0.05,0.0125,0.44033806123714553,0.016903804148287696,1,21.658435975532026
same_LLI_LAMn_trajectory,0.05,0.01275,0.4468222938067981,0.01716870768616967,1,21.65775126034974
same_LLI_LAMn_trajectory,0.05,0.013,0.45322006588893854,0.017435177520955396,1,21.657059989577963
same_LLI_LAMn_trajectory,0.05,0.01325,0.4595320453610255,0.01769894928011338,1,21.65636237618127
same_LLI_LAMn_trajectory,0.05,0.0135,0.4657627174398629,0.01796715612791586,1,21.655658129779457
same_LLI_LAMn_trajectory,0.05,0.01375,0.47188634626733356,0.01823421410232614,1,21.65495051284904
same_LLI_LAMn_trajectory,0.05,0.014,0.4779570811741101,0.018486473319667202,1,21.654233961881896
same_LLI_LAMn_trajectory,0.05,0.01425,0.4839459435874518,0.018733062391356387,1,21.653511781893897
same_LLI_LAMn_trajectory,0.05,0.0145,0.4898626526141157,0.018982048531361827,1,21.652783267244043
same_LLI_LAMn_trajectory,0.05,0.01475,0.4956893405488097,0.019229531295814443,1,21.652050534975384
same_LLI_LAMn_trajectory,0.05,0.015,0.5014179410850417,0.01947348864858721,1,21.65131492576264
same_LLI_LAMn_trajectory,0.05,0.01525,0.5071110092737176,0.019713154240909747,1,21.65056957007603
same_LLI_LAMn_trajectory,0.05,0.0155,0.5127100202026186,0.01995422731248404,1,21.649821420030776
same_LLI_LAMn_trajectory,0.05,0.01575,0.5182341494895679,0.0201924199403692,1,21.649068586040453
same_LLI_LAMn_trajectory,0.05,0.016,0.5236858207503283,0.020428036194511237,1,21.64831102641137
same_LLI_LAMn_trajectory,0.05,0.01625,0.5290681708977178,0.020661934474845458,1,21.647548618541048
same_LLI_LAMn_trajectory,0.05,0.0165,0.534406376856935,0.020887286890092012,1,21.6467784875702
same_LLI_LAMn_trajectory,0.05,0.01675,0.5396452548077285,0.02112070165435266,1,21.646007731466902
same_LLI_LAMn_trajectory,0.05,0.017,0.5448016037398002,0.021353740648029147,1,21.645234576917805
same_LLI_LAMn_trajectory,0.05,0.01725,0.5499244020989539,0.021577910111081695,1,21.644453063474998
same_LLI_LAMn_trajectory,0.05,0.0175,0.5549386472714322,0.021811523984891727,1,21.643673293941454
same_LLI_LAMn_trajectory,0.05,0.01775,0.5599726129174958,0.022017959431505543,1,21.64287800142716
same_LLI_LAMn_trajectory,0.05,0.018,0.56489377504417,0.02224300146555256,1,21.642085655846277
same_LLI_LAMn_trajectory,0.05,0.01825,0.5697690555144221,0.022459953107935915,1,21.641287192522007
same_LLI_LAMn_trajectory,0.05,0.0185,0.5745874241938584,0.02266844156872732,1,21.640484405393252
same_LLI_LAMn_trajectory,0.05,0.01875,0.5793406449388927,0.022879839425007237,1,21.639678615653942
same_LLI_LAMn_trajectory,0.05,0.019,0.5840043155887129,0.023105912710296675,1,21.638873704041362
same_LLI_LAMn_trajectory,0.05,0.01925,0.5886400844483899,0.02331900982711641,1,21.638060944535034
same_LLI_LAMn_trajectory,0.05,0.0195,0.5932224220241172,0.02352837960570662,1,21.637244190315574
same_LLI_LAMn_trajectory,0.05,0.01975,0.5977520857582299,0.02373585316837295,1,21.636423542011862
same_LLI_LAMn_trajectory,0.05,0.02,0.6022420180876705,0.02393483201455769,1,21.635597179463733
same_LLI_LAMn_trajectory,0.05,0.02025,0.6066557651898636,0.024145946878706307,1,21.63477104522965
same_LLI_LAMn_trajectory,0.05,0.0205,0.6110614720721256,0.024338738055509485,1,21.633934255085492
same_LLI_LAMn_trajectory,0.05,0.02075,0.6153798630622136,0.02454010777715378,1,21.63310019186032
same_LLI_LAMn_trajectory,0.05,0.021,0.6196425589199727,0.02474761341199096,1,21.632263735951955
same_LLI_LAMn_trajectory,0.05,0.02125,0.6238690189067677,0.024946726928258677,1,21.631421917247753
same_LLI_LAMn_trajectory,0.05,0.0215,0.6280828410517706,0.025134092787365666,1,21.630570497931977
same_LLI_LAMn_trajectory,0.05,0.02175,0.6321611938575147,0.02535470799714656,1,21.6297315983404
same_LLI_LAMn_trajectory,0.05,0.022,0.6362541811716064,0.02554513409113281,1,21.628878686657238
same_LLI_LAMn_trajectory,0.05,0.02225,0.6403051853759147,0.025748524956477743,1,21.628022032744084
same_LLI_LAMn_trajectory,0.05,0.0225,0.6443131394637781,0.02594144871257704,1,21.627161860287174
same_LLI_LAMn_trajectory,0.05,0.02275,0.6482788354774812,0.026119102456270114,1,21.62629825589534
same_LLI_LAMn_trajectory,0.05,0.023,0.6522500595910932,0.026296435681334326,1,21.6254221978407
same_LLI_LAMn_trajectory,0.05,0.02325,0.6561373080308187,0.026483573809752876,1,21.62455143433139
same_LLI_LAMn_trajectory,0.05,0.0235,0.6599773582437073,0.026674395994509,1,21.623678245043802
same_LLI_LAMn_trajectory,0.05,0.02375,0.663802439427217,0.02685358108674913,1,21.62279638455686
same_LLI_LAMn_trajectory,0.05,0.024,0.6675676800098852,0.027031691957491957,1,21.62191652752381
same_LLI_LAMn_trajectory,0.05,0.02425,0.6712735311122222,0.02723261429857473,1,21.621036466175003
same_LLI_LAMn_trajectory,0.05,0.0245,0.6749817784055399,0.027410325840846145,1,21.620145648703435
same_LLI_LAMn_trajectory,0.05,0.02475,0.6786343590742159,0.027592904768867985,1,21.619255471754364
same_LLI_LAMn_trajectory,0.05,0.025,0.6822257097273791,0.027798267536124847,1,21.618367144166697
same_LLI_LAMn_trajectory,0.05,0.02525,0.6858408287849824,0.027960623198884763,1,21.617463680149687
same_LLI_LAMn_trajectory,0.05,0.0255,0.6893539850364153,0.028159958418020357,1,21.616571201583934
same_LLI_LAMn_trajectory,0.05,0.02575,0.6929076968169511,0.028319839495571795,1,21.615659047555642
same_LLI_LAMn_trajectory,0.05,0.026,0.6963803188242449,0.02850655575334057,1,21.61475411133045
same_LLI_LAMn_trajectory,0.05,0.02625,0.6998167706872732,0.02868918340456312,1,21.613846658139206
same_LLI_LAMn_trajectory,0.05,0.0265,0.7032287848925568,0.028875606102636533,1,21.612934419337613
same_LLI_LAMn_trajectory,0.05,0.027,0.7099669060959422,0.029222723432529785,1,21.61109815529819
same_LLI_LAMn_trajectory,0.05,0.02725,0.7133007545495941,0.029392483898834157,1,21.61017290209714
same_LLI_LAMn_trajectory,0.05,0.02675,0.7066261771778536,0.029046684105691147,1,21.61201492478116
same_LLI_LAMn_trajectory,0.05,0.0275,0.7165870004716224,0.02957662818451478,1,21.609248158806242
same_LLI_LAMn_trajectory,0.05,0.02775,0.719848439366018,0.029743546064104846,1,21.60831953616969
same_LLI_LAMn_trajectory,0.05,0.028,0.7230749201185034,0.029918561772161685,1,21.60738927186218
same_LLI_LAMn_trajectory,0.05,0.02825,0.7262466517812063,0.03010833512344882,1,21.606461821958593
same_LLI_LAMn_trajectory,0.05,0.0285,0.7294431918309374,0.03026567862261374,1,21.605518527806513
same_LLI_LAMn_trajectory,0.05,0.02875,0.7325784378025556,0.030445154545091363,1,21.604579702186548
same_LLI_LAMn_trajectory,0.05,0.02925,0.7387888755297699,0.03078314362481154,1,21.602688879783738
same_LLI_LAMn_trajectory,0.05,0.029,0.7357246992073362,0.03059678113297813,1,21.603629064837016
same_LLI_LAMn_trajectory,0.05,0.02975,0.7448793577160856,0.03112066385308084,1,21.600789050736203
same_LLI_LAMn_trajectory,0.05,0.0295,0.7418484232412365,0.03095388324040768,1,21.601740037906982
same_LLI_LAMn_trajectory,0.05,0.03,0.747864851796491,0.03129794783704029,1,21.599839877485504
same_LLI_LAMn_trajectory,0.05,0.03025,0.7508420086335234,0.03146300478930421,1,21.598884000368027
same_LLI_LAMn_trajectory,0.05,0.0305,0.7537988373320285,0.031627859811839173,1,21.597923259239312
same_LLI_LAMn_trajectory,0.05,0.031,0.7596359491774244,0.03195783138971148,1,21.59599372699325
same_LLI_LAMn_trajectory,0.05,0.03075,0.7567175730589989,0.031795426855530544,1,21.59696358646006
same_LLI_LAMn_trajectory,0.05,0.03125,0.7624531883702144,0.032151990181434116,1,21.59504285630695
same_LLI_LAMn_trajectory,0.05,0.0315,0.7653690073211594,0.032280961037847236,1,21.594055283439626
same_LLI_LAMn_trajectory,0.05,0.032,0.7709834889593109,0.03260662431218669,1,21.592112739293842
same_LLI_LAMn_trajectory,0.05,0.03175,0.7681794542914052,0.032455376857738666,1,21.593088053074375
same_LLI_LAMn_trajectory,0.05,0.0325,0.7765223410741382,0.03292949183449982,1,21.590154591051302
same_LLI_LAMn_trajectory,0.05,0.03225,0.7737627536632972,0.03278474909240961,1,21.59113580895661
same_LLI_LAMn_trajectory,0.05,0.033,0.7819176684803718,0.03329088497490911,1,21.588201673486846
same_LLI_LAMn_trajectory,0.05,0.03275,0.7792506606834196,0.03310380530610935,1,21.589173946429444
same_LLI_LAMn_trajectory,0.05,0.03325,0.7846376999883745,0.03340086513029473,1,21.587206638951454
same_LLI_LAMn_trajectory,0.05,0.0335,0.7872991180844802,0.03358031130624423,1,21.586217918972302
same_LLI_LAMn_trajectory,0.05,0.03375,0.7899256951470958,0.033732115965206734,1,21.585231586102292
same_LLI_LAMn_trajectory,0.05,0.034,0.7925532858274986,0.03389515650203354,1,21.584235405609856
same_LLI_LAMn_trajectory,0.05,0.03425,0.7951517733836192,0.034048039313460544,1,21.58324016330044
same_LLI_LAMn_trajectory,0.05,0.035,0.8027856289599005,0.03450199029034513,1,21.580253398159922
same_LLI_LAMn_trajectory,0.05,0.0345,0.7977262415666004,0.034199894070543704,1,21.582243536432774
same_LLI_LAMn_trajectory,0.05,0.03475,0.8002836920649218,0.03435745796082497,1,21.581243626744303
same_LLI_LAMn_trajectory,0.05,0.03525,0.8052962830825008,0.03468522735019073,1,21.579250114787026
same_LLI_LAMn_trajectory,0.05,0.0355,0.8078185792191998,0.03482014438484489,1,21.57823557046509
same_LLI_LAMn_trajectory,0.05,0.03575,0.8102865293307988,0.03495574234173316,1,21.577230421426243
same_LLI_LAMn_trajectory,0.05,0.036,0.8127089069701554,0.03513611650795815,1,21.576231005964804
same_LLI_LAMn_trajectory,0.05,0.03625,0.8151701661072465,0.035257243255668744,1,21.575211217246647
same_LLI_LAMn_trajectory,0.05,0.0365,0.8175463442731783,0.03544787383601726,1,21.574210386488573
same_LLI_LAMn_trajectory,0.05,0.03675,0.8199573807610151,0.03557017408206931,1,21.573190874193465
same_LLI_LAMn_trajectory,0.05,0.037,0.8223443276121836,0.03570280115683851,1,21.572171198440873
same_LLI_LAMn_trajectory,0.05,0.03725,0.8246857476101371,0.035866699185552416,1,21.571158255687404
same_LLI_LAMn_trajectory,0.05,0.03775,0.8293400020367421,0.03615866849635066,1,21.569119009283103
same_LLI_LAMn_trajectory,0.05,0.0375,0.8270088757853957,0.03601974576541966,1,21.570144155017317
same_LLI_LAMn_trajectory,0.05,0.038,0.8316117180373489,0.03631973631169653,1,21.5681072782388
same_LLI_LAMn_trajectory,0.05,0.03875,0.8383877149982225,0.036728409691731426,1,21.56503863929762
same_LLI_LAMn_trajectory,0.05,0.0385,0.8361589704679498,0.03661311941080971,1,21.566058448889976
same_LLI_LAMn_trajectory,0.05,0.03825,0.8338932399276497,0.03646686330415025,1,21.567084001986984
same_LLI_LAMn_trajectory,0.05,0.03925,0.8428824114985,0.037012784706738425,1,21.562961755028088
same_LLI_LAMn_trajectory,0.05,0.039,0.8406622496353908,0.036862410901352165,1,21.563993934045588
same_LLI_LAMn_trajectory,0.05,0.0395,0.8450615437880716,0.03715684005936457,1,21.56193698836896
same_LLI_LAMn_trajectory,0.05,0.03975,0.8472340903996878,0.037286799127334194,1,21.560906795386057
same_LLI_LAMn_trajectory,0.05,0.04,0.8493854703363323,0.03744410324751646,1,21.55987788944901
same_LLI_LAMn_trajectory,0.05,0.04025,0.851525595189553,0.037581256732536386,1,21.558844975322806
same_LLI_LAMn_trajectory,0.05,0.0405,0.8536261915880408,0.03772830306923568,1,21.557820186197258
same_LLI_LAMn_trajectory,0.05,0.04075,0.8557730296434776,0.037856086667859216,1,21.556771027092633
same_LLI_LAMn_trajectory,0.05,0.041,0.8578644746512445,0.0379929520303401,1,21.55573452451023
same_LLI_LAMn_trajectory,0.05,0.04125,0.8599767214495516,0.038116487319676005,1,21.55468382273091
same_LLI_LAMn_trajectory,0.05,0.0415,0.8620216186502273,0.03825182996555586,1,21.55365131232569
same_LLI_LAMn_trajectory,0.05,0.04175,0.8640724543943643,0.03839856447887627,1,21.552610060392627
same_LLI_LAMn_trajectory,0.05,0.042,0.866115089366368,0.038519347049805176,1,21.55156476826887
same_LLI_LAMn_trajectory,0.05,0.0425,0.8701316307895901,0.03880786813690171,1,21.54948160013763
same_LLI_LAMn_trajectory,0.05,0.04275,0.8721440315341674,0.038921333553755356,1,21.548427957852205
same_LLI_LAMn_trajectory,0.05,0.04225,0.8681287581673133,0.03867149355783536,1,21.550524863297078
same_LLI_LAMn_trajectory,0.05,0.043,0.8741110445215069,0.03906881884341363,1,21.547385344365697
same_LLI_LAMn_trajectory,0.05,0.04325,0.876060292562929,0.03919887791268514,1,21.546344329188273
same_LLI_LAMn_trajectory,0.05,0.0435,0.8779973622512725,0.039337886253122754,1,21.545301239321198
same_LLI_LAMn_trajectory,0.05,0.04375,0.8799475411101486,0.03945406463239929,1,21.544245394189385
same_LLI_LAMn_trajectory,0.05,0.044,0.8818900123706438,0.03957633639659125,1,21.543187446167472
same_LLI_LAMn_trajectory,0.05,0.04425,0.8837757774465167,0.03973107623663899,1,21.542146428437015
same_LLI_LAMn_trajectory,0.05,0.04475,0.8875511390398187,0.03998394288315022,1,21.540042907599496
same_LLI_LAMn_trajectory,0.05,0.0445,0.8856581579086343,0.03985989846153748,1,21.541099456419406
same_LLI_LAMn_trajectory,0.05,0.045,0.8894431621792868,0.04009853602857051,1,21.538979562198563
same_LLI_LAMn_trajectory,0.05,0.0455,0.8931189802323378,0.04038897989514318,1,21.536881400724358
same_LLI_LAMn_trajectory,0.05,0.04525,0.8912587410625289,0.04026899523482713,1,21.537942481162435
same_LLI_LAMn_trajectory,0.05,0.04575,0.8949337354769913,0.04051027147947464,1,21.535832953119513
same_LLI_LAMn_trajectory,0.05,0.046,0.8967862941823272,0.04063119209326439,1,21.534761313401837
same_LLI_LAMn_trajectory,0.05,0.0465,0.9003996324674217,0.04085711369780216,1,21.532641264766703
same_LLI_LAMn_trajectory,0.05,0.04675,0.9021562623236469,0.041013616940360105,1,21.531594404296843
same_LLI_LAMn_trajectory,0.05,0.04625,0.8985624874327939,0.040776483080742804,1,21.533717887336444
same_LLI_LAMn_trajectory,0.05,0.047,0.903912951042435,0.04116753886478161,1,21.53054196356259
same_LLI_LAMn_trajectory,0.05,0.04775,0.9091583083249409,0.04154943650253193,1,21.527359855645383
same_LLI_LAMn_trajectory,0.05,0.04725,0.9056768915784084,0.041292232940155396,1,21.52947985020473
same_LLI_LAMn_trajectory,0.05,0.0475,0.9074407778976825,0.04140735808772391,1,21.528412608376552
same_LLI_LAMn_trajectory,0.05,0.048,0.9108802466916616,0.041679227596732676,1,21.526299876325037
same_LLI_LAMn_trajectory,0.05,0.04825,0.9125896046160938,0.04180913540363255,1,21.525240063050646
same_LLI_LAMn_trajectory,0.05,0.04875,0.9159759551995452,0.04206864526087792,1,21.52311875029443
same_LLI_LAMn_trajectory,0.05,0.0485,0.9142641590199982,0.041953891993360436,1,21.52419066309286
same_LLI_LAMn_trajectory,0.05,0.049,0.9176521433811098,0.04219856345208417,1,21.5220577322909
same_LLI_LAMn_trajectory,0.05,0.04925,0.9193495138837746,0.042304524194120875,1,21.520981270257188
same_LLI_LAMn_trajectory,0.05,0.04975,0.9226417485479266,0.04257287417185692,1,21.518860265620557
same_LLI_LAMn_trajectory,0.05,0.0495,0.9210097724359906,0.04243315104784197,1,21.519916954615805
same_LLI_LAMn_trajectory,0.05,0.05,0.92428014615571,0.04270022557956895,1,21.517795995630856
same_LLI_LAMn_trajectory,0.05,0.05025,0.9258901729808551,0.04283995144824954,1,21.51673965314027
same_LLI_LAMn_trajectory,0.05,0.0505,0.9275321354270567,0.04294622905299975,1,21.51566341811397
same_LLI_LAMn_trajectory,0.05,0.05075,0.9290910513714405,0.04309625517380637,1,21.51462017864646
same_LLI_LAMn_trajectory,0.05,0.05125,0.9322838792147182,0.043352006004789626,1,21.512485542294222
same_LLI_LAMn_trajectory,0.05,0.051,0.930714680680403,0.043218643783399846,1,21.513543268917612
same_LLI_LAMn_trajectory,0.05,0.0515,0.9338694030857445,0.04348563449924407,1,21.511416696336195
same_LLI_LAMn_trajectory,0.05,0.05175,0.9354404582233428,0.04359311381284881,1,21.510348593901465
same_LLI_LAMn_trajectory,0.05,0.052,0.9369860239606924,0.04374082533961352,1,21.50928853454798
same_LLI_LAMn_trajectory,0.05,0.05225,0.9385423101436695,0.04385805430194424,1,21.508218651648026
same_LLI_LAMn_trajectory,0.05,0.0525,0.9401110699652268,0.04397441253857852,1,21.507137378469153
same_LLI_LAMn_trajectory,0.05,0.05275,0.941605582940243,0.04412953988536074,1,21.506088269771507
same_LLI_LAMn_trajectory,0.05,0.053,0.9431388549779033,0.04425971352399686,1,21.505014869322466
same_LLI_LAMn_trajectory,0.05,0.05375,0.947684763881565,0.044630616713117584,1,21.501796938438712
same_LLI_LAMn_trajectory,0.05,0.0535,0.9461227147465476,0.044533403925469395,1,21.502897703111504
same_LLI_LAMn_trajectory,0.05,0.05325,0.9446687403144407,0.04438153041205144,1,21.50393979775737
same_LLI_LAMn_trajectory,0.05,0.054,0.949139378272746,0.04476772078775418,1,21.500744708658853
same_LLI_LAMn_trajectory,0.05,0.05425,0.9506239836730856,0.04489244612489191,1,21.499673436049132
same_LLI_LAMn_trajectory,0.05,0.0545,0.9520865952267542,0.04502560582550157,1,21.49860931652295
same_LLI_LAMn_trajectory,0.05,0.05475,0.9535397194928752,0.045158635719451966,1,21.4975454914253
same_LLI_LAMn_trajectory,0.05,0.055,0.9549828992796172,0.04529270690270755,1,21.496482757945497
same_LLI_LAMn_trajectory,0.05,0.05525,0.9563941269679366,0.045447542382220686,1,21.49543284865504
same_LLI_LAMn_trajectory,0.05,0.0555,0.9578608075146665,0.04557335628970391,1,21.4943501564732
same_LLI_LAMn_trajectory,0.05,0.05575,0.9592411778611254,0.045718720667391494,1,21.49330720467689
same_LLI_LAMn_trajectory,0.05,0.056,0.9606491557122357,0.04585618250059135,1,21.49224640494426
same_LLI_LAMn_trajectory,0.05,0.05625,0.9620558334800212,0.04599249958264385,1,21.49118223062862
same_LLI_LAMn_trajectory,0.05,0.05675,0.964828561835948,0.04626863961289713,1,21.489063220171882
same_LLI_LAMn_trajectory,0.05,0.0565,0.963447767065889,0.046130639248572004,1,21.490121862210426
same_LLI_LAMn_trajectory,0.05,0.057,0.9662008496860832,0.0464084322019084,1,21.488005564785755
same_LLI_LAMn_trajectory,0.05,0.05725,0.9675767061269035,0.04654579679597111,1,21.4869420185567
same_LLI_LAMn_trajectory,0.05,0.058,0.971640030535624,0.04695290999777959,1,21.483764082241645
same_LLI_LAMn_trajectory,0.05,0.0575,0.9689852682113878,0.04665252196013987,1,21.485857825235307
same_LLI_LAMn_trajectory,0.05,0.05775,0.9703044556892204,0.046800942423608625,1,21.484816579056584
same_LLI_LAMn_trajectory,0.05,0.05825,0.972972167370294,0.047086510460719835,1,21.48270944474091
same_LLI_LAMn_trajectory,0.05,0.0585,0.974290893176408,0.04722123202663174,1,21.481658358168673
same_LLI_LAMn_trajectory,0.05,0.05875,0.9755907734955482,0.04736827944017796,1,21.480614501100675
same_LLI_LAMn_trajectory,0.05,0.059,0.9768732341828975,0.04751832429425161,1,21.47957662569238
same_LLI_LAMn_trajectory,0.05,0.05925,0.9781431595791233,0.0476701643798737,1,21.478542386184962
same_LLI_LAMn_trajectory,0.05,0.0595,0.9793910043629358,0.047826272633264943,1,21.477517035826203
same_LLI_LAMn_trajectory,0.05,0.06,0.9818522279834313,0.04814457135181825,1,21.475476221634654
same_LLI_LAMn_trajectory,0.05,0.05975,0.9806212228042294,0.04798552599889693,1,21.476498258669572
same_LLI_LAMn_trajectory,0.05,0.06025,0.9830498271834045,0.04830953975602122,1,21.474469699384272
same_LLI_LAMn_trajectory,0.05,0.06075,0.9853471561507123,0.04866596480899743,1,21.472501664770856
same_LLI_LAMn_trajectory,0.05,0.0605,0.9842188500789549,0.04847258636600652,1,21.47347525065705
same_LLI_LAMn_trajectory,0.05,0.061,0.9864716785390951,0.048846086770452726,1,21.47152743842035
same_LLI_LAMn_trajectory,0.05,0.06125,0.9875657851153772,0.04902228692462287,1,21.47056742095076
same_LLI_LAMn_trajectory,0.05,0.06175,0.9896561282663677,0.04942238759152709,1,21.468696770759458
same_LLI_LAMn_trajectory,0.05,0.0615,0.9886093194610437,0.04923753386544936,1,21.46963419866916
same_LLI_LAMn_trajectory,0.05,0.062,0.9906252749980615,0.04964942345821712,1,21.467800256351328
same_LLI_LAMn_trajectory,0.05,0.06225,0.9916102173879179,0.04982883867992819,1,21.466891445440158
same_LLI_LAMn_trajectory,0.05,0.0625,0.9924857838402003,0.050088869356517934,1,21.466044681635005
same_LLI_LAMn_trajectory,0.05,0.063,0.9941373997837509,0.050588330585947014,1,21.464403319264115
same_LLI_LAMn_trajectory,0.05,0.06325,0.9949049675909483,0.05084431007202094,1,21.463613460880442
same_LLI_LAMn_trajectory,0.05,0.06275,0.9933143676408993,0.05033127728014764,1,21.465222324690572
same_LLI_LAMn_trajectory,0.05,0.0635,0.9956233536036635,0.05111700658214325,1,21.46285048883544
same_LLI_LAMn_trajectory,0.05,0.064,0.9969908366331426,0.05165361849277682,1,21.46135993806969
same_LLI_LAMn_trajectory,0.05,0.06375,0.9963225532193277,0.05139036026106651,1,21.46209625429549
same_LLI_LAMn_trajectory,0.05,0.06425,0.997565015224301,0.051959155627568795,1,21.460677664942285
same_LLI_LAMn_trajectory,0.05,0.0645,0.9980437135592242,0.05228150169984108,1,21.46004977309463
same_LLI_LAMn_trajectory,0.05,0.065,0.9987453726137894,0.05302475516651756,1,21.458943744598784
same_LLI_LAMn_trajectory,0.05,0.06475,0.9984319200304557,0.052631224139626835,1,21.459474134953016
same_LLI_LAMn_trajectory,0.05,0.06525,0.99897982947058,0.0533831194806643,1,21.458455933126864
same_LLI_LAMn_trajectory,0.05,0.0655,0.9991863122517527,0.05379877964475511,1,21.45798965607308
same_LLI_LAMn_trajectory,0.05,0.06575,0.999366998388756,0.05418535995862742,1,21.457535978460555
same_LLI_LAMn_trajectory,0.05,0.066,0.9995121873643863,0.05456682397551874,1,21.45710500295046
same_LLI_LAMn_trajectory,0.05,0.06625,0.9996171411481816,0.05497504707753875,1,21.456699718691784
same_LLI_LAMn_trajectory,0.05,0.0665,0.9997119346098353,0.055392991945888814,1,21.456303313359587
same_LLI_LAMn_trajectory,0.05,0.067,0.999830884114069,0.056218464095753345,1,21.455553959255077
same_LLI_LAMn_trajectory,0.05,0.06675,0.9997715490837498,0.05580696602707482,1,21.45592759952549
same_LLI_LAMn_trajectory,0.05,0.06725,0.9999069256739349,0.056639927815428724,1,21.455172311216717
same_LLI_LAMn_trajectory,0.05,0.0675,0.9998880629175193,0.057065665675228236,1,21.454848417235663
same_LLI_LAMn_trajectory,0.05,0.06775,0.999835015014603,0.057488074914979426,1,21.45454685544942
same_LLI_LAMn_trajectory,0.05,0.06825,0.9999709739571782,0.058285005079067344,1,21.453804991566628
same_LLI_LAMn_trajectory,0.05,0.068,0.9999729164376887,0.057873947969229934,1,21.454134083390695
same_LLI_LAMn_trajectory,0.05,0.0685,0.9999709389237822,0.058687748153288706,1,21.453477752261417
same_LLI_LAMn_trajectory,0.05,0.069,0.999965134425656,0.05952195445984857,1,21.452834327237607
same_LLI_LAMn_trajectory,0.05,0.06925,0.9999882398676883,0.059922598172619856,1,21.452500342917695
same_LLI_LAMn_trajectory,0.05,0.06875,0.9999909775000533,0.059112208497127304,1,21.453141109836803
same_LLI_LAMn_trajectory,0.05,0.0695,0.9999976334549221,0.06034752354066049,1,21.4521765183951
same_LLI_LAMn_trajectory,0.05,0.06975,0.9999999553426067,0.060730901576884405,1,21.45185791722328
same_LLI_LAMn_trajectory,0.05,0.07,0.9999985043919531,0.06114028694111551,1,21.451544518942065
