time_s,voltage_V,current1_Am2,current2_Am2
0.0,3.366024432570516,13.05056999641998,13.067565546214794
0.07906855993348062,3.3660266564611008,13.050580180072037,13.067555362562738
0.8697541592682868,3.3660489677771555,13.050682741153649,13.067452801481126
4.469754159268287,3.3661522290735637,13.051166537200386,13.06696900543439
8.069754159268287,3.3662582806488404,13.051678468459821,13.066457074174954
11.669754159268287,3.3663671758386604,13.052219249936815,13.06591629269796
15.269754159268286,3.366478968326578,13.052789594236598,13.065345948398177
18.869754159268286,3.3665937120985,13.053390209911566,13.06474533272321
22.469754159268287,3.3667114613934563,13.054021799690796,13.064113742943979
26.06975415926829,3.3668322706504994,13.054685058584742,13.063450484050033
29.66975415926829,3.366956194451541,13.055380671866024,13.062754870768751
33.26975415926829,3.3670832874599657,13.056109312918965,13.06202622971581
36.86975415926829,3.367213604354809,13.056871640954391,13.061263901680384
40.46975415926829,3.367347199760348,13.057668298588965,13.06046724404581
44.06975415926829,3.367484128170869,13.058499909282524,13.05963563335225
47.669754159268294,3.3676244438704757,13.059367074633862,13.058768468000913
51.269754159268295,3.3677682008476815,13.060270371530121,13.057865171104654
54.8697541592683,3.367915452704655,13.06121034914902,13.056925193485755
58.4697541592683,3.3680662525608795,13.06218752581204,13.055948016822734
62.0697541592683,3.368220652951053,13.063202385688097,13.054933156946678
65.6697541592683,3.3683787057170487,13.064255375346152,13.053880167288623
69.26975415926829,3.3685404618937205,13.065346900158845,13.05278864247593
72.86975415926828,3.3687059715884042,13.06647732055622,13.051658222078554
76.46975415926828,3.368875283853919,13.067646948133001,13.050488594501774
80.06975415926827,3.369048446554902,13.068856041610735,13.04927950102404
83.66975415926827,3.3692255062273255,13.070104802660325,13.04803073997445
87.26975415926826,3.3694065079310356,13.071393371587082,13.046742171047693
90.86975415926825,3.3695914950951793,13.072721822885738,13.045413719749037
94.46975415926825,3.3697805093564077,13.074090160672021,13.044045381962754
98.06975415926824,3.3699735903897317,13.075498313999725,13.04263722863505
101.66975415926824,3.3701707757319497,13.076946132070548,13.041189410564227
105.26975415926823,3.370372100597596,13.078433379350326,13.03970216328445
108.86975415926823,3.3705775976873382,13.079959730601214,13.038175812033561
112.46975415926822,3.370787296988835,13.081524765847972,13.036610776786803
116.06975415926821,3.3710012255700548,13.083127965288298,13.035007577346477
119.66975415926821,3.371219407365108,13.084768704169404,13.033366838465371
123.2697541592682,3.3714418629526723,13.086446247647881,13.031689294986894
126.8697541592682,3.3716686093271355,13.088159745652636,13.02997579698214
130.4697541592682,3.3718996596626245,13.08990822777537,13.028227314859405
134.0697541592682,3.3721350230701272,13.091690598212796,13.026444944421979
137.6697541592682,3.3723747043479806,13.09350563078516,13.024629911849615
141.2697541592682,3.3726187037260313,13.095351964062862,13.022783578571913
144.86975415926818,3.3728670166038617,13.097228096627314,13.020907446007461
148.46975415926818,3.373119633283514,13.09913238250179,13.019003160132986
152.06975415926817,3.3733765386972148,13.101063026783748,13.017072515851027
155.66975415926817,3.3736377121306984,13.103018081516064,13.015117461118711
159.26975415926816,3.3739031269427726,13.104995441832937,13.013140100801838
162.86975415926815,3.374172750281871,13.106992842421729,13.011142700213046
166.46975415926815,3.3744465428004067,13.109007854340774,13.009127688294
170.06975415926814,3.3747244583678593,13.111037882233454,13.007097660401321
173.66975415926814,3.375006443783569,13.113080161984605,13.00505538065017
177.26975415926813,3.3752924384903786,13.115131758863228,13.003003783771547
180.86975415926813,3.375582374290286,13.117189566194668,13.000945976440107
184.46975415926812,3.375876175063447,13.119250304611855,12.99888523802292
188.06975415926811,3.376173756491918,13.121310521930093,12.996825020704682
191.6697541592681,3.3764750257896683,13.123366593690472,12.994768948944303
195.2697541592681,3.3767798814404952,13.12541472442397,12.992720818210804
198.8697541592681,3.3770882129455715,13.12745094967573,12.990684592959045
202.4697541592681,3.37739990058249,13.129471138839996,12.988664403794779
206.0697541592681,3.377714815177764,13.131470998848208,12.986664543786567
209.66975415926808,3.378032817894843,13.133446078752156,12.984689463882619
213.26975415926807,3.378353760039834,13.135391775246084,12.98274376738869
216.86975415926807,3.378677482887194,13.137303339163893,12.980832203470882
220.46975415926806,3.379003817527778,13.139175882989639,12.978959659645136
224.06975415926806,3.379332584741682,13.141004389412998,12.977131153221777
227.66975415926805,3.3796635948984473,13.14278372096275,12.975351821672024
231.26975415926805,3.3799966478872094,13.144508630739978,12.973626911894797
234.86975415926804,3.3803315330794828,13.146173774277788,12.971961768356987
238.46975415926804,3.380668029327274,13.147773722541952,12.970361820092823
242.06975415926803,3.381005904999271,13.149302976085204,12.96883256654957
245.66975415926802,3.3813449180578563,13.150755980365041,12.967379562269734
249.26975415926802,3.3816848161796607,13.152127142223405,12.96600840041137
252.869754159268,3.3820253369224043,13.153410847526445,12.96472469510833
256.469754159268,3.3823662079406143,13.154601479953126,12.96353406268165
260.06975415926803,3.3827071472528294,13.155693440915131,12.962442101719644
263.66975415926805,3.3830478635627,13.156681170584262,12.961454372050513
267.2697541592681,3.3833880566363232,13.1575591699977,12.960576372637075
270.8697541592681,3.3837274177379006,13.158322024201576,12.959813518433199
274.4697541592681,3.384065630125668,13.158964426387387,12.959171116247388
278.06975415926814,3.3844023696097443,13.159481202968397,12.958654339666378
281.66975415926817,3.384737305173289,13.159867339534319,12.958268203100456
285.2697541592682,3.38507009965803,13.160118007614427,12.958017535020348
288.8697541592682,3.3854004105148534,13.160228592173402,12.957906950461373
292.46975415926823,3.385727890619767,13.160194719751571,12.957940822883204
296.06975415926826,3.38605218915508,13.160012287156274,12.958123255478501
299.6697541592683,3.386372952555195,13.159677490600279,12.958458052034496
303.2697541592683,3.3866898255158713,13.15918685517633,12.958948687458445
306.8697541592683,3.3870024520652846,13.158537264543968,12.959598278090807
310.46975415926835,3.3873104766946254,13.157725990698841,12.960409551935934
314.06975415926837,3.3876135455453653,13.156750723684496,12.961384818950279
317.6697541592684,3.3879113076497083,13.155609601094737,12.962525941540038
321.2697541592684,3.388203416220049,13.154301237206576,12.963834305428199
324.86975415926844,3.3884895299826674,13.152824751571593,12.965310791063182
328.46975415926846,3.3887693145501436,13.15117979688766,12.966955745747114
332.0697541592685,3.3890424438263533,13.149366585952597,12.968768956682178
335.6697541592685,3.389308601437231,13.147385917502568,12.970749625132207
339.26975415926853,3.3895674821798374,13.145239200718791,12.972896341915984
342.86975415926855,3.3898187934816475,13.142928478177339,12.975207064457436
346.4697541592686,3.390062256861393,13.140456447008503,12.977679095626272
350.0697541592686,3.390297609382263,13.137826478022566,12.980309064612209
353.6697541592686,3.390524605087764,13.135042632544108,12.983092910090667
357.26975415926864,3.390743016410127,13.132109676698189,12.986025865936586
360.86975415926867,3.3909526355408213,13.129033092875938,12.989102449758837
364.4697541592687,3.3911532757524516,13.125819088109388,12.992316454525387
368.0697541592687,3.3913447726611734,13.12247459907618,12.995660943558596
371.66975415926873,3.3915269854186763,13.119007293460731,12.999128249174044
375.26975415926876,3.391699797822861,13.115425567393972,13.002709975240803
378.8697541592688,3.391863119336486,13.111738538707186,13.006397003927589
382.4697541592688,3.3920168860033444,13.1079560357399,13.010179506894875
386.0697541592688,3.3921610612519717,13.104088581458184,13.014046961176591
389.66975415926885,3.3922956365773973,13.100147372659132,13.017988169975643
393.26975415926887,3.392420632092151,13.096144254062327,13.021991288572448
396.8697541592689,3.392536096938519,13.092091687118089,13.026043855516686
400.4697541592689,3.3926421095549766,13.08800271339754,13.030132829237235
404.06975415926894,3.3927387777907514,13.0838909124749,13.034244630159876
407.66975415926896,3.3928262388636217,13.079770354257032,13.038365188377742
411.269754159269,3.392904659157311,13.07565554577075,13.042479996864024
414.869754159269,3.3929742338561435,13.071561372479245,13.04657417015553
418.46975415926903,3.3930351864160513,13.067503034261492,13.050632508373283
422.06975415926905,3.3930877678724523,13.063495976261624,13.054639566373151
425.6697541592691,3.3931322559870343,13.059555814885115,13.05857972774966
429.2697541592691,3.393168954236961,13.05569825929915,13.062437283335624
432.8697541592691,3.3931981906515385,13.051939028868437,13.066196513766338
436.46975415926914,3.3932203165028403,13.048293767040402,13.069841775594373
440.06975415926917,3.393235704858245,13.044777952267104,13.07335759036767
443.6697541592692,3.3932447490041793,13.041406806628197,13.076728736006578
447.2697541592692,3.3932478607516563,13.038195202888579,13.079940339746196
450.86975415926923,3.393245468635362,13.03515757078676,13.082977971848015
454.46975415926926,3.3932380160190916,13.032307803407122,13.085827739227653
458.0697541592693,3.393225959121244,13.029659164533626,13.088476378101149
461.6697541592693,3.393209764974824,13.02722419791766,13.090911344717115
465.2697541592693,3.3931899093370084,13.025014639413264,13.09312090322151
468.86975415926935,3.3931668745637085,13.02304133294147,13.095094209693306
472.46975415926937,3.3931411474648265,13.021314151236854,13.09682139139792
476.0697541592694,3.393113217155921,13.019841922306066,13.09829362032871
479.6697541592694,3.3930835729218716,13.018632362490026,13.09950318014475
483.26975415926944,3.3930527021078256,13.017692016963455,13.10044352567132
486.86975415926946,3.3930210880522087,13.017026208438091,13.101109334196684
490.4697541592695,3.3929892080759383,13.01663899474702,13.101496547887756
494.0697541592695,3.392957531541198,13.016533135891624,13.101602406743151
497.66975415926953,3.392926517992171,13.016710071019295,13.10142547161548
501.26975415926955,3.392896615389115,13.017169905681392,13.100965636953383
504.8697541592696,3.392868258445984,13.017911409592257,13.100224133042518
508.4697541592696,3.3928418670806035,13.018932024974411,13.099203517660364
512.0697541592696,3.3928178449850948,13.020227885442653,13.097907657192122
515.6697541592696,3.392796578322946,13.021793845238491,13.096341697396284
519.2697541592696,3.3927784345577527,13.023623518497828,13.094512024136947
522.8697541592696,3.3927637614173394,13.025709328100707,13.092426214534068
526.4697541592697,3.3927528859956264,13.028042563536786,13.090092979097989
530.0697541592697,3.3927461139933266,13.03061344710473,13.087522095530044
533.6697541592697,3.3927437290973264,13.03341120766767,13.084724334967104
537.2697541592697,3.392745992497417,13.036424161102799,13.081711381531976
540.8697541592697,3.392753142537969,13.039639796508856,13.078495746125919
544.4697541592698,3.392765394501112,13.043044867188556,13.07509067544622
548.0697541592698,3.3927829405170864,13.046625485379987,13.071510057254788
551.6697541592698,3.392805949596609,13.05036721969409,13.067768322940685
555.2697541592698,3.392834567779372,13.054255194213177,13.063880348421598
558.8697541592699,3.392868918392209,13.058274188214778,13.059861354419997
562.4697541592699,3.3929091024099276,13.062408735517689,13.055726807117086
566.0697541592699,3.392955198911433,13.066643222487746,13.051492320147029
569.6697541592699,3.3930072656234307,13.07096198379416,13.047173558840615
573.26975415927,3.393065339543808,13.075349395078087,13.042786147556688
576.86975415927,3.3931294376366687,13.079789961766918,13.038345580867857
580.46975415927,3.3931995575909357,13.084268403351905,13.03386713928287
584.06975415927,3.3932756786345006,13.088769732536017,13.029365810098758
587.66975415927,3.3933577623959916,13.093279328751589,13.024856213883186
591.2697541592701,3.3934457538063874,13.097783005637833,13.020352536996942
594.8697541592701,3.393539582032952,13.102267072169383,13.015868470465392
598.4697541592701,3.3936391614382204,13.106718387208383,13.011417155426392
602.0697541592701,3.3937443925570756,13.111124407356677,13.007011135278098
605.6697541592702,3.393855163085312,13.115473228055,13.002662314579775
609.2697541592702,3.3939713488734506,13.119753617965108,12.998381924669667
612.8697541592702,3.394092814919951,13.12395504674194,12.994180495892834
616.4697541592702,3.394219416358411,13.128067706367785,12.99006783626699
620.0697541592702,3.3943509994337218,13.132082526278525,12.98605301635625
623.6697541592703,3.3944874024626124,13.135991182567823,12.982144360066952
627.2697541592703,3.3946284567744196,13.139786101590117,12.978349441044658
630.8697541592703,3.3947739876283594,13.143460458327096,12.974675084307679
634.4697541592703,3.3949238151039967,13.147008169903867,12.971127372730908
638.0697541592704,3.395077754962003,13.150423884660697,12.967711657974078
641.6697541592704,3.3952356194727327,13.1537029672052,12.964432575429575
645.2697541592704,3.3953972182104715,13.1568414798692,12.961294062765575
648.8697541592704,3.395562358811649,13.159836160996793,12.958299381637982
652.4697541592705,3.395730847695607,13.162684400492637,12.955451142142138
656.0697541592705,3.39590249074687,13.165384213032675,12.9527513296021
659.6697541592705,3.396077093958179,13.167934209349738,12.950201333285037
663.2697541592705,3.396254464033839,13.170333565965297,12.947801976669478
666.8697541592705,3.3964344089531884,13.17258199373441,12.945553548900365
670.4697541592706,3.396616738494276,13.174679705545271,12.943455837089504
674.0697541592706,3.396801264718025,13.176627383484064,12.941508159150711
677.6697541592706,3.3969878024134026,13.178426145761875,12.9397093968729
681.2697541592706,3.397176169504285,13.180077513663766,12.938058028971009
684.8697541592707,3.397366187418844,13.181583378763158,12.936552163871617
688.4697541592707,3.3975576814225033,13.182945970611764,12.935189572023011
692.0697541592707,3.397750480915532,13.184167825093622,12.933967717541153
695.6697541592707,3.3979444196965605,13.185251753607291,12.932883789027484
699.2697541592707,3.3981393361932892,13.18620081321463,12.931934729420146
702.8697541592708,3.3983350736618174,13.187018277873586,12.93111726476119
706.4697541592708,3.3985314803560365,13.187707610848193,12.930427931786582
710.0697541592708,3.398728409668561,13.18827243837614,12.929863104258635
713.6697541592708,3.398925720244746,13.18871652464616,12.929419017988614
717.2697541592709,3.3991232760713026,13.18904374812877,12.929091794506006
720.8697541592709,3.39932094654108,13.189258079286136,12.92887746334864
724.4697541592709,3.399518606495527,13.189363559668331,12.928771982966444
728.0697541592709,3.399716136246388,13.189364282401542,12.928771260233233
731.669754159271,3.3999134215780935,13.189264374049126,12.92887116858565
735.269754159271,3.400110353732364,13.189067977832645,12.92906756480213
738.869754159271,3.4003068293764267,13.188779238175927,12.929356304458848
742.469754159271,3.40050275055626,13.18840228654078,12.929733256093995
746.069754159271,3.4006980246362057,13.18794122851202,12.930194314122755
749.6697541592711,3.400892564226248,13.18740013208366,12.930735410551115
753.2697541592711,3.4010862870982246,13.18678301709773,12.931352525537045
756.8697541592711,3.401279116092125,13.186093845781498,12.932041696853277
760.4697541592711,3.401470979013651,13.18533651432949,12.932799028305284
764.0697541592712,3.40166180852409,13.184514845473785,12.93362069716099
767.6697541592712,3.401851542023531,13.183632581984854,12.93450296064992
771.2697541592712,3.4020401215283864,13.182693381047404,12.935442161587371
774.8697541592712,3.4022274935441086,13.18170080945279,12.936434733181985
778.4697541592712,3.402413608933965,13.18065833955585,12.937477203078926
782.0697541592713,3.4025984227846378,13.179569345937121,12.938566196697654
785.6697541592713,3.402781894269408,13.178437102721583,12.939698439913192
789.2697541592713,3.4029639865095676,13.177264781499135,12.94087076113564
792.8697541592713,3.4031446664347182,13.176055449800417,12.942080092834358
796.4697541592714,3.403323904642512,13.174812070079449,12.943323472555326
800.0697541592714,3.4035016752583647,13.173537499155142,12.944598043479633
803.6697541592714,3.4036779557956267,13.172234488074572,12.945901054560203
807.2697541592714,3.4038527270166434,13.170905682351496,12.94722986028328
810.8697541592715,3.4040259727950923,13.169553622545434,12.94858192008934
814.4697541592715,3.404197679979963,13.168180745142806,12.94995479749197
818.0697541592715,3.4043678382614813,13.166789383708464,12.951346158926311
821.6697541592715,3.4045364400392684,13.16538177027414,12.952753772360635
825.2697541592715,3.4047034802929668,13.163960036934967,12.954175505699808
828.8697541592716,3.4048689564555605,13.162526217627132,12.955609325007643
832.4697541592716,3.405032868289569,13.161082250060952,12.957053292573823
836.0697541592716,3.4051952177662708,13.159629977785615,12.95850556484916
839.6697541592716,3.4053560089480843,13.158171152363641,12.959964390271134
843.2697541592717,3.4055152478742268,13.156707435639477,12.961428106995298
846.8697541592717,3.405672942449725,13.15524040207608,12.962895140558695
850.4697541592717,3.405829102337852,13.153771541151372,12.964364001483403
854.0697541592717,3.4059837388560403,13.152302259794897,12.965833282839878
857.6697541592717,3.4061368648752843,13.150833884851084,12.967301657783691
861.2697541592718,3.406288494723087,13.149367665560403,12.968767877074372
864.8697541592718,3.406438644089902,13.147904776043003,12.970230766591772
868.4697541592718,3.40658732993912,13.146446317778661,12.971689224856114
872.0697541592718,3.4067345704205194,13.144993322071349,12.973142220563426
875.6697541592719,3.4068803847871965,13.143546752493616,12.974588790141159
879.2697541592719,3.4070247933159172,13.142107507300592,12.976028035334183
882.8697541592719,3.4071678172308366,13.140676421811273,12.977459120823502
886.4697541592719,3.4073094786305487,13.139254270748593,12.978881271886182
890.069754159272,3.4074498004183904,13.137841770535475,12.9802937720993
893.669754159272,3.407588806235949,13.13643958154306,12.981695961091715
897.269754159272,3.407726520399685,13.1350483102877,12.983087232347074
900.869754159272,3.40786296784062,13.13366851157189,12.984467031062884
904.469754159272,3.407998174046997,13.132300690571462,12.985834852063313
908.0697541592721,3.408132165009833,13.130945304862296,12.987190237772479
911.6697541592721,3.408264967171304,13.129602766388745,12.98853277624603
915.2697541592721,3.408396607375846,13.12827344337042,12.989862099264355
918.8697541592721,3.4085271128239314,13.126957662147246,12.991177880487529
922.4697541592722,3.4086565110283975,13.125655708964604,12.99247983367017
926.0697541592722,3.408784829773271,13.12436783169431,12.993767710940466
929.6697541592722,3.408912097074992,13.12309424149315,12.995041301141624
933.2697541592722,3.409038341145961,13.121835114402165,12.99630042823261
936.8697541592722,3.4091635903603255,13.120590592882381,12.997544949752394
940.4697541592723,3.409287873221918,13.11936078728904,12.998774755345735
944.0697541592723,3.4094112183342786,13.118145777288627,12.999989765346148
947.6697541592723,3.4095336543726726,13.116945613212438,13.001189929422337
951.2697541592723,3.4096552100580366,13.115760317354866,13.00237522527991
954.8697541592724,3.4097759141327595,13.114589885211757,13.003545657423018
958.4697541592724,3.4098957953382554,13.113434286663683,13.004701255971092
962.0697541592724,3.4100148823942167,13.112293467102337,13.005842075532438
965.6697541592724,3.4101332039795182,13.111167348502606,13.006968194132169
969.2697541592725,3.4102507887146785,13.110055830442278,13.008079712192497
972.8697541592725,3.410367665145819,13.108958791067769,13.009176751567006
976.4697541592725,3.410483861730061,13.10787608800887,13.010259454625904
980.0697541592725,3.410599406822297,13.106807559245118,13.011327983389657
983.6697541592725,3.4107143286632806,13.105753023920386,13.01238251871439
987.2697541592726,3.41082865536897,13.104712283111528,13.013423259523247
990.8697541592726,3.41094241492108,13.103685120549308,13.014450422085467
994.4697541592726,3.4110556351587835,13.102671303293578,13.015464239341197
998.0697541592726,3.4111683437715135,13.101670582363521,13.016464960271254
1001.6697541592727,3.4112805682928267,13.100682693324027,13.017452849310748
1005.2697541592727,3.411392336095263,13.099707356829352,13.018428185805423
1008.8697541592727,3.411503674386175,13.098744279123169,13.019391263511606
1012.4697541592727,3.411614610204487,13.09779315249985,13.020342390134925
1016.0697541592727,3.411725170418324,13.096853655723121,13.021281886911654
1019.6697541592728,3.4118353817234954,13.095925454404837,13.022210088229938
1023.2697541592728,3.41194527064279,13.095008201346284,13.023127341288491
1026.8697541592728,3.412054863526044,13.094101536839446,13.024034005795329
1030.4697541592727,3.4121641865509584,13.093205088929851,13.024930453704924
1034.0697541592726,3.412273265724635,13.092318473643603,13.025817068991172
1037.6697541592725,3.4123821268858014,13.091441295175255,13.02669424745952
1041.2697541592725,3.4124907957077006,13.0905731460401,13.027562396594675
1044.8697541592724,3.4125992977016217,13.089713607188923,13.028421935445852
1048.4697541592723,3.41270765822106,13.08886224808707,13.029273294547705
1052.0697541592722,3.4128159024664644,13.08801862675657,13.030116915878205
1055.669754159272,3.412924055490582,13.087182289781923,13.030953252852852
1059.269754159272,3.4130321422043592,13.086352772279444,13.031782770355331
1062.869754159272,3.413140187383408,13.085529597830876,13.0326059448039
1066.4697541592718,3.4132482156750106,13.08471227837787,13.033423264256905
1070.0697541592717,3.413356251605652,13.083900314082058,13.034235228552717
1073.6697541592716,3.413464319589088,13.083093193145148,13.035042349489627
1077.2697541592715,3.413572443934918,13.082290391591618,13.035845151043157
1080.8697541592715,3.413680648857685,13.081491373012996,13.036644169621779
1084.4697541592714,3.4137889584864802,13.08069558827032,13.037439954364455
1088.0697541592713,3.413897396875055,13.079902475159136,13.03823306747564
1091.6697541592712,3.414005988012459,13.079111458029663,13.039024084605112
1095.269754159271,3.4141147558341753,13.078321947364945,13.03981359526983
1098.869754159271,3.4142237242338007,13.077533339315845,13.04060220331893
1102.469754159271,3.414332917075233,13.076745015188514,13.04139052744626
1106.0697541592708,3.41444235820541,13.07595634088536,13.042179201749414
1109.6697541592707,3.4145520714676048,13.075166666296257,13.042968876338518
1113.2697541592706,3.4146620807152717,13.074375324637945,13.04376021799683
1116.8697541592705,3.4147724098264933,13.07358163174106,13.044553910893715
1120.4697541592705,3.41488308271902,13.072784885279265,13.04535065735551
1124.0697541592704,3.4149941233659393,13.071984363940581,13.046151178694194
1127.6697541592703,3.4151055558119916,13.07117932653688,13.046956216097895
1131.2697541592702,3.415217404190572,13.070369011047244,13.04776653158753
1134.86975415927,3.4153296927414383,13.069552633594583,13.048582909040192
1138.46975415927,3.4154424458291657,13.068729387347343,13.049406155287432
1142.06975415927,3.415555687962382,13.067898441346673,13.050237101288102
1145.6697541592698,3.4156694438138357,13.067058939250936,13.051076603383839
1149.2697541592697,3.4157837382413283,13.066209997994802,13.051925544639973
1152.8697541592696,3.4158985963095794,13.06535070635554,13.052784836279235
1156.4697541592695,3.416014043313056,13.064480123423111,13.053655419211664
1160.0697541592695,3.4161301047998576,13.063597276965053,13.054538265669722
1163.6697541592694,3.4162468065966984,13.062701161681339,13.055434380953436
1167.2697541592693,3.4163641748350613,13.061790737338955,13.05634480529582
1170.8697541592692,3.4164822359786218,13.060864926780589,13.057270615854186
1174.469754159269,3.416601016852001,13.059922613797939,13.058212928836836
1178.069754159269,3.416720544670959,13.05896264085752,13.059172901777256
1181.669754159269,3.4168408470741274,13.057983806669794,13.06015173596498
1185.2697541592688,3.4169619521563845,13.05698486359144,13.061150679043335
1188.8697541592687,3.4170838885039987,13.055964514843984,13.062171027790791
1192.4697541592686,3.4172066852316703,13.05492141153877,13.063214131096005
1196.0697541592685,3.417330372021625,13.053854149490048,13.064281393144727
1199.6697541592685,3.4174549791648925,13.052761265800083,13.065374276834692
1203.2697541592684,3.417580537604967,13.051641235199927,13.066494307434848
1206.8697541592683,3.41770707898402,13.050492466121023,13.067643076513752
1210.4697541592682,3.4178346356918703,13.049313296481087,13.068822246153688
1214.069754159268,3.4179632409179503,13.048101989154395,13.07003355348038
1217.669754159268,3.418092928706489,13.04685672710378,13.071278815530995
1221.269754159268,3.4182237340152066,13.045575608143166,13.07255993449161
1224.8697541592678,3.4183556927777907,13.044256639296982,13.073878903337793
1228.4697541592677,3.418488841970497,13.042897730722654,13.075237811912121
1232.0697541592676,3.41862321968323,13.04149668915498,13.076638853479794
1235.6697541592675,3.4187588651954774,13.04005121082999,13.078084331804785
1239.2697541592674,3.418895819057555,13.038558873835614,13.079576668799161
1242.8697541592674,3.419034123177634,13.037017129842491,13.081118412792284
1246.4697541592673,3.4191738209150633,13.03542329514673,13.082712247488045
1250.0697541592672,3.4193149571805974,13.033774540965796,13.084361001668979
1253.669754159267,3.419457578544168,13.032067882906217,13.086067659728558
1257.269754159267,3.419601733350909,13.030300169527285,13.08783537310749
1260.869754159267,3.4197474718462604,13.028468069902814,13.08966747273196
1264.4697541592668,3.4198948463110215,13.026568060082315,13.09156748255246
1268.0697541592667,3.420043911207366,13.024596408332688,13.093539134302087
1271.6697541592666,3.420194723336927,13.02254915903286,13.095586383601916
1275.2697541592665,3.420347342012189,13.020422115076109,13.097713427558666
1278.8697541592664,3.420501829242595,13.018210818612982,13.099924724021793
1282.4697541592664,3.4206582499369445,13.015910529954635,13.10222501268014
1286.0697541592663,3.4208166721238182,13.013516204423816,13.10461933821096
1289.6697541592662,3.420977167192066,13.011022466919947,13.107113075714828
1293.269754159266,3.421139810153565,13.008423583927502,13.109711958707273
1296.869754159266,3.421304679930827,13.005713432664033,13.112422109970742
1300.469754159266,3.4214718596723297,13.002885467024242,13.115250075610533
1304.0697541592658,3.42164143709887,12.999932679915943,13.118202862718832
1307.6697541592657,3.4218135048846787,12.996847561543069,13.121287981091706
1311.2697541592656,3.4219881610775817,12.993622053111013,13.124513489523762
1314.8697541592655,3.4221655095631336,12.990247495356847,13.127888047277928
1318.4697541592654,3.4223456605783094,12.986714571219492,13.131420971415283
1322.0697541592654,3.422528731281301,12.983013241848898,13.135122300785877
1325.6697541592653,3.422714846384867,12.979132675036396,13.139002867598379
1329.2697541592652,3.422904138861917,12.975061164993384,13.14307437764139
1332.869754159265,3.4230967507334285,12.970786042228742,13.147349500406033
1336.469754159265,3.4232928339504114,12.966293572066768,13.151841970568007
1340.069754159265,3.4234925513836485,12.961568840093836,13.156566702540939
1343.6697541592648,3.4236960779373264,12.956595622517874,13.161539920116901
1347.2697541592647,3.4239036018054696,12.9513562390638,13.166779303570975
1350.8697541592646,3.4241153258936037,12.945831385585997,13.172304157048778
1354.4697541592645,3.4243314694321674,12.939999943039558,13.178135599595217
1358.0697541592644,3.4245522698133146,12.933838758812096,13.18429678382268
1361.6697541592644,3.4248184250127998,12.921105800499149,13.197029742135626
1365.2697541592643,3.4253508280587424,12.868029098370338,13.250106444264437
1368.8697541592642,3.4258974548081476,12.813508996878486,13.304626545756289
1372.469754159264,3.4264590180957972,12.757472765110437,13.360662777524338
1376.069754159264,3.427036285401503,12.69984198742862,13.418293555206155
1379.669754159264,3.427630084543425,12.640531964360791,13.477603578273984
1383.2697541592638,3.428241310122766,12.57945103373865,13.538684508896125
1386.8697541592637,3.428870930841049,12.51649979912222,13.601635743512555
1390.4697541592636,3.4295199978344857,12.451570250037596,13.666565292597179
1394.0697541592635,3.4301896541984283,12.384544755478842,13.733590787155933
1397.6697541592634,3.4308811459099937,12.315294908345848,13.802840634288927
1401.2697541592634,3.4315958344003326,12.243680193787409,13.874455348847366
1404.8697541592633,3.4323352110820187,12.169546448587669,13.948589094047106
1408.4697541592632,3.4331009142045863,12.092724071399632,14.025411471235143
1412.069754159263,3.433894748496379,12.013025934404462,14.105109608230313
1415.669754159263,3.4347187081586936,11.93024493524718,14.187890607387596
1419.269754159263,3.4355750039159694,11.844151113118711,14.273984429516064
1422.8697541592628,3.4364660950028054,11.754488233555112,14.363647309079663
1426.4697541592627,3.437394727198165,11.660969721481377,14.457165821153398
1430.0697541592626,3.4383639783170943,11.56327378924039,14.554861753394386
1433.6697541592625,3.4393773129658447,11.461037563056658,14.657097979578117
1437.2697541592624,3.440438648892888,11.353849953667604,14.764285588967171
1440.8697541592624,3.441552437976384,11.241242939125994,14.87689260350878
1444.4697541592623,3.4427237658512335,11.122680821942918,14.995454720691857
1448.0697541592622,3.443958475502712,10.99754687697736,15.120588665657415
1451.669754159262,3.4452633219973987,10.865126603146821,15.253008939487954
1455.269754159262,3.4466461681247598,10.724586504577056,15.393549038057719
1458.869754159262,3.448116234451081,10.57494691442683,15.543188628207945
1462.4697541592618,3.4496844227134846,10.41504677358287,15.703088769051906
1466.0697541592617,3.4514306510830313,10.25204107632098,15.866094466313795
1469.6697541592616,3.4536417429256665,10.116728590708858,16.001406951925915
1473.2697541592615,3.4560328588220917,9.966233832272685,16.15190171036209
1476.8697541592614,3.4586344692274102,9.797598339588648,16.32053720304613
1480.4697541592614,3.4614853225700295,9.607000989633606,16.51113455300117
1484.0697541592613,3.464635668655232,9.38940796529074,16.728727577344035
1487.6697541592612,3.4681521806572695,9.138033482627216,16.98010206000756
1491.269754159261,3.4721257463816406,8.84347872026742,17.274656822367355
1494.869754159261,3.476684330985213,8.492298470553441,17.62583707208133
1498.469754159261,3.482015284548255,8.06449633774686,18.053639204887915
1502.0697541592608,3.4884063146089654,7.5288943373232,18.589241205311573
1505.6697541592607,3.49632574020998,6.834024748472635,19.28411079416214
1508.2385182474995,3.50333979132168,6.1932109336246235,19.92492460901015
1510.3244217205513,3.5102319583623136,5.543662989605231,20.574472553029544
1512.0058027849145,3.5168442364488675,4.905025967236339,21.213109575398434
1513.38388800483,3.523168185988803,4.282888467291268,21.835247075343506
1514.5269544028451,3.5291593440707065,3.6858879222474847,22.43224762038729
1515.4879572660573,3.5347786130498515,3.12175319239633,22.996382350238445
1516.307197806037,3.5399875664993856,2.597728300342013,23.520407242292762
1517.0159331787218,3.5447533850956283,2.1200525041376705,23.998083038497104
1517.6387572521571,3.5490522923380543,1.6935892345025032,24.42454630813227
1518.195395210013,3.5528728497123803,1.321481045458244,24.79665449717653
1518.7520331678688,3.5565371209279926,0.9754004213427311,25.142735121292045
1519.258681732938,3.5596085098091073,0.6992506724140684,25.418884870220708
1519.7256286480845,3.5621260077765484,0.48882445563694593,25.62931108699783
1520.1681579595213,3.5641939894669394,0.3332978501522,25.784837692482576
1520.5990760475222,3.565916123672645,0.22189724772491032,25.896238294909864
1521.0295896419834,3.567390094393,0.1446511422251364,25.97348440040964
1521.4698842411444,3.568704144125014,0.09289317103467927,26.025242371600097
1521.9295587801496,3.569935859768412,0.05948916243333986,26.058646380201434
1522.418053716779,3.5711531465968216,0.03882753982435969,26.079308002810414
1522.9451794086935,3.572416984535611,0.02665932763297892,26.091476215001798
1523.5217920123814,3.5737854927519175,0.01987867287200359,26.09825686976277
1524.1605471179523,3.575318946205617,0.01630258706010238,26.10183295557467
1524.8763240814621,3.577085008040349,0.014471551398570735,26.103663991236203
1525.6846623470562,3.5791602893549106,0.013473704665579487,26.104661837969196
1526.592766035392,3.581612190727616,0.012794095015488042,26.10534144761929
1527.576525445493,3.584432146157685,0.012193963613028654,26.105941579021746
1528.57481048293,3.5874913948850766,0.011605636382583818,26.10652990625219
1529.540866579596,3.590668118817858,0.01102528630611639,26.10711025632866
1530.4617464126936,3.5939230397119664,0.010455623034626556,26.107679919600148
1531.3370616219825,3.5972523838988733,0.009897640221938245,26.108237902412835
1532.1682458924104,3.600658096263807,0.009351817905637272,26.108783724729136
1532.956764742217,3.6041421923293844,0.008818641947922293,26.109316900686853
1533.7040486224132,3.60770646822651,0.008298656382996322,26.109836886251777
1534.4115138722589,3.611352538120328,0.007792456177135181,26.11034308645764
1535.0805639174316,3.6150817973638767,0.007300680031382634,26.110834862603394
1535.7125868127678,3.6188953617888893,0.006824002988130197,26.111311539646646
1536.308952868783,3.622793996582941,0.0063631274133904596,26.111772415221385
1536.8710123506207,3.6267780332670143,0.005918772170770672,26.112216770464006
1537.400093214883,3.6308472729696972,0.0054916600259547945,26.112643882608822
1537.8974989959704,3.635000875229955,0.00508250333473429,26.11305303930004
1538.364506997126,3.63923723260652,0.0046919880851389205,26.113443554549637
1538.8023669793301,3.6435538330472417,0.004320756384467168,26.11381478625031
1539.2123005823632,3.6479471145830247,0.003969387497048502,26.114166155137728
1539.3923957480572,3.650000000000001,0.0037287166539336724,26.11440682598084
