NP_ratio,mode,M_peak,M_rms,qex_norm,positive_utilization
0.9,LLI,0.9999999999999994,0.5106852752481434,0.0913953298779796,0.6748231399994993
0.9,LAMn,0.5079495366116028,0.0380790296520744,0.00938978920395325,0.6748231399994993
0.9,LAMp,0.028629223083672616,0.011526803747710278,0.008717399352160586,0.6748231399994993
0.925,LLI,1.0409082524063151,0.5162236130657777,0.09274414698063436,0.6935681280469573
0.925,LAMn,0.5123893841576131,0.03885318272267537,0.009832531362079002,0.6935681280469573
0.925,LAMp,0.024660036204879755,0.011057668297392761,0.008434121968096564,0.6935681280469573
0.95,LLI,1.000000000000001,0.5222757274092551,0.09476363794557575,0.7123130940764628
0.95,LAMn,0.5301947827829373,0.04000079750607501,0.010246016616131498,0.7123130940764628
0.95,LAMp,0.025103509571700485,0.010292315088661361,0.007787497206540163,0.7123130940764628
0.975,LLI,0.999999999999999,0.5271453340583024,0.09623491266807606,0.7310580347419138
0.975,LAMn,0.5447604325672345,0.04199455751585304,0.010991481191098842,0.7310580347419138
0.975,LAMp,0.022945757929344536,0.009513752413899174,0.007005190576048254,0.7310580347419138
1.0,LLI,1.000000000000004,0.5329637155998955,0.09817656711458368,0.7498029458553191
1.0,LAMn,0.555561373174408,0.04359060817995638,0.011667563484074373,0.7498029458553191
1.0,LAMp,0.02674637009281758,0.009031456161127912,0.006415538931462755,0.7498029458553191
1.025,LLI,1.0000000000000053,0.5398345769025593,0.10064504214825329,0.7685478220905705
1.025,LAMn,0.5751520758740752,0.046317440639004004,0.012535875939149455,0.7685478220905705
1.025,LAMp,0.02881231632080007,0.008881472318857248,0.0061157444068802086,0.7685478220905705
1.05,LLI,1.0000000000000029,0.5461729421903626,0.10298713528463076,0.7872926565478284
1.05,LAMn,0.6045736624682976,0.0486064052103612,0.013159795171065474,0.7872926565478284
1.05,LAMp,0.030366360297246806,0.008977423681126242,0.006006152318727563,0.7872926565478284
1.075,LLI,0.9999999999999997,0.551571281024851,0.10501392043108003,0.8060374400934299
1.075,LAMn,0.6414246026352312,0.05129514210375395,0.013879004756142413,0.8060374400934299
1.075,LAMp,0.030523489048698293,0.009115715116140014,0.006106051193794805,0.8060374400934299
1.1,LLI,1.0000000000000058,0.5565315856615158,0.10689713915200766,0.8247821603239592
1.1,LAMn,0.6835075014405132,0.05384729936227853,0.014698804644991148,0.8247821603239592
1.1,LAMp,0.030278621660907168,0.00905117430035316,0.006156846107516323,0.8247821603239592
1.125,LLI,1.0000000000000038,0.5613994756725824,0.10880656381526298,0.8435267998709463
1.125,LAMn,0.999999999999995,0.2015534090938507,0.035793559996131916,0.8435267998709463
1.125,LAMp,0.03289504371861262,0.008858566654012658,0.006018589569153057,0.8435267998709463
1.15,LLI,1.000000000000002,0.566391760182672,0.11082591900054446,0.8622713334830606
1.15,LAMn,0.9999999999999886,0.171968662609515,0.029402184069950956,0.8622713334830606
1.15,LAMp,0.5038951613819276,0.00886127031155777,0.005857956126848622,0.8622713334830606
1.1749999999999998,LLI,1.0000000000000013,0.5713755530274867,0.1128961123755555,0.8810157226823055
1.1749999999999998,LAMn,0.9999999999997434,0.14489773342780513,0.025680211797795192,0.8810157226823055
1.1749999999999998,LAMp,1.0000000000000002,0.040044223433171496,0.007800028632844848,0.8810157226823055
1.2,LLI,1.0000000000000018,0.5761115193222699,0.11492427153318772,0.8997599051707235
1.2,LAMn,0.9999999999998109,0.11135468073357467,0.022535152352982694,0.8997599051707235
1.2,LAMp,0.9999999999999999,0.07996616831385397,0.01406191809859009,0.8997599051707235
