design,design_NP,LLI,dLAMp,M_peak,status
reference,0.999271277486277,0.0,0.0,1.918632838962524e-14,voltage_cutoff
reference,0.999271277486277,0.0,0.025,0.0010896457468761,voltage_cutoff
reference,0.999271277486277,0.0,0.05,0.0021756525700117,voltage_cutoff
reference,0.999271277486277,0.0,0.075,0.0033106229129914,voltage_cutoff
reference,0.999271277486277,0.0,0.1,0.0044063228232186,voltage_cutoff
reference,0.999271277486277,0.0,0.125,0.0054952859883466,voltage_cutoff
reference,0.999271277486277,0.0,0.15,0.0066976731558336,voltage_cutoff
reference,0.999271277486277,0.0,0.175,0.0080627969325833,voltage_cutoff
reference,0.999271277486277,0.0,0.2,0.0105069907092307,voltage_cutoff
reference,0.999271277486277,0.0,0.225,0.0136156435141359,voltage_cutoff
reference,0.999271277486277,0.0,0.25,0.0166055834212769,voltage_cutoff
reference,0.999271277486277,0.025,0.0,5.17760616634143e-15,voltage_cutoff
reference,0.999271277486277,0.025,0.025,0.0010687110343266,voltage_cutoff
reference,0.999271277486277,0.025,0.05,0.0021695237369721,voltage_cutoff
reference,0.999271277486277,0.025,0.075,0.003248863327822,voltage_cutoff
reference,0.999271277486277,0.025,0.1,0.0043831046282724,voltage_cutoff
reference,0.999271277486277,0.025,0.125,0.005490921353464,voltage_cutoff
reference,0.999271277486277,0.025,0.15,0.0065741343318235,voltage_cutoff
reference,0.999271277486277,0.025,0.175,0.0078019192582309,voltage_cutoff
reference,0.999271277486277,0.025,0.2,0.0088954129745002,voltage_cutoff
reference,0.999271277486277,0.025,0.225,0.0110719282205142,voltage_cutoff
reference,0.999271277486277,0.025,0.25,0.0142492811800507,voltage_cutoff
reference,0.999271277486277,0.05,0.0,1.3603497368005886e-16,voltage_cutoff
reference,0.999271277486277,0.05,0.025,0.0010732854533711,voltage_cutoff
reference,0.999271277486277,0.05,0.05,0.0021662220179678,voltage_cutoff
reference,0.999271277486277,0.05,0.075,0.0032677375164693,voltage_cutoff
reference,0.999271277486277,0.05,0.1,0.004350616604372,voltage_cutoff
reference,0.999271277486277,0.05,0.125,0.0054767840384993,voltage_cutoff
reference,0.999271277486277,0.05,0.15,0.0066283482698876,voltage_cutoff
reference,0.999271277486277,0.05,0.175,0.0077173593652542,voltage_cutoff
reference,0.999271277486277,0.05,0.2,0.008868159406803,voltage_cutoff
reference,0.999271277486277,0.05,0.225,0.0100877513790886,voltage_cutoff
reference,0.999271277486277,0.05,0.25,0.0115556269261227,voltage_cutoff
reference,0.999271277486277,0.075,0.0,5.858015956000708e-15,voltage_cutoff
reference,0.999271277486277,0.075,0.025,0.0010820894339296,voltage_cutoff
reference,0.999271277486277,0.075,0.05,0.0021628957729329,voltage_cutoff
reference,0.999271277486277,0.075,0.075,0.0033000467890937,voltage_cutoff
reference,0.999271277486277,0.075,0.1,0.0043975361569092,voltage_cutoff
reference,0.999271277486277,0.075,0.125,0.0054912070845425,voltage_cutoff
reference,0.999271277486277,0.075,0.15,0.006712171432233,voltage_cutoff
reference,0.999271277486277,0.075,0.175,0.0078229475906882,voltage_cutoff
reference,0.999271277486277,0.075,0.2,0.0089265725236912,voltage_cutoff
reference,0.999271277486277,0.075,0.225,0.010040598449641,voltage_cutoff
reference,0.999271277486277,0.075,0.25,0.0113681508040054,voltage_cutoff
reference,0.999271277486277,0.1,0.0,1.4309682932109608e-16,voltage_cutoff
reference,0.999271277486277,0.1,0.025,0.0010904731556606,voltage_cutoff
reference,0.999271277486277,0.1,0.05,0.0021819537094681,voltage_cutoff
reference,0.999271277486277,0.1,0.075,0.0033320730878451,voltage_cutoff
reference,0.999271277486277,0.1,0.1,0.0044451476295782,voltage_cutoff
reference,0.999271277486277,0.1,0.125,0.0055570823086544,voltage_cutoff
reference,0.999271277486277,0.1,0.15,0.0066661645290823,voltage_cutoff
reference,0.999271277486277,0.1,0.175,0.0079338917521216,voltage_cutoff
reference,0.999271277486277,0.1,0.2,0.0090649090474979,voltage_cutoff
reference,0.999271277486277,0.1,0.225,0.0101897858803839,voltage_cutoff
reference,0.999271277486277,0.1,0.25,0.0114699370300963,voltage_cutoff
reference,0.999271277486277,0.125,0.0,1.469100328807091e-16,voltage_cutoff
reference,0.999271277486277,0.125,0.025,0.0010930741092806,voltage_cutoff
reference,0.999271277486277,0.125,0.05,0.0022269024373791,voltage_cutoff
reference,0.999271277486277,0.125,0.075,0.0033480521144004,voltage_cutoff
reference,0.999271277486277,0.125,0.1,0.0044728099567647,voltage_cutoff
reference,0.999271277486277,0.125,0.125,0.0055998276508457,voltage_cutoff
reference,0.999271277486277,0.125,0.15,0.0068426711255557,voltage_cutoff
reference,0.999271277486277,0.125,0.175,0.0080155129343073,voltage_cutoff
reference,0.999271277486277,0.125,0.2,0.0091726261810069,voltage_cutoff
reference,0.999271277486277,0.125,0.225,0.0103278368981813,voltage_cutoff
reference,0.999271277486277,0.125,0.25,0.0115804313970841,voltage_cutoff
reference,0.999271277486277,0.15,0.0,6.188213116084447e-15,voltage_cutoff
reference,0.999271277486277,0.15,0.025,0.0011020256705807,voltage_cutoff
reference,0.999271277486277,0.15,0.05,0.0022137037514912,voltage_cutoff
reference,0.999271277486277,0.15,0.075,0.0033880078735762,voltage_cutoff
reference,0.999271277486277,0.15,0.1,0.0045380525724242,voltage_cutoff
reference,0.999271277486277,0.15,0.125,0.0056969302195545,voltage_cutoff
reference,0.999271277486277,0.15,0.15,0.0068635232783821,voltage_cutoff
reference,0.999271277486277,0.15,0.175,0.0080365445648227,voltage_cutoff
reference,0.999271277486277,0.15,0.2,0.0092786706568471,voltage_cutoff
reference,0.999271277486277,0.15,0.225,0.0106128836530653,voltage_cutoff
reference,0.999271277486277,0.15,0.25,0.0118340655918089,voltage_cutoff
reference,0.999271277486277,0.175,0.0,1.551804421391722e-16,voltage_cutoff
reference,0.999271277486277,0.175,0.025,0.001115114871659,voltage_cutoff
reference,0.999271277486277,0.175,0.05,0.0022474369840328,voltage_cutoff
reference,0.999271277486277,0.175,0.075,0.0033965678932941,voltage_cutoff
reference,0.999271277486277,0.175,0.1,0.0045620367556493,voltage_cutoff
reference,0.999271277486277,0.175,0.125,0.0057432887629594,voltage_cutoff
reference,0.999271277486277,0.175,0.15,0.0069677823228779,voltage_cutoff
reference,0.999271277486277,0.175,0.175,0.0082887538467645,voltage_cutoff
reference,0.999271277486277,0.175,0.2,0.0095423155922387,voltage_cutoff
reference,0.999271277486277,0.175,0.225,0.0108115006041943,voltage_cutoff
reference,0.999271277486277,0.175,0.25,0.0120954375552721,voltage_cutoff
reference,0.999271277486277,0.2,0.0,1.59674949120281e-16,voltage_cutoff
reference,0.999271277486277,0.2,0.025,0.0011514442193456,voltage_cutoff
reference,0.999271277486277,0.2,0.05,0.002327264616101,voltage_cutoff
reference,0.999271277486277,0.2,0.075,0.0035278299999193,voltage_cutoff
reference,0.999271277486277,0.2,0.1,0.0047535007766835,voltage_cutoff
reference,0.999271277486277,0.2,0.125,0.0060046279431096,voltage_cutoff
reference,0.999271277486277,0.2,0.15,0.0072815518328573,voltage_cutoff
reference,0.999271277486277,0.2,0.175,0.008584600463108,voltage_cutoff
reference,0.999271277486277,0.2,0.2,0.0099140874395872,voltage_cutoff
reference,0.999271277486277,0.2,0.225,0.0112703092973593,voltage_cutoff
reference,0.999271277486277,0.2,0.25,0.0126535421471301,voltage_cutoff
reference,0.999271277486277,0.225,0.0,1.6443756598975532e-16,voltage_cutoff
reference,0.999271277486277,0.225,0.025,0.0012887707582804,voltage_cutoff
reference,0.999271277486277,0.225,0.05,0.0025897920459094,voltage_cutoff
reference,0.999271277486277,0.225,0.075,0.0039152281326508,voltage_cutoff
reference,0.999271277486277,0.225,0.1,0.0052788906834463,voltage_cutoff
reference,0.999271277486277,0.225,0.125,0.0066742445095049,voltage_cutoff
reference,0.999271277486277,0.225,0.15,0.0081028469132981,voltage_cutoff
reference,0.999271277486277,0.225,0.175,0.0095663506041848,voltage_cutoff
reference,0.999271277486277,0.225,0.2,0.0109479735720345,voltage_cutoff
reference,0.999271277486277,0.225,0.225,0.0124477674200278,voltage_cutoff
reference,0.999271277486277,0.225,0.25,0.014000151414573,voltage_cutoff
reference,0.999271277486277,0.25,0.0,1.6949301932497638e-16,voltage_cutoff
reference,0.999271277486277,0.25,0.025,0.0016122286365534,voltage_cutoff
reference,0.999271277486277,0.25,0.05,0.0032506730992674,voltage_cutoff
reference,0.999271277486277,0.25,0.075,0.0049175735998447,voltage_cutoff
reference,0.999271277486277,0.25,0.1,0.0065544612011421,voltage_cutoff
reference,0.999271277486277,0.25,0.125,0.0082684236294729,voltage_cutoff
reference,0.999271277486277,0.25,0.15,0.0100175952649678,voltage_cutoff
reference,0.999271277486277,0.25,0.175,0.0116858927096147,voltage_cutoff
reference,0.999271277486277,0.25,0.2,0.0134930324180479,voltage_cutoff
reference,0.999271277486277,0.25,0.225,0.015343295876324,voltage_cutoff
reference,0.999271277486277,0.25,0.25,0.0170464184926692,voltage_cutoff
NP_1.20,1.2,0.0,0.0,1.2963787787341444e-16,voltage_cutoff
NP_1.20,1.2,0.0,0.025,0.0021561340085861,voltage_cutoff
NP_1.20,1.2,0.0,0.05,0.0048334504675273,voltage_cutoff
NP_1.20,1.2,0.0,0.075,0.0081113022755616,voltage_cutoff
NP_1.20,1.2,0.0,0.1,0.0108046097253468,voltage_cutoff
NP_1.20,1.2,0.0,0.125,,electrode_bound_first
NP_1.20,1.2,0.0,0.15,,electrode_bound_first
NP_1.20,1.2,0.0,0.175,,electrode_bound_first
NP_1.20,1.2,0.0,0.2,,electrode_bound_first
NP_1.20,1.2,0.0,0.225,,electrode_bound_first
NP_1.20,1.2,0.0,0.25,,electrode_bound_first
NP_1.20,1.2,0.025,0.0,1.3275958452716396e-16,voltage_cutoff
NP_1.20,1.2,0.025,0.025,0.0017276763463058,voltage_cutoff
NP_1.20,1.2,0.025,0.05,0.0038612673295653,voltage_cutoff
NP_1.20,1.2,0.025,0.075,0.0065215479538268,voltage_cutoff
NP_1.20,1.2,0.025,0.1,0.0097488612121058,voltage_cutoff
NP_1.20,1.2,0.025,0.125,0.0169952256696062,voltage_cutoff
NP_1.20,1.2,0.025,0.15,,electrode_bound_first
NP_1.20,1.2,0.025,0.175,,electrode_bound_first
NP_1.20,1.2,0.025,0.2,,electrode_bound_first
NP_1.20,1.2,0.025,0.225,,electrode_bound_first
NP_1.20,1.2,0.025,0.25,,electrode_bound_first
NP_1.20,1.2,0.05,0.0,1.3603537356942627e-16,voltage_cutoff
NP_1.20,1.2,0.05,0.025,0.001384993175708,voltage_cutoff
NP_1.20,1.2,0.05,0.05,0.0030853956205108,voltage_cutoff
NP_1.20,1.2,0.05,0.075,0.0051982391378402,voltage_cutoff
NP_1.20,1.2,0.05,0.1,0.0078421894184396,voltage_cutoff
NP_1.20,1.2,0.05,0.125,0.0110011637904047,voltage_cutoff
NP_1.20,1.2,0.05,0.15,0.0420540177224599,voltage_cutoff
NP_1.20,1.2,0.05,0.175,,electrode_bound_first
NP_1.20,1.2,0.05,0.2,,electrode_bound_first
NP_1.20,1.2,0.05,0.225,,electrode_bound_first
NP_1.20,1.2,0.05,0.25,,electrode_bound_first
NP_1.20,1.2,0.075,0.0,1.3808216158440224e-14,voltage_cutoff
NP_1.20,1.2,0.075,0.025,0.0011070510156918,voltage_cutoff
NP_1.20,1.2,0.075,0.05,0.0024614860337912,voltage_cutoff
NP_1.20,1.2,0.075,0.075,0.0041358885807597,voltage_cutoff
NP_1.20,1.2,0.075,0.1,0.0062296732270133,voltage_cutoff
NP_1.20,1.2,0.075,0.125,0.0088567910826329,voltage_cutoff
NP_1.20,1.2,0.075,0.15,0.0119219075994331,voltage_cutoff
NP_1.20,1.2,0.075,0.175,0.1433113564214275,voltage_cutoff
NP_1.20,1.2,0.075,0.2,,electrode_bound_first
NP_1.20,1.2,0.075,0.225,,electrode_bound_first
NP_1.20,1.2,0.075,0.25,,electrode_bound_first
NP_1.20,1.2,0.1,0.0,1.4309715929429992e-16,voltage_cutoff
NP_1.20,1.2,0.1,0.025,0.0009649579912539,voltage_cutoff
NP_1.20,1.2,0.1,0.05,0.0019644496776207,voltage_cutoff
NP_1.20,1.2,0.1,0.075,0.0032764108482012,voltage_cutoff
NP_1.20,1.2,0.1,0.1,0.004925683113186,voltage_cutoff
NP_1.20,1.2,0.1,0.125,0.0070008731253802,voltage_cutoff
NP_1.20,1.2,0.1,0.15,0.0096100123342121,voltage_cutoff
NP_1.20,1.2,0.1,0.175,0.0125394726076047,voltage_cutoff
NP_1.20,1.2,0.1,0.2,0.4753468241024831,voltage_cutoff
NP_1.20,1.2,0.1,0.225,,electrode_bound_first
NP_1.20,1.2,0.1,0.25,,electrode_bound_first
NP_1.20,1.2,0.125,0.0,5.8764135486643785e-15,voltage_cutoff
NP_1.20,1.2,0.125,0.025,0.0009802118094512,voltage_cutoff
NP_1.20,1.2,0.125,0.05,0.0019972671847832,voltage_cutoff
NP_1.20,1.2,0.125,0.075,0.0029884508166508,voltage_cutoff
NP_1.20,1.2,0.125,0.1,0.0039716592611702,voltage_cutoff
NP_1.20,1.2,0.125,0.125,0.0054881818071238,voltage_cutoff
NP_1.20,1.2,0.125,0.15,0.0075449435303821,voltage_cutoff
NP_1.20,1.2,0.125,0.175,0.0101324809470798,voltage_cutoff
NP_1.20,1.2,0.125,0.2,0.0128630878710613,voltage_cutoff
NP_1.20,1.2,0.125,0.225,0.9270705629664552,voltage_cutoff
NP_1.20,1.2,0.125,0.25,,electrode_bound_first
NP_1.20,1.2,0.15,0.0,1.5093231374405554e-16,voltage_cutoff
NP_1.20,1.2,0.15,0.025,0.001008167005172,voltage_cutoff
NP_1.20,1.2,0.15,0.05,0.0020161502562307,voltage_cutoff
NP_1.20,1.2,0.15,0.075,0.0030220517149847,voltage_cutoff
NP_1.20,1.2,0.15,0.1,0.0041133963593325,voltage_cutoff
NP_1.20,1.2,0.15,0.125,0.0051374169121117,voltage_cutoff
NP_1.20,1.2,0.15,0.15,0.006155153674461,voltage_cutoff
NP_1.20,1.2,0.15,0.175,0.0078848764022132,voltage_cutoff
NP_1.20,1.2,0.15,0.2,0.0104459249397016,voltage_cutoff
NP_1.20,1.2,0.15,0.225,0.0128803763336421,voltage_cutoff
NP_1.20,1.2,0.15,0.25,,electrode_bound_first
NP_1.20,1.2,0.175,0.0,1.5518071311417652e-16,voltage_cutoff
NP_1.20,1.2,0.175,0.025,0.0010269652234227,voltage_cutoff
NP_1.20,1.2,0.175,0.05,0.0020598164284213,voltage_cutoff
NP_1.20,1.2,0.175,0.075,0.0030970586678138,voltage_cutoff
NP_1.20,1.2,0.175,0.1,0.0042201229608796,voltage_cutoff
NP_1.20,1.2,0.175,0.125,0.0052879027221779,voltage_cutoff
NP_1.20,1.2,0.175,0.15,0.0063572563332226,voltage_cutoff
NP_1.20,1.2,0.175,0.175,0.0075185819939856,voltage_cutoff
NP_1.20,1.2,0.175,0.2,0.0086941395146774,voltage_cutoff
NP_1.20,1.2,0.175,0.225,0.010564229818703,voltage_cutoff
NP_1.20,1.2,0.175,0.25,0.0151748010410957,voltage_cutoff
NP_1.20,1.2,0.2,0.0,1.5967520758815946e-16,voltage_cutoff
NP_1.20,1.2,0.2,0.025,0.0010674989659667,voltage_cutoff
NP_1.20,1.2,0.2,0.05,0.0021482049492729,voltage_cutoff
NP_1.20,1.2,0.2,0.075,0.0032935784252144,voltage_cutoff
NP_1.20,1.2,0.2,0.1,0.0044198029534845,voltage_cutoff
NP_1.20,1.2,0.2,0.125,0.0055588643305502,voltage_cutoff
NP_1.20,1.2,0.2,0.15,0.0067097199887675,voltage_cutoff
NP_1.20,1.2,0.2,0.175,0.0078711333125656,voltage_cutoff
NP_1.20,1.2,0.2,0.2,0.009041639962899,voltage_cutoff
NP_1.20,1.2,0.2,0.225,0.010435602257652,voltage_cutoff
NP_1.20,1.2,0.2,0.25,0.0116588194126176,voltage_cutoff
NP_1.20,1.2,0.225,0.0,1.6443781447836695e-16,voltage_cutoff
NP_1.20,1.2,0.225,0.025,0.0011866770580732,voltage_cutoff
NP_1.20,1.2,0.225,0.05,0.0023938043121213,voltage_cutoff
NP_1.20,1.2,0.225,0.075,0.0036216895367156,voltage_cutoff
NP_1.20,1.2,0.225,0.1,0.0048705995266783,voltage_cutoff
NP_1.20,1.2,0.225,0.125,0.0061407534343789,voltage_cutoff
NP_1.20,1.2,0.225,0.15,0.0074323148083554,voltage_cutoff
NP_1.20,1.2,0.225,0.175,0.0087453820494136,voltage_cutoff
NP_1.20,1.2,0.225,0.2,0.0100799770049293,voltage_cutoff
NP_1.20,1.2,0.225,0.225,0.0114360315533632,voltage_cutoff
NP_1.20,1.2,0.225,0.25,0.0128133733005366,voltage_cutoff
NP_1.20,1.2,0.25,0.0,1.694932599657657e-16,voltage_cutoff
NP_1.20,1.2,0.25,0.025,0.001436628776726,voltage_cutoff
NP_1.20,1.2,0.25,0.05,0.0028952227445716,voltage_cutoff
NP_1.20,1.2,0.25,0.075,0.004377058395179,voltage_cutoff
NP_1.20,1.2,0.25,0.1,0.0058834672186479,voltage_cutoff
NP_1.20,1.2,0.25,0.125,0.0074158413563679,voltage_cutoff
NP_1.20,1.2,0.25,0.15,0.0089756402382693,voltage_cutoff
NP_1.20,1.2,0.25,0.175,0.0105643984120943,voltage_cutoff
NP_1.20,1.2,0.25,0.2,0.0121837348378319,voltage_cutoff
NP_1.20,1.2,0.25,0.225,0.0138353641155136,voltage_cutoff
NP_1.20,1.2,0.25,0.25,0.0155211105287664,voltage_cutoff
