contact_fraction_R0,dLAMn,M_peak,qex_norm
0.0,0.0,2.2895492691375372e-15,1.687934443146331e-17
0.0,0.025,0.9995065813993755,0.012557962632899801
0.0,0.05,0.9995863882556809,0.026616946502424778
0.0,0.07500000000000001,0.9996725110764513,0.04103871751519539
0.0,0.1,0.9997491468279204,0.055640667216989535
0.0,0.125,0.9998317687202191,0.07021297923905351
0.0,0.15000000000000002,0.999900435216518,0.08427086482044346
0.0,0.17500000000000002,0.9999434006121434,0.09638188536393662
0.0,0.2,0.9999614274614881,0.10403698837786
0.0,0.225,0.9999709515327498,0.10549374434304609
0.0,0.25,0.999972942068567,0.10763124626501008
0.05,0.0,0.9741640529747883,0.010056360750525668
0.05,0.025,0.99956376620981,0.023430399944110607
0.05,0.05,0.9996418149042673,0.037266551429332245
0.05,0.07500000000000001,0.9997142908686634,0.05136378304653435
0.05,0.1,0.9997843170867498,0.06558668987836394
0.05,0.125,0.9998478703323465,0.07972064545715436
0.05,0.15000000000000002,0.9999121187129293,0.09323480904198568
0.05,0.17500000000000002,0.9999475421633968,0.10463344657989836
0.05,0.2,0.9999671243955728,0.11158984030507192
0.05,0.225,0.9999700024580044,0.11224597837861226
0.05,0.25,0.9999697880695888,0.11407269297990866
0.1,0.0,0.9995551341268706,0.02059144192709985
0.1,0.025,0.9996180582210528,0.033825041463668916
0.1,0.05,0.9996778075576406,0.047391905834560405
0.1,0.07500000000000001,0.9997442771585158,0.06116810925550475
0.1,0.1,0.9998126403755507,0.075022993613001
0.1,0.125,0.9998713820068327,0.088727812091816
0.1,0.15000000000000002,0.9999214267268429,0.10170170691918252
0.1,0.17500000000000002,0.9999509829983081,0.11239478671674913
0.1,0.2,0.9999665703822377,0.1186835481963731
0.1,0.225,0.9999748714891064,0.11852683869501586
0.1,0.25,0.9999726373073071,0.12006609811659998
0.15000000000000002,0.0,0.9996055133856452,0.030690580017950067
0.15000000000000002,0.025,0.9996595939608164,0.043716114711408065
0.15000000000000002,0.05,0.9997221322466318,0.05701345964831195
0.15000000000000002,0.07500000000000001,0.9997797996316109,0.07047615983450198
0.15000000000000002,0.1,0.9998328951305805,0.08397315036967146
0.15000000000000002,0.125,0.9998837116480641,0.09725517741241399
0.15000000000000002,0.15000000000000002,0.9999270146972593,0.10968822373802299
0.15000000000000002,0.17500000000000002,0.9999586797872067,0.11968195314265478
0.15000000000000002,0.2,0.9999731829668117,0.1251544157555126
0.15000000000000002,0.225,0.9999780513257606,0.12434358586901835
0.15000000000000002,0.25,0.9999763811036162,0.12561660239893463
0.2,0.0,0.9996539742538324,0.04031663990149713
0.2,0.025,0.9997050712029837,0.05312427922602762
0.2,0.05,0.9997505029074817,0.06615520898250973
0.2,0.07500000000000001,0.9998036720895678,0.07931209416510174
0.2,0.1,0.9998514237029541,0.09245894214099235
0.2,0.125,0.9999015266327149,0.10532133920816547
0.2,0.15000000000000002,0.9999384877605216,0.11720942781282086
0.2,0.17500000000000002,0.9999574091215225,0.12651058213147864
0.2,0.2,0.9999734271244287,0.13095871688146615
0.2,0.225,0.9999751227780548,0.12970191411123316
0.2,0.25,0.9999768478885408,0.13072687858251955
0.25,0.0,0.9996919966108397,0.049486152712670047
0.25,0.025,0.9997377991409045,0.06207181506036875
0.25,0.05,0.9997866337399162,0.07484038990826519
0.25,0.07500000000000001,0.9998311704132065,0.08769792963237467
0.25,0.1,0.9998706028439185,0.10049996608459826
0.25,0.125,0.9999109540745075,0.11294327802605389
0.25,0.15000000000000002,0.9999424902877522,0.12427922864124849
0.25,0.17500000000000002,0.9999604922820289,0.13289457483323008
0.25,0.2,0.9999797336492399,0.13628846039532977
0.25,0.225,0.999981530288549,0.13460232916504272
0.25,0.25,0.9999819815751815,0.1353996538590047
0.30000000000000004,0.0,0.9997300095945099,0.05821773338947383
0.30000000000000004,0.025,0.9997756387267273,0.07058073780626488
0.30000000000000004,0.05,0.9998123005234094,0.08309148700241584
0.30000000000000004,0.07500000000000001,0.9998522884566192,0.09565506339593305
0.30000000000000004,0.1,0.9998878840558051,0.10811463591422789
0.30000000000000004,0.125,0.9999264121404982,0.12013427238404102
0.30000000000000004,0.15000000000000002,0.9999477461007187,0.13090965537866814
0.30000000000000004,0.17500000000000002,0.9999636992645471,0.13884577546339058
0.30000000000000004,0.2,0.9999809736071172,0.14114892041349875
0.30000000000000004,0.225,0.9999823864596298,0.1390464766387874
0.30000000000000004,0.25,0.9999834642211513,0.13963195741897855
0.35000000000000003,0.0,0.9997627238914775,0.06653089603992676
0.35000000000000003,0.025,0.9997979434607669,0.0786719953718261
0.35000000000000003,0.05,0.9998390986096273,0.09092834356566923
0.35000000000000003,0.07500000000000001,0.9998703120368931,0.10320132934829274
0.35000000000000003,0.1,0.9999046477812216,0.11531844904204301
0.35000000000000003,0.125,0.9999302041624205,0.12690797552249242
0.35000000000000003,0.15000000000000002,0.999958699045895,0.13711003889578294
0.35000000000000003,0.17500000000000002,0.999975182208809,0.1443746209568289
0.35000000000000003,0.2,0.9999781323703083,0.1455379874140447
0.35000000000000003,0.225,0.9999798992584089,0.14303026356662202
0.35000000000000003,0.25,0.9999791936005065,0.14341973278603992
0.4,0.0,0.9997948609080941,0.07444440498362485
0.4,0.025,0.9998225181855218,0.08636461290373378
0.4,0.05,0.9998563388687234,0.0983694047830291
0.4,0.07500000000000001,0.999890764337829,0.11035312051331386
0.4,0.1,0.9999182773602756,0.12212449384578261
0.4,0.125,0.9999399783306168,0.13327233439730715
0.4,0.15000000000000002,0.9999597990215048,0.14288840963559288
0.4,0.17500000000000002,0.9999750370718085,0.14949082877049738
0.4,0.2,0.9999799262639606,0.14945120779023938
0.4,0.225,0.9999811327530932,0.14654535550649095
0.4,0.25,0.9999810518128336,0.1467544706502342
0.45,0.0,0.9998202380738449,0.08197629681311897
0.45,0.025,0.999849760472684,0.0936771913847442
0.45,0.05,0.9998789109246783,0.10543100316492199
0.45,0.07500000000000001,0.9999056526620042,0.1171235794692483
0.45,0.1,0.9999278352350711,0.12854231079866768
0.45,0.125,0.999946983337005,0.13923414980718027
0.45,0.15000000000000002,0.999968392674006,0.1482507534267936
0.45,0.17500000000000002,0.9999784090972822,0.15419942812486143
0.45,0.2,0.9999846455208407,0.15287992406879475
0.45,0.225,0.9999836738849482,0.14958026800815868
0.45,0.25,0.9999834402943424,0.14962368489375974
0.5,0.0,0.9998435471842831,0.08914326540740014
0.5,0.025,0.9998653048669489,0.10062367062944423
0.5,0.05,0.9998952943748002,0.11212653297794503
0.5,0.07500000000000001,0.9999174124495419,0.12352468193280133
0.5,0.1,0.9999369732534402,0.13458033890324742
0.5,0.125,0.9999571884390607,0.1447977766628332
0.5,0.15000000000000002,0.9999732179060573,0.15320059946528944
0.5,0.17500000000000002,0.9999852848492202,0.15803778489234566
0.5,0.2,0.9999885236135215,0.15581066217659992
0.5,0.225,0.9999850151283963,0.15211713042567448
0.5,0.25,0.9999865217706907,0.15200872938643278
