family,LLI,LAM,M_peak,M_rms,qex_norm,capdiff
LLI_vs_LAMn,0.0,0.0,1.2963735398395428e-16,6.604241400675235e-17,1.4859234809379002e-17,0.0
LLI_vs_LAMp,0.0,0.0,1.9186328389625236e-14,1.9292806168081595e-15,5.415753098881744e-16,0.0
LLI_vs_LAMn,0.0,0.025,0.9998086440582631,0.0664613500414618,0.0063461079977093285,7.140577696837336e-05
LLI_vs_LAMp,0.0,0.025,0.001089645746876193,0.00037235333771965104,0.000278081588505468,-9.69650627431573e-08
LLI_vs_LAMn,0.0,0.05,0.9998540793293915,0.13501545267733606,0.014544325781445398,0.00014280135032292786
LLI_vs_LAMp,0.0,0.05,0.002175652570011757,0.0007496356537018462,0.0005578426328980632,-2.3409913918707476e-07
LLI_vs_LAMn,0.0,0.07500000000000001,0.9999052601112401,0.18107515657219864,0.022446995460691458,0.00021418230782524662
LLI_vs_LAMp,0.0,0.07500000000000001,0.003310622912991484,0.0011348396483369327,0.0008401638852499026,-4.259027214842873e-07
LLI_vs_LAMn,0.0,0.1,0.9999406152621692,0.21098697973056077,0.029020590856668384,0.00028553691122109475
LLI_vs_LAMp,0.0,0.1,0.004406322823218606,0.0015308944348528652,0.0011259291466243911,-6.951523483248944e-07
LLI_vs_LAMn,0.0,0.125,0.9999560242335299,0.22194266482487757,0.032283119345644505,0.00035681508022567204
LLI_vs_LAMp,0.0,0.125,0.00549528598834667,0.0019444295822341013,0.0014171459408602708,-1.080075273729062e-06
LLI_vs_LAMn,0.0,0.15000000000000002,0.9999598729482413,0.21110860394910785,0.031037723508029864,-0.000700275143114212
LLI_vs_LAMp,0.0,0.15000000000000002,0.006697673155833681,0.0023839226924379647,0.0017162742857527264,-1.6509017156510936e-06
LLI_vs_LAMn,0.0,0.17500000000000002,0.9999594532334208,0.19421989995394745,0.02939446898650655,-0.03053251457751966
LLI_vs_LAMp,0.0,0.17500000000000002,0.008062796932583325,0.002862767298222647,0.002032351299998699,-2.554778371160909e-06
LLI_vs_LAMn,0.0,0.2,0.9999577276573641,0.1743274496962317,0.027665583035686267,-0.06128704833286195
LLI_vs_LAMp,0.0,0.2,0.010506990709230741,0.0034028394636556013,0.0023811483715996205,-4.172693953287634e-06
LLI_vs_LAMn,0.0,0.225,0.9999556933522079,0.15180166390711686,0.026118872397394886,-0.09298783960398918
LLI_vs_LAMp,0.0,0.225,0.013615643514135946,0.00402999032134942,0.0027739181567368707,-8.002414894003887e-06
LLI_vs_LAMn,0.0,0.25,0.9999498703905112,0.12627281693450773,0.02492913312374625,-0.12567892678427373
LLI_vs_LAMp,0.0,0.25,0.016605583421276954,0.004400501608903803,0.003074763152443218,-0.0015746856071116998
LLI_vs_LAMn,0.025,0.0,0.9997458388718643,0.1021830770480413,0.010106995574909903,0.0237943619483878
LLI_vs_LAMp,0.025,0.0,0.050982857497684546,0.019403782134277542,0.015752705489324923,0.0237943619483878
LLI_vs_LAMn,0.025,0.025,0.9997947213759928,0.1600933527929174,0.017714515703309498,0.023865757588048066
LLI_vs_LAMp,0.025,0.025,0.05189230426902446,0.0196715429580705,0.015960901092998792,0.023794264997049716
LLI_vs_LAMn,0.025,0.05,0.9998507969550543,0.2041288223776015,0.02564606447489776,0.02393714296490359
LLI_vs_LAMp,0.025,0.05,0.05279584159830106,0.01993995114643316,0.016166074025104733,0.023794127882383363
LLI_vs_LAMn,0.025,0.07500000000000001,0.9998960585889072,0.23816700608990557,0.03325988861222521,0.024008513667377798
LLI_vs_LAMp,0.025,0.07500000000000001,0.053687238540502745,0.020209437603117792,0.01636802655871359,0.02379393610594875
LLI_vs_LAMn,0.025,0.1,0.9999374117982944,0.2617997944972132,0.03959278052629555,0.024079857958955092
LLI_vs_LAMp,0.025,0.1,0.054571915523880854,0.020480299640532995,0.016566103085872814,0.023793666894430493
LLI_vs_LAMn,0.025,0.125,0.9999507750674888,0.27058274386966713,0.04264242204811155,0.024151125766718955
LLI_vs_LAMp,0.025,0.125,0.05544277559376209,0.020753025875029866,0.01675915734447331,0.023793282025984137
LLI_vs_LAMn,0.025,0.15000000000000002,0.9999608120286375,0.26137196029720505,0.04110184985819196,0.0230941830075583
LLI_vs_LAMp,0.025,0.15000000000000002,0.05630570995169422,0.0210289148834721,0.016945932265398925,0.02379271128032938
LLI_vs_LAMn,0.025,0.17500000000000002,0.9999613339961247,0.24656535297580087,0.03904748790162519,-0.006739376671289158
LLI_vs_LAMp,0.025,0.17500000000000002,0.05715293111113897,0.021309296689801235,0.0171234942157029,0.023791807531588598
LLI_vs_LAMn,0.025,0.2,0.9999555681188264,0.22942563432003532,0.03678482037336268,-0.037506360136425027
LLI_vs_LAMp,0.025,0.2,0.057989884799236,0.021595709981799955,0.017286232753137492,0.02379018984494622
LLI_vs_LAMn,0.025,0.225,0.9999522110679444,0.2104634597677318,0.03456127770559228,-0.0692317729739166
LLI_vs_LAMp,0.025,0.225,0.05880948117531181,0.021885132119385472,0.01741917308221553,0.02378636066579804
LLI_vs_LAMn,0.025,0.25,0.9999444122735743,0.18974219086089303,0.03251856411507356,-0.10196079199525909
LLI_vs_LAMp,0.025,0.25,0.05964681406899672,0.02197702108270089,0.017321398048158902,0.02221988447848525
LLI_vs_LAMn,0.05,0.0,0.9997371797336022,0.18490154409249684,0.022347402513136418,0.04816173180215761
LLI_vs_LAMp,0.05,0.0,0.09541643432629007,0.03728749773057864,0.030207372359105294,0.04816173180215761
LLI_vs_LAMn,0.05,0.025,0.9997883365592062,0.22598089050904885,0.029692663780847256,0.048233096110409546
LLI_vs_LAMp,0.05,0.025,0.09625554606435761,0.037548084961911726,0.03041990825728403,0.04816163489332364
LLI_vs_LAMn,0.05,0.05,0.9998362449219919,0.2596867092102216,0.03755460450412287,0.048304450098288036
LLI_vs_LAMp,0.05,0.05,0.09708665835664754,0.037807763912156137,0.030629467057301154,0.04816149783876908
LLI_vs_LAMn,0.05,0.07500000000000001,0.9998913672499289,0.28730456699580453,0.04506953300127816,0.04837578935618894
LLI_vs_LAMp,0.05,0.07500000000000001,0.09790764676958766,0.03806647300922076,0.03083538363482904,0.04816130614640987
LLI_vs_LAMn,0.05,0.1,0.9999313084021221,0.30727854584047143,0.051197079863664285,0.0484471021528212
LLI_vs_LAMp,0.05,0.1,0.09872236637300956,0.03832445685961488,0.031037271406327883,0.04816103705291405
LLI_vs_LAMn,0.05,0.125,0.999953741186868,0.3147760549470261,0.05390069487422922,0.04851833843750716
LLI_vs_LAMp,0.05,0.125,0.09952294709464587,0.038581759847914135,0.031234089416389506,0.048160652353192654
LLI_vs_LAMn,0.05,0.15000000000000002,0.999959835513915,0.3067258488753631,0.05199574050704343,0.04746185683919053
LLI_vs_LAMp,0.05,0.15000000000000002,0.10031855629172574,0.03883831894059734,0.03142413928168971,0.04816008185774743
LLI_vs_LAMn,0.05,0.17500000000000002,0.9999550684884962,0.2933121094633059,0.04963949569044951,0.017635700543664062
LLI_vs_LAMp,0.05,0.17500000000000002,0.10109817906714444,0.039094242506814786,0.03160501106619385,0.048159178505193495
LLI_vs_LAMn,0.05,0.2,0.9999539906325604,0.2779013892895762,0.046999208055074244,-0.013135009150757817
LLI_vs_LAMp,0.05,0.2,0.10186863224794435,0.03934819545268063,0.03177100070999616,0.048157561527690386
LLI_vs_LAMn,0.05,0.225,0.9999488579065386,0.26099260221359427,0.04429848254093484,-0.04487635198696243
LLI_vs_LAMp,0.05,0.225,0.10262332445234933,0.039591677504566304,0.03190642640194959,0.04815373402699819
LLI_vs_LAMn,0.05,0.25,0.9999458676351212,0.24269681163837672,0.04165737948436519,-0.07763467399824549
LLI_vs_LAMp,0.05,0.25,0.10342424039367931,0.03964774256328878,0.031817005245639365,0.04658792949736596
LLI_vs_LAMn,0.07500000000000001,0.0,0.9997237083259115,0.2483414838372805,0.0348835977330647,0.0731230568632546
LLI_vs_LAMp,0.07500000000000001,0.0,0.13120746551487086,0.05357475799257357,0.04351844037975048,0.0731230568632546
LLI_vs_LAMn,0.07500000000000001,0.025,0.9997725046581396,0.28066340307069954,0.042059316982192334,0.07319436709579687
LLI_vs_LAMp,0.07500000000000001,0.025,0.13195185788341182,0.05382898884006179,0.04376323317195165,0.07312296002780928
LLI_vs_LAMn,0.07500000000000001,0.05,0.9998325935684393,0.30850461346208663,0.04985261800965342,0.07326566695224872
LLI_vs_LAMp,0.07500000000000001,0.05,0.1326853610590487,0.05408197217705283,0.04401104529616401,0.07312282307704533
LLI_vs_LAMn,0.07500000000000001,0.07500000000000001,0.9998847087196754,0.3320754014773438,0.057383549064910534,0.0733369520263848
LLI_vs_LAMp,0.07500000000000001,0.07500000000000001,0.13341796887299512,0.05433361075548993,0.04425509262529491,0.07312263152985328
LLI_vs_LAMn,0.07500000000000001,0.1,0.9999295558330339,0.34957621963920393,0.06354930378892486,0.0734082105958793
LLI_vs_LAMp,0.07500000000000001,0.1,0.13413882044839479,0.054583657308274365,0.04449450812349346,0.07312236264013912
LLI_vs_LAMn,0.07500000000000001,0.125,0.9999519532967832,0.356241739538373,0.06614615199679282,0.07347939264825123
LLI_vs_LAMp,0.07500000000000001,0.125,0.134851947994667,0.05483211347786184,0.04472861780214525,0.07312197823174517
LLI_vs_LAMn,0.07500000000000001,0.15000000000000002,0.9999574460375673,0.349127344711909,0.06390256820687204,0.07242370885694073
LLI_vs_LAMp,0.07500000000000001,0.15000000000000002,0.13555759769906156,0.05507872938601928,0.04495583546823163,0.0731214081683244
LLI_vs_LAMn,0.07500000000000001,0.17500000000000002,0.9999583486746944,0.3368055422323899,0.06114214450956733,0.042614327800923404
LLI_vs_LAMp,0.07500000000000001,0.17500000000000002,0.13624897087263632,0.05532247445198849,0.04517313880474431,0.07312050549985241
LLI_vs_LAMn,0.07500000000000001,0.2,0.9999547405433751,0.32271265440655506,0.05817195582446397,0.011849284161234111
LLI_vs_LAMp,0.07500000000000001,0.2,0.13693557062781242,0.05556095021842521,0.04537497621973777,0.07311888974681273
LLI_vs_LAMn,0.07500000000000001,0.225,0.9999466537177382,0.3073138031319876,0.05513969088161887,-0.019898608161301314
LLI_vs_LAMp,0.07500000000000001,0.225,0.13760616202959616,0.055783947435317956,0.04554592483695256,0.07311506514438247
LLI_vs_LAMn,0.07500000000000001,0.25,0.9999459234151427,0.2907239850508886,0.05208179397513098,-0.05267689544795918
LLI_vs_LAMp,0.07500000000000001,0.25,0.13835006486004353,0.0558231770627624,0.04549607426961899,0.07155043093949622
LLI_vs_LAMn,0.1,0.0,0.9997057089667698,0.30240991414049395,0.04772609450159618,0.09870031819287944
LLI_vs_LAMp,0.1,0.0,0.15881522869663153,0.06866601958181415,0.05676402043890953,0.09870031819287944
LLI_vs_LAMn,0.1,0.025,0.9997625695474905,0.32950869042285,0.05486817493398711,0.09877154993998438
LLI_vs_LAMp,0.1,0.025,0.1594694784381742,0.06891961702521127,0.057026393775596054,0.09870022146396888
LLI_vs_LAMn,0.1,0.05,0.9998185719338497,0.3534667745465351,0.062498121507421366,0.09884277125738582
LLI_vs_LAMp,0.1,0.05,0.16011484548209506,0.06917164557566732,0.057285451925613975,0.09870008466387288
LLI_vs_LAMn,0.1,0.07500000000000001,0.999882663130499,0.3741567171279355,0.07004298938518591,0.09891397774374648
LLI_vs_LAMp,0.1,0.07500000000000001,0.16075853864531084,0.06942208393587462,0.05754089578022674,0.09869989332741325
LLI_vs_LAMn,0.1,0.1,0.9999249821731391,0.3898336247515268,0.07629576948005436,0.09898515768972037
LLI_vs_LAMp,0.1,0.1,0.16139486748821158,0.06967080357767204,0.05779212601761312,0.0986996247335198
LLI_vs_LAMn,0.1,0.125,0.9999490812915635,0.39592801197565075,0.07894082226334333,0.0990562611381489
LLI_vs_LAMp,0.1,0.125,0.16202064731754437,0.06991732865377266,0.05803795539546167,0.09869924074803357
LLI_vs_LAMn,0.1,0.15000000000000002,0.9999576373344579,0.3896181117605668,0.07660640307884152,0.09800173645556651
LLI_vs_LAMp,0.1,0.15000000000000002,0.16264555706727493,0.07016114202385115,0.05827695934736258,0.09869867131176581
LLI_vs_LAMn,0.1,0.17500000000000002,0.9999522922330355,0.37823046104526437,0.0736548522476908,0.0682191994298747
LLI_vs_LAMp,0.1,0.17500000000000002,0.16325836061204307,0.07040117515155529,0.058506459531607144,0.09869776963635246
LLI_vs_LAMn,0.1,0.2,0.9999518523249998,0.3652447048620376,0.07034980916114073,0.03746993424743188
LLI_vs_LAMp,0.1,0.2,0.16386108049910564,0.0706339812829227,0.058720649835451534,0.09869615566083584
LLI_vs_LAMn,0.1,0.225,0.9999465829604803,0.35109390219584097,0.0669638935876075,0.005725615913485046
LLI_vs_LAMp,0.1,0.225,0.16445709330714148,0.07084802160523745,0.058903676121660864,0.09869233526579607
LLI_vs_LAMn,0.1,0.25,0.9999414979436811,0.3358877100153404,0.0636077650143638,-0.027062533228465392
LLI_vs_LAMp,0.1,0.25,0.16514564982678842,0.07088097143230791,0.05887131780870668,0.09712940659670885
LLI_vs_LAMn,0.125,0.0,0.9996898483378052,0.3514334487081374,0.06088633847924076,0.12491659453074277
LLI_vs_LAMp,0.125,0.0,0.17980075260486483,0.08303780453963965,0.06949612291171338,0.12491659453074277
LLI_vs_LAMn,0.125,0.025,0.9997499691204124,0.37492627929247846,0.06807659911795426,0.12498772159238852
LLI_vs_LAMp,0.125,0.025,0.18038157827971152,0.08329548772768304,0.06976902790696288,0.12491649794394422
LLI_vs_LAMn,0.125,0.05,0.9998076319054593,0.39602733712326066,0.07550910413948422,0.1250588381730988
LLI_vs_LAMp,0.125,0.05,0.1809553895029638,0.0835516704433073,0.07003900886688554,0.12491636134483175
LLI_vs_LAMn,0.125,0.07500000000000001,0.9998705372458228,0.41450351613110564,0.08303084276767671,0.12512993987804444
LLI_vs_LAMp,0.125,0.07500000000000001,0.18152589488480136,0.08380602684042823,0.0703055305471069,0.12491617028947875
LLI_vs_LAMn,0.125,0.1,0.999923086166036,0.42874680595466125,0.08936497320785715,0.1252010150151679
LLI_vs_LAMp,0.125,0.1,0.1820936333297654,0.08405829278814335,0.070567806408954,0.12491590209019578
LLI_vs_LAMn,0.125,0.125,0.9999457404370399,0.43442960214324594,0.09208623819797201,0.12527201370101446
LLI_vs_LAMp,0.125,0.125,0.18265275896012187,0.08430816161520169,0.07082521756553621,0.12491551866884842
LLI_vs_LAMn,0.125,0.15000000000000002,0.9999603518191604,0.4288360140721088,0.08973278026503949,0.12421903593329413
LLI_vs_LAMp,0.125,0.15000000000000002,0.18320715508339921,0.08455475878338418,0.07107594455449864,0.12491495006917416
LLI_vs_LAMn,0.125,0.17500000000000002,0.9999553185706266,0.4182869290510652,0.08675484948040024,0.09447416148527453
LLI_vs_LAMp,0.125,0.17500000000000002,0.18375637927778432,0.08479650622051295,0.07131722550169199,0.12491404971845839
LLI_vs_LAMn,0.125,0.2,0.9999494716416802,0.40628510974733006,0.08335618530285772,0.06375156301367879
LLI_vs_LAMp,0.125,0.2,0.18429434257702623,0.0850297590667163,0.07154344983724127,0.1249124381140893
LLI_vs_LAMn,0.125,0.225,0.9999431696047876,0.3932334281934604,0.07977589758856336,0.032021743863483026
LLI_vs_LAMp,0.125,0.225,0.18482604897216903,0.08524227057827269,0.07173889679918691,0.12490862333158848
LLI_vs_LAMn,0.125,0.25,0.9999442167839478,0.3792338146836575,0.07612473663358928,-0.0007653360796936426
LLI_vs_LAMp,0.125,0.25,0.18547113922961297,0.08527633300834171,0.07172363602087364,0.12334797469484382
LLI_vs_LAMn,0.15000000000000002,0.0,0.9996761050404434,0.3974483905841239,0.07437656254274912,0.15179613075468526
LLI_vs_LAMp,0.15000000000000002,0.0,0.19586105464668044,0.09701536494247615,0.08178968712867968,0.15179613075468526
LLI_vs_LAMn,0.15000000000000002,0.025,0.9997353074501685,0.4182040258804366,0.08166770184455768,0.1518671250051307
LLI_vs_LAMp,0.15000000000000002,0.025,0.1963846321328046,0.0972791711168005,0.08207269611005959,0.151796034348191
LLI_vs_LAMn,0.15000000000000002,0.05,0.9998032871883846,0.4370483151458689,0.08898805905861915,0.15193810872609478
LLI_vs_LAMp,0.15000000000000002,0.05,0.19690270325603654,0.09754125284252876,0.08235281284528348,0.15179589800407592
LLI_vs_LAMn,0.15000000000000002,0.07500000000000001,0.9998704795951757,0.45372289442830593,0.09636526554340658,0.1520090775309953
LLI_vs_LAMp,0.15000000000000002,0.07500000000000001,0.1974215535495528,0.09780144868432239,0.08262974822650566,0.1517957073053765
LLI_vs_LAMn,0.15000000000000002,0.1,0.9999226405344854,0.46677829893509704,0.10274735403677125,0.15208001974968857
LLI_vs_LAMp,0.15000000000000002,0.1,0.197935744645448,0.09805939332121717,0.08290297299444586,0.15179543960675515
LLI_vs_LAMn,0.15000000000000002,0.125,0.999947238986372,0.4721468811138094,0.10553934412824816,0.15215088559215545
LLI_vs_LAMp,0.15000000000000002,0.125,0.1984428727683448,0.0983144287486871,0.0831711636128984,0.15179505690115877
LLI_vs_LAMn,0.15000000000000002,0.15000000000000002,0.9999574936327039,0.4672023011488918,0.1031733356050047,0.15109987105502967
LLI_vs_LAMp,0.15000000000000002,0.15000000000000002,0.1989477061772526,0.09856573025834299,0.08343303809349698,0.15179448936291307
LLI_vs_LAMn,0.15000000000000002,0.17500000000000002,0.9999520444184327,0.45742784918971685,0.1002064359444923,0.12140428482030224
LLI_vs_LAMp,0.15000000000000002,0.17500000000000002,0.19944725610353842,0.09881167771619816,0.08368602705364256,0.15179359069291037
LLI_vs_LAMn,0.15000000000000002,0.2,0.9999508345667149,0.44632810495445224,0.09679809908175965,0.0907200777453184
LLI_vs_LAMp,0.15000000000000002,0.2,0.19993716667833514,0.09904801108436266,0.08392406232136013,0.15179198209694666
LLI_vs_LAMn,0.15000000000000002,0.225,0.9999427291069999,0.434279115817956,0.09317729131135966,0.059016548662916085
LLI_vs_LAMp,0.15000000000000002,0.225,0.20042164929134032,0.09926192108300676,0.08413149717021115,0.15178817443541673
LLI_vs_LAMn,0.15000000000000002,0.25,0.999937286554669,0.4213753981740631,0.08943162652417283,0.02624236413661916
LLI_vs_LAMp,0.15000000000000002,0.25,0.20103736666710134,0.09930139300146762,0.08413308459339265,0.1502304225864562
LLI_vs_LAMn,0.17500000000000002,0.0,0.9996665348171981,0.44160016150962306,0.08820950586333486,0.1793644112334585
LLI_vs_LAMp,0.17500000000000002,0.0,0.20843751036510635,0.11076697819474399,0.09376846874062865,0.1793644112334585
LLI_vs_LAMn,0.17500000000000002,0.025,0.9997292214644558,0.46013143442972465,0.0956090753290749,0.17943524247425027
LLI_vs_LAMp,0.17500000000000002,0.025,0.20891938977698987,0.11103616354863056,0.09406081914474462,0.17936431504827544
LLI_vs_LAMn,0.17500000000000002,0.05,0.9997977053918585,0.47709056883964984,0.10293482607682891,0.17950606314003634
LLI_vs_LAMp,0.17500000000000002,0.05,0.20940233394624005,0.11130362628899844,0.09435068721178855,0.17936417901715235
LLI_vs_LAMn,0.17500000000000002,0.07500000000000001,0.9998595079855506,0.4922257631428183,0.1101242662026911,0.1795768688543483
LLI_vs_LAMp,0.17500000000000002,0.07500000000000001,0.20988054567224285,0.11156896598142169,0.09463747275483377,0.17936398875622106
LLI_vs_LAMn,0.17500000000000002,0.1,0.9999200759571713,0.5042465851657849,0.11646665489388268,0.17964764797392244
LLI_vs_LAMp,0.17500000000000002,0.1,0.21035349371013812,0.11183178549450626,0.09492076288874608,0.1793637216721281
LLI_vs_LAMn,0.17500000000000002,0.125,0.9999493120398317,0.5093540592119888,0.11929611679601029,0.17971835082336055
LLI_vs_LAMp,0.17500000000000002,0.125,0.21082765420979133,0.1120915297170036,0.09519953108527301,0.1793633398450681
LLI_vs_LAMn,0.17500000000000002,0.15000000000000002,0.9999592281642913,0.5049985913885093,0.11689585734771135,0.17866974651865236
LLI_vs_LAMp,0.17500000000000002,0.15000000000000002,0.21129606380515206,0.11234719277422334,0.09547227097432556,0.17936277360965572
LLI_vs_LAMn,0.17500000000000002,0.17500000000000002,0.9999560195744861,0.4959487421474909,0.11393645199724271,0.1490359434987509
LLI_vs_LAMp,0.17500000000000002,0.17500000000000002,0.21175709999391967,0.11259675612502018,0.09573629571598236,0.17936187700261888
LLI_vs_LAMn,0.17500000000000002,0.2,0.9999488837473767,0.48568980415447843,0.11053224844080627,0.11840275484548222
LLI_vs_LAMp,0.17500000000000002,0.2,0.21221498161322366,0.1128359086417263,0.09598578995474885,0.1793602720992826
LLI_vs_LAMn,0.17500000000000002,0.225,0.9999461096893796,0.4745718122339142,0.1069091635880633,0.08673824210650719
LLI_vs_LAMp,0.17500000000000002,0.225,0.21266650998618078,0.11305163947940987,0.09620496669480019,0.17935647317832282
LLI_vs_LAMn,0.17500000000000002,0.25,0.9999428753860389,0.4626826071213755,0.10314603875095932,0.05398974808422207
LLI_vs_LAMp,0.17500000000000002,0.25,0.21326550371930472,0.11309809717393705,0.09622336097784102,0.17780228035901405
LLI_vs_LAMn,0.2,0.0,0.9996678639119972,0.484607563840099,0.10239881265304794,0.2076482390415632
LLI_vs_LAMp,0.2,0.0,0.2256241446988672,0.12440807309365563,0.10564533148764085,0.2076482390415632
LLI_vs_LAMn,0.2,0.025,0.9997297261535457,0.501227051109645,0.10990849944791468,0.2077188748418523
LLI_vs_LAMp,0.2,0.025,0.2256990127859325,0.12468063951862894,0.10594640869831641,0.20764814312172983
LLI_vs_LAMn,0.2,0.05,0.9997960452431373,0.516532410786818,0.11726517977397662,0.20778950002500188
LLI_vs_LAMp,0.2,0.05,0.2257540284450629,0.12495128904426159,0.10624510662580691,0.20764800746588066
LLI_vs_LAMn,0.2,0.07500000000000001,0.9998569175263206,0.5302915121470732,0.12450445617023087,0.20786011022666237
LLI_vs_LAMp,0.2,0.07500000000000001,0.225789484227308,0.12521972420788774,0.10654108896113006,0.20764781772982857
LLI_vs_LAMn,0.2,0.1,0.9999210889991247,0.541365454432079,0.13063411099606784,0.20793069383578294
LLI_vs_LAMp,0.2,0.1,0.2257995264838701,0.12548555850775767,0.10683398021322948,0.2076475513825485
LLI_vs_LAMn,0.2,0.125,0.9999494812805396,0.5462295273746778,0.1333981879491342,0.20800120131433716
LLI_vs_LAMp,0.2,0.125,0.22577961889907988,0.12574806134990227,0.10712272611121336,0.2076471706088446
LLI_vs_LAMn,0.2,0.15000000000000002,0.9999542215174018,0.5424021714928219,0.13090662266290148,0.206955487294382
LLI_vs_LAMp,0.2,0.15000000000000002,0.22572326908029985,0.12600604534621726,0.10740560198421778,0.20764660593551645
LLI_vs_LAMn,0.2,0.17500000000000002,0.9999502927846237,0.5340285191252566,0.12791917237244088,0.17739689956480945
LLI_vs_LAMp,0.2,0.17500000000000002,0.22561866036209582,0.12625750659494225,0.10768012804973753,0.20764571180195698
LLI_vs_LAMn,0.2,0.2,0.9999465998994899,0.5245529130344457,0.12449712297176671,0.1468283304623221
LLI_vs_LAMp,0.2,0.2,0.22545463288422063,0.1264980028552002,0.10794078308399375,0.20764411132605243
LLI_vs_LAMn,0.2,0.225,0.9999485684153778,0.5143016426484139,0.12086337287509735,0.11521657175358815
LLI_vs_LAMp,0.2,0.225,0.2252058021723387,0.12671418801795617,0.10817139508855134,0.20764032288499426
LLI_vs_LAMn,0.2,0.25,0.9999383100678856,0.503356054085935,0.11709049417691557,0.08250761271105686
LLI_vs_LAMp,0.2,0.25,0.22479851864886766,0.12676735573485945,0.10820604612989251,0.20609040032995024
LLI_vs_LAMn,0.225,0.0,0.9996739851836933,0.5269443718968517,0.11695838400109076,0.2366758240309114
LLI_vs_LAMp,0.225,0.0,0.24778880212665708,0.13811167909398273,0.11777765361802325,0.2366758240309114
LLI_vs_LAMn,0.225,0.025,0.9997358356495558,0.5418391052167577,0.12458023506316737,0.23674622955381078
LLI_vs_LAMp,0.225,0.025,0.24785128902272185,0.13838518061390495,0.11808633077774387,0.23667572842373338
LLI_vs_LAMn,0.225,0.05,0.9997946186751856,0.5556279612710597,0.1320468903607646,0.236816624421234
LLI_vs_LAMp,0.225,0.05,0.2478917651131262,0.13865671232319882,0.11839302136598825,0.2366755932100609
LLI_vs_LAMn,0.225,0.07500000000000001,0.9998661249487091,0.5681022641460677,0.1392767038283006,0.23688700428310377
LLI_vs_LAMp,0.225,0.07500000000000001,0.24791365073118918,0.13892597255641284,0.11869742229928391,0.23667540409246202
LLI_vs_LAMn,0.225,0.1,0.9999221888276867,0.5782665778567756,0.1455367357365304,0.23695735756631056
LLI_vs_LAMp,0.225,0.1,0.24790727750272976,0.13919245473296135,0.11899895480066791,0.23667513861335204
LLI_vs_LAMn,0.225,0.125,0.999952452973028,0.5828722561592921,0.14811878921032187,0.2370276348946378
LLI_vs_LAMp,0.225,0.125,0.2478714718529469,0.1394553606383095,0.11929666525313855,0.23667475908079405
LLI_vs_LAMn,0.225,0.15000000000000002,0.9999615660168175,0.5795024596274579,0.1453118262354985,0.23598532683341727
LLI_vs_LAMp,0.225,0.15000000000000002,0.24779618552999633,0.13971350726163728,0.11958905249781471,0.2366741962480356
LLI_vs_LAMn,0.225,0.17500000000000002,0.999953523994258,0.5717481109626925,0.14219530728485855,0.20651639722919451
LLI_vs_LAMp,0.225,0.17500000000000002,0.24767268266712314,0.13996478853251762,0.11987353502143006,0.2366733050289217
LLI_vs_LAMn,0.225,0.2,0.9999547408904411,0.5629913624038262,0.13868666709354097,0.17602710113196182
LLI_vs_LAMp,0.225,0.2,0.24748642190849113,0.14020449643117286,0.12014444775273904,0.2366717097697702
LLI_vs_LAMn,0.225,0.225,0.9999487400528563,0.5535361308459893,0.13498356309309834,0.14448292854485686
LLI_vs_LAMp,0.225,0.225,0.24721503832451525,0.14041924723732277,0.12038575123710601,0.23666793367699054
LLI_vs_LAMn,0.225,0.25,0.9999459038663022,0.5434561237935538,0.131127700271336,0.11182848640130585
LLI_vs_LAMp,0.225,0.25,0.24677947093736058,0.14047865098115098,0.12043732796425113,0.2351230454265522
LLI_vs_LAMn,0.25,0.0,0.9997014852482918,0.5689253828337643,0.13190306705159194,0.2664768869850649
LLI_vs_LAMp,0.25,0.0,0.26967609983727925,0.15216403254258412,0.13067871627830277,0.2664768869850649
LLI_vs_LAMn,0.25,0.025,0.9997523213641122,0.5822088705597624,0.13963934037029763,0.2665470247985587
LLI_vs_LAMp,0.25,0.025,0.26972552224358887,0.1524366194112757,0.13099333942601715,0.2664767917413721
LLI_vs_LAMn,0.25,0.05,0.9998044090068509,0.5945572828870506,0.14722887164154605,0.2666171519224844
LLI_vs_LAMp,0.25,0.05,0.26975255020029476,0.1527071507610431,0.13130641187537273,0.26647665704176304
LLI_vs_LAMn,0.25,0.07500000000000001,0.9998740562071066,0.6057890211450985,0.15446929215934482,0.266687264023351
LLI_vs_LAMp,0.25,0.07500000000000001,0.2697606716930476,0.15297534305853058,0.1316176286565672,0.26647646864316227
LLI_vs_LAMn,0.25,0.1,0.9999228818565649,0.6150419877083316,0.16083194232192746,0.26675734957214525
LLI_vs_LAMp,0.25,0.1,0.2697386670312768,0.15324054595865802,0.13192627155168796,0.26647620417336504
LLI_vs_LAMn,0.25,0.125,0.9999499791804161,0.6193465520116668,0.1635893423922663,0.2668273593807181
LLI_vs_LAMp,0.25,0.125,0.2696872135261669,0.15350201267704508,0.13223144296710335,0.26647582608373255
LLI_vs_LAMn,0.25,0.15000000000000002,0.9999627446057,0.6163523358081052,0.16067947882465086,0.2657890113737759
LLI_vs_LAMp,0.25,0.15000000000000002,0.2695938987975124,0.15375845021892842,0.1325318083661934,0.2664752653907752
LLI_vs_LAMn,0.25,0.17500000000000002,0.9999581614205504,0.6091464373041432,0.1572009455846434,0.23642527379345826
LLI_vs_LAMp,0.25,0.17500000000000002,0.26945190512919304,0.1540076768206626,0.1328247972390177,0.2664743775599258
LLI_vs_LAMn,0.25,0.2,0.9999523728320121,0.6010299989790844,0.15330255397025927,0.20603104185825574
LLI_vs_LAMp,0.25,0.2,0.2692445532378577,0.15424479344527675,0.1331046019546534,0.26647278836564997
LLI_vs_LAMn,0.25,0.225,0.9999546819371933,0.5922835398167926,0.14933193266091002,0.1745704726181118
LLI_vs_LAMp,0.25,0.225,0.268951286473395,0.15445650614979234,0.13335534315205275,0.26646902662871336
LLI_vs_LAMn,0.25,0.25,0.9999436688817479,0.5829752515864569,0.14524326303208387,0.14198676315909242
LLI_vs_LAMp,0.25,0.25,0.26849007038173145,0.1545215287870516,0.13342436528150792,0.26492999368134207
