Parameter,Key,Value,matched_LAMn,target_capacity_Ahm2,matched_capacity_Ahm2,matching_error_Ahm2,M_peak,M_rms,qex_norm,duration_min,time_s
Mean $R_p$ (nm),rmean_nm,36.5,0.22942390801537046,12.41370223526848,12.413702240230341,4.961862032359932e-09,0.9999999983750766,0.21710567180455143,0.031476714791819585,19.380930134290207,5.7293947110000545
Mean $R_p$ (nm),rmean_nm,50.0,0.22942456615083612,12.413674831225935,12.413674838030996,6.805061403269974e-09,0.9999999991945359,0.29321733435232156,0.04132535852517847,18.75131321921974,4.991542589000005
Mean $R_p$ (nm),rmean_nm,70.0,0.22942572326720737,12.413631293559426,12.413631303103038,9.54361212279764e-09,0.9999999999999977,0.4661310978374958,0.07833307480516052,15.865177635518886,4.434113281999998
Mean $R_p$ (nm),rmean_nm,100.0,0.22942771212883978,12.413561896012911,12.413561909682056,1.3669144038885861e-08,1.0000000000000022,0.5026358720449213,0.0864388300494082,15.299201015130764,4.34538333699993
PSD CV,psd_cv,0.1,0.22942444018551314,12.413679806494397,12.413679812975978,6.48158149374467e-09,0.9999999999601595,0.29002472175400934,0.03912014233352065,18.68137365314423,5.176039051000089
PSD CV,psd_cv,0.25,0.22942456615083612,12.413674831225935,12.413674838030996,6.805061403269974e-09,0.9999999991945359,0.29321733435232156,0.04132535852517847,18.75131321921974,4.748660283999925
PSD CV,psd_cv,0.35,0.22942469235324084,12.413669910984607,12.413669918106796,7.122189060737583e-09,0.9999999999998644,0.28790733269088153,0.04200225556104253,18.74834579142891,5.455213603999937
"$D_{s,n}$",ds_neg,3e-15,0.22942456615083612,12.413674831225935,12.413674838030996,6.805061403269974e-09,0.3985089628683118,0.04745843588636876,0.009211154204648278,16.70935288167739,4.623500265999951
"$D_{s,n}$",ds_neg,1e-14,0.22942456615083612,12.413674831225935,12.413674838030996,6.805061403269974e-09,0.9999999991945359,0.29321733435232156,0.04132535852517847,18.75131321921974,5.270116665000046
"$D_{s,n}$",ds_neg,3e-14,0.22942456615083612,12.413674831225935,12.413674838030996,6.805061403269974e-09,0.9999999999999907,0.3775859396270027,0.06303327806026778,20.131012163675116,6.5636464899999964
"$j_{0,p}$ multiplier",j0_pos_mult,0.5,0.22942833023874956,12.41355193855361,12.413551952222504,1.3668893572571506e-08,1.0000000000000007,0.2724725502762062,0.04420724608150778,19.042369092435482,6.342096652000009
"$j_{0,p}$ multiplier",j0_pos_mult,1.0,0.22942456615083612,12.413674831225935,12.413674838030996,6.805061403269974e-09,0.9999999991945359,0.29321733435232156,0.04132535852517847,18.75131321921974,5.599887736999904
"$j_{0,p}$ multiplier",j0_pos_mult,1.5,0.22942349302857437,12.413712861265457,12.413712865795693,4.530235742095101e-09,0.9999999997268932,0.23751713258310306,0.03746012322544736,18.558418339302534,6.197696389000043
"$j_{0,n}$ multiplier",j0_neg_mult,0.5,0.2295110728054561,12.404303356406112,12.40430338339924,2.6993127733021538e-08,0.7015180501098461,0.058388621371444516,0.00835760770891817,17.072199413871893,7.193778105000092
"$j_{0,n}$ multiplier",j0_neg_mult,1.0,0.22942456615083612,12.413674831225935,12.413674838030996,6.805061403269974e-09,0.9999999991945359,0.29321733435232156,0.04132535852517847,18.75131321921974,6.000020617000018
"$j_{0,n}$ multiplier",j0_neg_mult,1.5,0.2293838902522338,12.417141679409395,12.417141682424587,3.015191651911664e-09,0.9999999999999964,0.3396922750141455,0.057144260255775514,19.483167978774905,5.2236088479999125
$\kappa_e$,kappa,0.55,0.22942505437674163,12.413640049539868,12.413640056351026,6.811157859942796e-09,0.9999999999801811,0.29427566935961796,0.04026652691967552,18.71141394608912,5.513208252000027
$\kappa_e$,kappa,0.78,0.22942456615083612,12.413674831225935,12.413674838030996,6.805061403269974e-09,0.9999999991945359,0.29321733435232156,0.04132535852517847,18.75131321921974,5.362823473000049
$\kappa_e$,kappa,1.2,0.2294241576340096,12.413703934402923,12.413703941202876,6.799952600999859e-09,0.9999999978926147,0.2852392578257819,0.04134344996677292,18.729132192815435,4.829281798000011
$D_e$,de,7.5e-11,0.22942456615083612,12.413674831225935,12.413674838030996,6.805061403269974e-09,0.9999999999914266,0.2618491315044313,0.034437260779760566,18.420209581862334,5.060187016999976
$D_e$,de,1.2e-10,0.22942456615083612,12.413674831225935,12.413674838030996,6.805061403269974e-09,0.9999999991945359,0.29321733435232156,0.04132535852517847,18.75131321921974,4.743342483999982
$D_e$,de,3e-10,0.22942456615083612,12.413674831225935,12.413674838030996,6.805061403269974e-09,1.000000000000001,0.3129752019371506,0.04696855738584006,18.98437646163478,5.109689546000027
$R_{contact}$,rcontact,0.0,0.22942456615083612,12.413674831225935,12.413674838030996,6.805061403269974e-09,0.9999999991945359,0.29321733435232156,0.04132535852517847,18.75131321921974,4.784367155999917
$R_{contact}$,rcontact,0.001,0.22942777682442,12.413446100843325,12.413446107688637,6.845311872893944e-09,0.9999999999864466,0.2729019465431592,0.035837334171912656,18.494801377466878,5.871651490999966
$R_{contact}$,rcontact,0.003,0.22943421613881823,12.412987368050672,12.412987374977474,6.926802242901431e-09,0.9999999999991839,0.19479211785430023,0.021797352892859514,17.756237478598344,5.650516080999978
