NP_ratio,Mismatch_mode,Additional_severity,M_peak,M_rms,qex_norm,Q1,Q2
0.9,LLI,0.05,0.9998654317046657,0.19125249872265157,0.024006368120102633,13.01953626700403,12.334300904597086
0.9,LLI,0.1,0.9998406226148884,0.3130968426511157,0.052803829206906294,13.01953626700403,11.649064655338655
0.9,LLI,0.15,0.999820934132299,0.4116266209039877,0.08320769113703652,13.01953626700403,10.963827869187138
0.9,LLI,0.2,0.9998069938435497,0.5024899928107132,0.11536380766530112,13.01953626700403,10.278591125273635
0.9,LAMn,0.05,0.9999405440584432,0.09229740735765342,0.010158636720195183,13.01953626700403,13.021378744198113
0.9,LAMn,0.1,0.9999660897826238,0.09369156624076043,0.01284307684841782,13.01953626700403,13.023197970314804
0.9,LAMn,0.15,0.919066565077377,0.05070101167663773,0.013464603460236181,13.01953626700403,12.331366573207118
0.9,LAMn,0.2,0.6834759383696284,0.05070960329354105,0.018460744374645566,13.01953626700403,11.605992408956578
0.9,LAMn,0.25,0.3689992014696216,0.06734498293862377,0.026389440886541767,13.01953626700403,10.880618013713525
0.9,LAMp,0.05,0.0025628266851366378,0.0008497453077804289,0.0006405844877468112,13.01953626700403,13.019534991190755
0.9,LAMp,0.1,0.005194247941708768,0.0017067960886438627,0.0012708955695516061,13.01953626700403,13.019531906067819
0.9,LAMp,0.15,0.007813262400066438,0.002587268330006142,0.001887757841577748,13.01953626700403,13.01952540183806
0.9,LAMp,0.2,0.010567141335424126,0.0035285738034620887,0.0025068798501312614,13.01953626700403,13.019510916755825
0.9,LAMp,0.25,0.01404194441435407,0.00462754607740251,0.0031547434112379953,13.01953626700403,13.019466296353377
0.925,LLI,0.05,0.9997896649980089,0.19676177702929068,0.02489402641914761,13.018838584432192,12.333639830202422
0.925,LLI,0.1,0.9997591405185645,0.31975530994819207,0.05359006440464073,13.018838584432192,11.64844028653475
0.925,LLI,0.15,0.9997358546622962,0.4202520785582525,0.08390290624604768,13.018838584432192,10.963240340599
0.925,LLI,0.2,0.9997217640641781,0.5134547659674322,0.11597766122360177,13.018838584432192,10.278040845078017
0.925,LAMn,0.05,0.9999071526112205,0.12408625399255208,0.013427472249508571,13.018838584432192,13.020718329600014
0.925,LAMn,0.1,0.9999537132651363,0.17631214021788383,0.0232055810012786,13.018838584432192,13.022596191819442
0.925,LAMn,0.15,0.9999623252776633,0.14560211477994048,0.02117197187102099,13.018838584432192,12.674155645217304
0.925,LAMn,0.2,0.9999509611782126,0.0922479665842677,0.018973417730003737,13.018838584432192,11.928630687675962
0.925,LAMn,0.25,0.8448908959486683,0.06056966069885968,0.021743090994653477,13.018838584432192,11.183091450825598
0.925,LAMp,0.05,0.002372224355015552,0.0007958507918130255,0.0005954191980224115,13.018838584432192,13.01883718923666
0.925,LAMp,0.1,0.004811917814211018,0.0016005694011932627,0.001184730555633217,13.018838584432192,13.018833933112534
0.925,LAMp,0.15,0.007228571292162539,0.002431438728887442,0.0017762982218897468,13.018838584432192,13.018827160748291
0.925,LAMp,0.2,0.009785935600727895,0.0033284754151296976,0.0023818369774522108,13.018838584432192,13.018812182618202
0.925,LAMp,0.25,0.013115068024133264,0.004394792404090843,0.0030308456254204003,13.018838584432192,13.018766239380804
0.95,LLI,0.05,0.9997138877641996,0.20044071808648653,0.025351074759709515,13.018142111983622,12.332979990309463
0.95,LLI,0.1,0.9996809329070616,0.32570607669865176,0.053997350315270476,13.018142111983622,11.647817158450993
0.95,LLI,0.15,0.9996454957072511,0.42872453915931974,0.08426600952651195,13.018142111983622,10.962654126029303
0.95,LLI,0.2,0.9996559167889773,0.5246167150761903,0.11630056767341905,13.018142111983622,10.277492071222502
0.95,LAMn,0.05,0.9998470798577449,0.13470400868445867,0.014661733028091319,13.018142111983622,13.020058775574842
0.95,LAMn,0.1,0.9999374992219121,0.21117436930079994,0.02925669253864094,13.018142111983622,13.021974702845114
0.95,LAMn,0.15,0.9999600751311692,0.21298709101355048,0.031565556834372635,13.018142111983622,13.016533432818122
0.95,LAMn,0.2,0.9999532296153774,0.17639394989352297,0.02810908299601882,13.018142111983622,12.25126954300177
0.95,LAMn,0.25,0.9999451355506581,0.1288397679148304,0.025272654415746873,13.018142111983622,11.48556547036645
0.95,LAMp,0.05,0.0022600614031665313,0.0007750034857977339,0.0005822312656884663,13.018142111983622,13.018140603338368
0.95,LAMp,0.1,0.004588560210090514,0.0015606410264220087,0.0011668005059827455,13.018142111983622,13.018137182116039
0.95,LAMp,0.15,0.006887655874968565,0.002374793850532917,0.0017603490220177741,13.018142111983622,13.018130147481214
0.95,LAMp,0.2,0.00933405292140735,0.003258552303371595,0.002376374728011864,13.018142111983622,13.018114682176028
0.95,LAMp,0.25,0.012377705172759804,0.0043176575418491575,0.003048747958451193,13.018142111983622,13.018067422998348
0.975,LLI,0.05,0.9996356888015736,0.20356512527042978,0.025622353524776636,13.017446814585245,12.332321318156056
0.975,LLI,0.1,0.9995947371340252,0.3316468808629606,0.054241003887081314,13.017446814585245,11.647195209687919
0.975,LLI,0.15,0.9995679523763705,0.4375045358142475,0.08448454943936692,13.017446814585245,10.96206920225519
0.975,LLI,0.2,0.9996074296828279,0.5362658997923881,0.11649646796710152,13.017446814585245,10.276944685697476
0.975,LAMn,0.05,0.9997711353331387,0.13987615127412753,0.015328839994061849,13.017446814585245,13.019400219318008
0.975,LAMn,0.1,0.9998859407354169,0.22634591796328551,0.031868223073987983,13.017446814585245,13.02135324324743
0.975,LAMn,0.15,0.999951218713536,0.26089536186062834,0.04169180830899321,13.017446814585245,13.02330401245472
0.975,LAMn,0.2,0.9999553485043438,0.235509875129164,0.038217888845409664,13.017446814585245,12.573907910024163
0.975,LAMn,0.25,0.9999430799431948,0.19709920932355893,0.03387951906533225,13.017446814585245,11.788040040485981
0.975,LAMp,0.05,0.00219148304761538,0.0007732429392041773,0.000582961252791757,13.017446814585245,13.017445195893393
0.975,LAMp,0.1,0.0044533834695445,0.0015587731466188328,0.0011725293464769848,13.017446814585245,13.017441612945586
0.975,LAMp,0.15,0.006681907042261906,0.00237480906227824,0.0017759317172297187,13.017446814585245,13.017434319381808
0.975,LAMp,0.2,0.009064394121023523,0.003262424660106677,0.002408045711407107,13.017446814585245,13.017418370265014
0.975,LAMp,0.25,0.011761696163702824,0.004327746350686367,0.003119824218565064,13.017446814585245,13.017369799584674
1.0,LLI,0.05,0.9995549175227388,0.20660533903734188,0.025800386906895664,13.016752648085587,12.331663765094149
1.0,LLI,0.1,0.9995206326126762,0.3378549294196188,0.05440178476106311,13.016752648085587,11.646574416983492
1.0,LLI,0.15,0.9995178393309757,0.4467706928747724,0.08462983638133066,13.016752648085587,10.96148557917515
1.0,LLI,0.2,0.9995823465277998,0.5485225154285899,0.11662744940171443,13.016752648085587,10.276398414421147
1.0,LAMn,0.05,0.9997003516070331,0.14357090285078192,0.015846306195409214,13.016752648085587,13.018742673872872
1.0,LAMn,0.1,0.9998216111335929,0.234217669189629,0.0330896983126002,13.016752648085587,13.020732480821247
1.0,LAMn,0.15,0.9999279519458028,0.28815803895266884,0.04796624259916257,13.016752648085587,13.022721424332259
1.0,LAMn,0.2,0.999957298777878,0.28423239016732504,0.04869289403952927,13.016752648085587,12.896480975697056
1.0,LAMn,0.25,0.9999435856343565,0.25123545223391835,0.043634321891366346,13.016752648085587,12.09051512339813
1.0,LAMp,0.05,0.0021628899711582006,0.0007828331408210978,0.0005875672837019368,13.016752648085587,13.016750921295685
1.0,LAMp,0.1,0.004367949245323058,0.0015794152555590035,0.0011844867801780606,13.016752648085587,13.01674717854608
1.0,LAMp,0.15,0.006638200880262039,0.0024082578243331434,0.001799016194716953,13.016752648085587,13.016739627953182
1.0,LAMp,0.2,0.008898113619790838,0.0033096515301669874,0.0024479062896554022,13.016752648085587,13.016723196958836
1.0,LAMp,0.25,0.011265603001752205,0.004388902879412007,0.0032100430429978523,13.016752648085587,13.016673317831877
1.025,LLI,0.05,0.9994796132517451,0.20977324374704479,0.025925670086621663,13.016059567848826,12.331007296622495
1.025,LLI,0.1,0.999447842299345,0.3444646160694508,0.05451588489413754,13.016059567848826,11.645954782466335
1.025,LLI,0.15,0.9994796323434201,0.4565919436681881,0.08473307018214546,13.016059567848826,10.96090323801359
1.025,LLI,0.2,0.9995771354599358,0.5615422663510562,0.11672104921286387,13.016059567848826,10.275852772142903
1.025,LAMn,0.05,0.9996250242675117,0.14696240710761624,0.016280865847738364,13.016059567848826,13.018086116695883
1.025,LAMn,0.1,0.9997401984219279,0.24021960165153938,0.033965353792782774,13.016059567848826,13.020112543631674
1.025,LAMn,0.15,0.9998785476246447,0.30253095625585497,0.05101632752383459,13.016059567848826,13.022138523809012
1.025,LAMn,0.2,0.9999448879535143,0.3249148364970026,0.0591734623776696,13.016059567848826,13.024160483165513
1.025,LAMn,0.25,0.9999478773373208,0.2980420869847672,0.054015177627851484,13.016059567848826,12.392990661239653
1.025,LAMp,0.05,0.0021505888282106213,0.000798805275905019,0.0005932187460072411,13.016059567848826,13.016057733845873
1.025,LAMp,0.1,0.004308092234325851,0.0016132141899755789,0.0011986686754058122,13.016059567848826,13.016053832157304
1.025,LAMp,0.15,0.006585812320822804,0.002461051799878336,0.0018255986349031508,13.016059567848826,13.016046025376381
1.025,LAMp,0.2,0.008786491726690404,0.0033823269984114153,0.0025027572747688812,13.016059567848826,13.016029113394792
1.025,LAMp,0.25,0.011212957743402713,0.004480039510107719,0.003331276494152925,13.016059567848826,13.01597792787823
1.05,LLI,0.05,0.9994121588453182,0.21318444211408227,0.02601915594979865,13.015367533792032,12.330351893719262
1.05,LLI,0.1,0.999405884419872,0.35154439213015154,0.05460094000181203,13.015367533792032,11.645336322420963
1.05,LLI,0.15,0.9994759188669547,0.4669952635888472,0.08481070516265117,13.015367533792032,10.960322055014592
1.05,LLI,0.2,0.9995403416911083,0.5756637784552561,0.11679173298279288,13.015367533792032,10.275307231964424
1.05,LAMn,0.05,0.9995458848112035,0.15045516703919118,0.016642518505046583,13.015367533792032,13.017430514204724
1.05,LAMn,0.1,0.9996643841783848,0.24596110316563247,0.0346878387119675,13.015367533792032,13.019493450316618
1.05,LAMn,0.15,0.9998081986635048,0.3118298408868358,0.05266775505385625,13.015367533792032,13.021556126662205
1.05,LAMn,0.2,0.9999333200263564,0.3525146986816271,0.06686145495471803,13.015367533792032,13.023617554287496
1.05,LAMn,0.25,0.9999457924499925,0.3398688993611605,0.06466069064864585,13.015367533792032,12.695453397501208
1.05,LAMp,0.05,0.002123687194487232,0.0008181400118900045,0.0006004284790142615,13.015367533792032,13.015365592438837
1.05,LAMp,0.1,0.004256489138124175,0.0016539455758794793,0.0012172590758489227,13.015367533792032,13.015361531655298
1.05,LAMp,0.15,0.006514514587504589,0.0025239623398966415,0.001870477507941062,13.015367533792032,13.015353468515322
1.05,LAMp,0.2,0.008695273677912193,0.003468520935134344,0.002601143568279861,13.015367533792032,13.015336075437498
1.05,LAMp,0.25,0.011109922770042378,0.004587188413501286,0.0034756133929449823,13.015367533792032,13.015283584630613
1.075,LLI,0.05,0.999358504607999,0.21690795809460925,0.02609188349486413,13.014676513967789,12.329697553699779
1.075,LLI,0.1,0.9993774026547522,0.3591251152453627,0.05466764836875503,13.014676513967789,11.644719042397824
1.075,LLI,0.15,0.9994781010568247,0.4780276502831809,0.08487148719675594,13.014676513967789,10.959741735319485
1.075,LLI,0.2,0.999491906243806,0.5914090663975818,0.11684737095326334,13.014676513967789,10.274761623182643
1.075,LAMn,0.05,0.9994821853717972,0.15419907945092504,0.016940361819637432,13.014676513967789,13.016775831025411
1.075,LAMn,0.1,0.9995903590299017,0.2519339746575192,0.03529051605113053,13.014676513967789,13.018875186479637
1.075,LAMn,0.15,0.9997336266126023,0.31993743808572717,0.05381278897338871,13.014676513967789,13.020974390923207
1.075,LAMn,0.2,0.9998944450766992,0.369421565052083,0.07114475976965608,13.014676513967789,13.023072984239779
1.075,LAMn,0.25,0.9999524327139012,0.37762607294802014,0.07521589796157453,13.014676513967789,12.99776816575312
1.075,LAMp,0.05,0.002093723955854052,0.0008385085415288827,0.0006145504405917008,13.014676513967789,13.014674463926166
1.075,LAMp,0.1,0.004276946777800524,0.0016960690832255492,0.0012547550196137314,13.014676513967789,13.014670242692583
1.075,LAMp,0.15,0.006437377177383464,0.0025897911223219023,0.0019382594354286958,13.014676513967789,13.014661921829854
1.075,LAMp,0.2,0.008781438974730993,0.0035584706785835238,0.002699296701416392,13.014676513967789,13.01464404636165
1.075,LAMp,0.25,0.011002684161210339,0.004699500011833928,0.003607350117288929,13.014676513967789,13.014590250221069
1.1,LLI,0.05,0.9993097842644298,0.22098385992003608,0.026150768794154143,13.013986487426243,12.329044286751499
1.1,LLI,0.1,0.9993671264080298,0.36720174212499956,0.054721700512241275,13.013986487426243,11.644102891615484
1.1,LLI,0.15,0.9994776074716997,0.4898640382463259,0.08492128464981402,13.013986487426243,10.959161837811981
1.1,LLI,0.2,0.9994254155361024,0.6092278412710141,0.11689301616440935,13.013986487426243,10.274216449956468
1.1,LAMn,0.05,0.9994119875246875,0.15824454003651872,0.017180007030499142,13.013986487426243,13.016122034569602
1.1,LAMn,0.1,0.9995173701686482,0.2582906540404272,0.035787709867290546,13.013986487426243,13.018257726537563
1.1,LAMn,0.15,0.999648968371622,0.3280083802230547,0.0547000891959665,13.013986487426243,13.020393349765557
1.1,LAMn,0.2,0.9998217030379838,0.3810261386001361,0.0733294130673923,13.013986487426243,13.022528622015008
1.1,LAMn,0.25,0.9999362302997736,0.4083912440791582,0.08494539555103517,13.013986487426243,13.024661259856757
1.1,LAMp,0.05,0.002091960592905354,0.0008571592214605567,0.0006312616066663489,13.013986487426243,13.01398432579933
1.1,LAMp,0.1,0.004283665585233416,0.0017357579676716482,0.0012918639707674288,13.013986487426243,13.013979941206065
1.1,LAMp,0.15,0.006467467963525844,0.0026516235264256688,0.001998883691815993,13.013986487426243,13.013971359704938
1.1,LAMp,0.2,0.00866798732616756,0.003643722737952323,0.00278666708351277,13.013986487426243,13.013952999015034
1.1,LAMp,0.25,0.011121176678121217,0.004806932772969258,0.0037249469405260965,13.013986487426243,13.01389789599492
1.125,LLI,0.05,0.999281856536083,0.22542588461822755,0.02620056603899995,13.013297445935253,12.32839210310744
1.125,LLI,0.1,0.9993829240567716,0.37576709742263137,0.05476772214021355,13.013297445935253,11.643487705893957
1.125,LLI,0.15,0.9994484169932085,0.502893824928331,0.08496363954514333,13.013297445935253,10.958581967696785
1.125,LLI,0.2,0.9993778451488974,0.6291920374124966,0.11693205383720312,13.013297445935253,10.273672572522578
1.125,LAMn,0.05,0.9993605547538019,0.16259015445220795,0.017365178690719157,13.013297445935253,13.015469098039805
1.125,LAMn,0.1,0.9994542199308076,0.2650571904141238,0.036184241575829945,13.013297445935253,13.017641041980129
1.125,LAMn,0.15,0.9995750755388121,0.3363697511049636,0.05540450857530231,13.013297445935253,13.019812998810504
1.125,LAMn,0.2,0.999746450930687,0.39124679225070047,0.07469106490188379,13.013297445935253,13.02198474403339
1.125,LAMn,0.25,0.9999165608588708,0.4303089069948368,0.09139235081471415,13.013297445935253,13.024155444399273
1.125,LAMp,0.05,0.002083914024982241,0.0008725919444489422,0.0006458408872786965,13.013297445935253,13.013295167801452
1.125,LAMp,0.1,0.004278151377922548,0.0017682259097514352,0.001323546125896221,13.013297445935253,13.013290614913217
1.125,LAMp,0.15,0.00648078779500074,0.002703341617937057,0.0020504831399591147,13.013297445935253,13.013281767839768
1.125,LAMp,0.2,0.008716715415858273,0.0037158947924161583,0.002861103921725794,13.013297445935253,13.01326291708628
1.125,LAMp,0.25,0.011216039126155795,0.004899186162953563,0.003826083643038309,13.013297445935253,13.013206503667805
1.15,LLI,0.05,0.9992758206403949,0.23021607201266947,0.02624430370490997,13.01260939296949,12.32774098576608
1.15,LLI,0.1,0.9993970684441422,0.38487226657826307,0.05480817926939371,13.01260939296949,11.64287317888112
1.15,LLI,0.15,0.9993936222309491,0.5176609842945257,0.0850011311975291,13.01260939296949,10.958002091625094
1.15,LLI,0.2,0.999395637200026,0.6511218906390684,0.11696668058453691,13.01260939296949,10.273130346181425
1.15,LAMn,0.05,0.999310454371329,0.16720522327434176,0.017503376844228823,13.01260939296949,13.014817002773857
1.15,LAMn,0.1,0.9993951691867178,0.2722016731464965,0.0364832680666502,13.01260939296949,13.017025105340506
1.15,LAMn,0.15,0.9995145691520906,0.34508435278408944,0.055948060687861845,13.01260939296949,13.019233320139193
1.15,LAMn,0.2,0.9996635274677473,0.4012995716878989,0.07565496820642456,13.01260939296949,13.021441417777368
1.15,LAMn,0.25,0.9998630940227448,0.44523570240446514,0.09457576284691381,13.01260939296949,13.023648957356922
1.15,LAMp,0.05,0.002111309202175741,0.0008825678582742529,0.0006577965346660137,13.01260939296949,13.012606990940846
1.15,LAMp,0.1,0.00428131218341308,0.0017905816782945905,0.0013489762212221367,13.01260939296949,13.01260226236136
1.15,LAMp,0.15,0.006613564487094814,0.0027402031087948985,0.0020923173164106687,13.01260939296949,13.012593142320911
1.15,LAMp,0.2,0.008945777025055812,0.0037683111438599685,0.0029221162768338425,13.01260939296949,13.012573794215403
1.15,LAMp,0.25,0.011329678402023546,0.004967523133136915,0.003909511659937139,13.01260939296949,13.012516064463044
1.175,LLI,0.05,0.9992791918755316,0.23530780059201184,0.02628455949746085,13.011922337072065,12.32709084936077
1.175,LLI,0.1,0.9993901746778696,0.39473570744085956,0.054845460234964984,13.011922337072065,11.6422589239982
1.175,LLI,0.15,0.9993238450701968,0.5345820476190056,0.08503590272502796,13.011922337072065,10.957422710036797
1.175,LLI,0.2,0.9994453666483065,0.6750597092635354,0.11699879062892748,13.011922337072065,10.272589364691024
1.175,LAMn,0.05,0.999274867990509,0.17203367578252893,0.017616931120205057,13.011922337072065,13.01416573988606
1.175,LAMn,0.1,0.9993635080967831,0.27965185944352655,0.03669613845833944,13.011922337072065,13.016409892698663
1.175,LAMn,0.15,0.9994653007911234,0.35411345902915525,0.056340833271843783,13.011922337072065,13.018654291052801
1.175,LAMn,0.2,0.99959901539409,0.4114836271827345,0.0763447564704382,13.011922337072065,13.020898654519554
1.175,LAMn,0.25,0.9997938128928084,0.4574897015993108,0.09620239278048452,13.011922337072065,13.023142683371546
1.175,LAMp,0.05,0.0021643409486423915,0.0008875020860342141,0.0006672083100767136,13.011922337072065,13.011919801169116
1.175,LAMp,0.1,0.004410341994226303,0.0018018626745230496,0.0013693441078385465,13.011922337072065,13.011914886911894
1.175,LAMp,0.15,0.006820020550081145,0.0027596156687885284,0.0021253135523060457,13.011922337072065,13.011905483926485
1.175,LAMp,0.2,0.009257958517249787,0.0037979255904811797,0.0029705365265584385,13.011922337072065,13.011885628601352
1.175,LAMp,0.25,0.01177883350185273,0.005008214369379092,0.00397672660055008,13.011922337072065,13.011826574036327
1.2,LLI,0.05,0.999293440908789,0.24066093463529387,0.026322606494786207,13.01123627590805,12.326441501535802
1.2,LLI,0.1,0.9993576885908849,0.40580801680456896,0.05488109204978034,13.01123627590805,11.641644659358107
1.2,LLI,0.15,0.9992730415786796,0.5536932393406807,0.08506908194072905,13.01123627590805,10.956844526988839
1.2,LLI,0.2,0.9994942434156449,0.7014971639419998,0.11702964418071055,13.01123627590805,10.272049021644742
1.2,LAMn,0.05,0.9992598211520866,0.17699990781363084,0.01779243233561925,13.01123627590805,13.013515310380132
1.2,LAMn,0.1,0.9993401622199689,0.2873179790271494,0.03686652144594448,13.01123627590805,13.01579538568459
1.2,LAMn,0.15,0.9994345769637814,0.36337427419499163,0.05660652815619336,13.01123627590805,13.018075888105937
1.2,LAMn,0.2,0.9995497869307775,0.42182340935796636,0.07680861749690875,13.01123627590805,13.020356445622989
1.2,LAMn,0.25,0.9997268221700356,0.46902567342906337,0.09714404202405941,13.01123627590805,13.022636798378885
1.2,LAMp,0.05,0.002307739667772065,0.000888197496630752,0.0006756063584955639,13.01123627590805,13.011233594218213
1.2,LAMp,0.1,0.004705656132754191,0.0018046337505643016,0.0013868058124390486,13.01123627590805,13.01122848236552
1.2,LAMp,0.15,0.007198643003290544,0.0027659294998758264,0.0021533615620418626,13.01123627590805,13.011218784530135
1.2,LAMp,0.2,0.009791794546194783,0.003809341280415498,0.0030114140397996137,13.01123627590805,13.0111984102015
1.2,LAMp,0.25,0.012490460305167738,0.005025757602566834,0.004033325625839516,13.01123627590805,13.011138020455894
