family,background,threshold,delta_crit,M_peak,M_rms,qex_norm,capdiff
common_LLI_dLAMn,0.0,0.5,0.01,0.5734765723723612,0.02695449230204109,0.002586495876411276,2.8563369975013107e-05
common_LLI_dLAMn,0.0,0.8,0.0175,0.8803355615000784,0.043949104146520375,0.004327406229150233,4.998499217993712e-05
common_LLI_dLAMn,0.0,0.95,0.02,0.9551061561250589,0.04945632691382752,0.00488728224791196,5.7125349892457624e-05
common_LLI_dLAMn,0.025,0.5,0.01,0.5836046582414254,0.028012009251908002,0.0027011361505832714,2.9250754767385984e-05
common_LLI_dLAMn,0.025,0.8,0.015,0.8120334335302869,0.04048498292867473,0.003959952168688129,4.3875678321211445e-05
common_LLI_dLAMn,0.025,0.95,0.02,0.9790411332405897,0.05298840347705941,0.005202158196629071,5.850028466443002e-05
common_LLI_dLAMn,0.05,0.5,0.01,0.5886111287866203,0.02898954063670099,0.0028154637001967294,2.9971829470373245e-05
common_LLI_dLAMn,0.05,0.8,0.015,0.8241054127276382,0.04225790270075977,0.004152476297655112,4.4957337613910844e-05
common_LLI_dLAMn,0.05,0.95,0.02,0.9887238767719096,0.056079922157142074,0.0055062675952580395,5.994256191363222e-05
common_LLI_dLAMn,0.07500000000000001,0.5,0.01,0.5903106210381273,0.02994072841893835,0.002921279584042524,3.072910895992225e-05
common_LLI_dLAMn,0.07500000000000001,0.8,0.015,0.8302416680414166,0.043923166858151744,0.004329095245108807,4.609331126068883e-05
common_LLI_dLAMn,0.07500000000000001,0.95,0.02,0.9915743930563017,0.05873814032821419,0.005775668646113072,6.145726429512315e-05
common_LLI_dLAMn,0.1,0.5,0.01,0.5900648196265648,0.030932761972022445,0.003017522175294028,3.152522691974249e-05
common_LLI_dLAMn,0.1,0.8,0.015,0.8325579076374752,0.04558264248212756,0.004488007820417094,4.7287572977028254e-05
common_LLI_dLAMn,0.1,0.95,0.02,0.9917487611798032,0.06112475534106457,0.0060071435592013766,6.30497204919761e-05
common_LLI_dLAMn,0.125,0.5,0.01,0.5888528867494262,0.03197694316493723,0.003100280252144044,3.236289131162986e-05
common_LLI_dLAMn,0.125,0.8,0.015,0.8326283873141267,0.047277857205806684,0.0046244379416474045,4.854421795585519e-05
common_LLI_dLAMn,0.125,0.95,0.02,0.9907361339766422,0.0634369320122187,0.00620188272366834,6.47254338343947e-05
common_LLI_dLAMn,0.15000000000000002,0.5,0.01,0.5875665942477174,0.03311305065363664,0.0031694582423677244,3.324479966025529e-05
common_LLI_dLAMn,0.15000000000000002,0.8,0.015,0.8318487357308157,0.04907589077822933,0.004738708777513309,4.9867338292900666e-05
common_LLI_dLAMn,0.15000000000000002,0.95,0.02,0.9892004710973263,0.06581759366862772,0.006362888563635099,6.648992066672846e-05
common_LLI_dLLI,0.0,0.5,0.0075,0.589500341317308,0.02845159828656953,0.0027536910606985893,-0.007079349398852291
common_LLI_dLLI,0.0,0.8,0.0125,0.8820884716792163,0.04533725781084002,0.004468309504093507,-0.011826825469524365
common_LLI_dLLI,0.0,0.95,0.015,0.9847332829633347,0.054349275112998356,0.005346529868292667,-0.014208995922317282
common_LLI_dLLI,0.025,0.5,0.0075,0.608047226344024,0.02997468768998365,0.0029137721625695804,-0.007250450278693961
common_LLI_dLLI,0.025,0.8,0.0125,0.9113415226305653,0.04833630402065832,0.004764550589406233,-0.012113360473492273
common_LLI_dLLI,0.025,0.95,0.015,0.9972255698029366,0.05911341593266848,0.005769984081743118,-0.014553662477991544
common_LLI_dLLI,0.05,0.5,0.0075,0.6209649391735749,0.031414722112150795,0.00306633461246852,-0.0074300254584653055
common_LLI_dLLI,0.05,0.8,0.0125,0.9306242855731738,0.0511617891640565,0.0050470736452474015,-0.0124141222744387
common_LLI_dLLI,0.05,0.95,0.015,0.9988798388815627,0.06320454195853731,0.006156243372472856,-0.014915463417489661
common_LLI_dLLI,0.07500000000000001,0.5,0.0075,0.6297566387167124,0.032818223227024906,0.0032139848515778022,-0.00761872065343877
common_LLI_dLLI,0.07500000000000001,0.8,0.01,0.8024768060891482,0.04326615593907597,0.004261926143005678,-0.010171209719987187
common_LLI_dLLI,0.07500000000000001,0.95,0.015,0.9990610854528965,0.06665814856053527,0.0065025849416407745,-0.015295709271385237
common_LLI_dLLI,0.1,0.5,0.0075,0.6357073327213282,0.034245166137824384,0.003359361019767514,-0.007817248708179961
common_LLI_dLLI,0.1,0.8,0.01,0.8106071280921688,0.04526964029888315,0.004463258071838761,-0.010436596028240803
common_LLI_dLLI,0.1,0.95,0.015,0.9989869909387522,0.06981831277736522,0.0068243055730547305,-0.015695847338363787
common_LLI_dLLI,0.125,0.5,0.0075,0.6399360563581874,0.035743802616318265,0.003504346079814708,-0.008026398507104163
common_LLI_dLLI,0.125,0.8,0.01,0.816260374420234,0.047347950437419475,0.004662131328564591,-0.010716200152341183
common_LLI_dLLI,0.125,0.95,0.0125,0.9539543793806177,0.05926696305205738,0.005840738811536191,-0.013413217595037955
common_LLI_dLLI,0.15000000000000002,0.5,0.0075,0.643672703225639,0.03735324722807141,0.003650086760509435,-0.008247045320770608
common_LLI_dLLI,0.15000000000000002,0.8,0.01,0.8209833161995665,0.049577750160876455,0.004862331478815704,-0.011011195281079586
common_LLI_dLLI,0.15000000000000002,0.95,0.0125,0.9568670020947464,0.062137623755075554,0.006097450494010948,-0.013782964799697907
same_LLI_LAMn_trajectory,0.0,0.5,0.025,0.5389788049992879,0.02742375296017837,0.004130175313203597,-0.023721247705189366
same_LLI_LAMn_trajectory,0.0,0.8,0.04,0.8010351680576003,0.04256699721605229,0.0065698620848541195,-0.03822603870667176
same_LLI_LAMn_trajectory,0.0,0.95,,,,,
same_LLI_LAMn_trajectory,0.025,0.5,0.025,0.5484676450276375,0.027900001248555507,0.004263440119596722,-0.024297641538560722
same_LLI_LAMn_trajectory,0.025,0.8,0.04,0.8146291421135421,0.043390666214913644,0.006789977440581938,-0.039161697629963514
same_LLI_LAMn_trajectory,0.025,0.95,0.05,0.9540135627969402,0.053789654293783296,0.008489425836675672,-0.049192940020951224
same_LLI_LAMn_trajectory,0.05,0.5,0.0225,0.5068565369292044,0.025650645343566415,0.003965242907497204,-0.022384593144378552
same_LLI_LAMn_trajectory,0.05,0.8,0.04,0.8275533502431504,0.044214355591803325,0.007021448883171016,-0.040144303638412954
same_LLI_LAMn_trajectory,0.05,0.95,0.05,0.9656433600406542,0.05500853255484162,0.008793788723736465,-0.05043346374243197
same_LLI_LAMn_trajectory,0.07500000000000001,0.5,0.0225,0.5146728097083164,0.026063636861249326,0.0040966783089839455,-0.022955554779266047
same_LLI_LAMn_trajectory,0.07500000000000001,0.8,0.04,0.839684553746199,0.04503441314624901,0.007265049162206003,-0.04117748239986498
same_LLI_LAMn_trajectory,0.07500000000000001,0.95,0.05,0.9753560947499853,0.05624574593708071,0.009115175009035725,-0.051738165301396064
same_LLI_LAMn_trajectory,0.1,0.5,0.0225,0.5219753562809829,0.026469072650721674,0.0042348772622276985,-0.023556402979304343
same_LLI_LAMn_trajectory,0.1,0.8,0.0375,0.8096178263302489,0.04310558512301617,0.0070508864510672314,-0.03957139824364703
same_LLI_LAMn_trajectory,0.1,0.95,0.0475,0.9575952599271239,0.05434619562513236,0.008955621739508608,-0.0503896417223855
same_LLI_LAMn_trajectory,0.125,0.5,0.0225,0.5286622766324861,0.026865223603696375,0.0043803132673261936,-0.024189547927979147
same_LLI_LAMn_trajectory,0.125,0.8,0.0375,0.8195675581150649,0.04384145233147735,0.007302433668440975,-0.0406436362924729
same_LLI_LAMn_trajectory,0.125,0.95,0.0475,0.9659412956241974,0.055421189155952164,0.009287840415061345,-0.05176245281730795
same_LLI_LAMn_trajectory,0.15000000000000002,0.5,0.0225,0.5346655496387113,0.027253772917372847,0.004533802000184945,-0.024857666001244748
same_LLI_LAMn_trajectory,0.15000000000000002,0.8,0.0375,0.8284130316136119,0.04455363648423905,0.00756727958572955,-0.041775596733724565
same_LLI_LAMn_trajectory,0.15000000000000002,0.95,0.0475,0.9725579451530898,0.056469954902392434,0.009637255839876277,-0.05321215629420169
