family,background,delta,M_peak,M_rms,qex_norm,capdiff,Q1,Q2
common_LLI_dLAMn,0.0,0.0,1.2963735398395428e-16,6.67587515501427e-17,1.5183328194339018e-17,0.0,13.702507686327175,13.702507686327175
common_LLI_dLAMn,0.0,0.0025,0.15474337464527982,0.007107019543465156,0.0006662521874658437,7.140966451379687e-06,13.702507686327175,13.702605535824233
common_LLI_dLAMn,0.0,0.005,0.3044958748043833,0.014032705098207542,0.001323695071611625,1.4281851315820258e-05,13.702507686327175,13.702703384902074
common_LLI_dLAMn,0.0,0.0075,0.44496770024778115,0.020668033603186736,0.001964909122577983,2.1422653113448278e-05,13.702507686327175,13.702801233540404
common_LLI_dLAMn,0.0,0.01,0.5734765723723612,0.02695449230204109,0.002586495876411276,2.8563369975013107e-05,13.702507686327175,13.702899081713591
common_LLI_dLAMn,0.0,0.0125,0.6889182541525791,0.032890346681945015,0.003185781103199414,3.570400009185598e-05,13.702507686327175,13.702996929396834
common_LLI_dLAMn,0.0,0.015,0.7911741729736433,0.03852291908386602,0.0037649362532678815,4.284454151523784e-05,13.702507686327175,13.703094776563411
common_LLI_dLAMn,0.0,0.0175,0.8803355615000784,0.043949104146520375,0.004327406229150233,4.998499217993712e-05,13.702507686327175,13.703192623185004
common_LLI_dLAMn,0.0,0.02,0.9551061561250589,0.04945632691382752,0.00488728224791196,5.7125349892457624e-05,13.702507686327175,13.703290469231534
common_LLI_dLAMn,0.0,0.0225,0.9986790501789994,0.056714096171641866,0.005533337643953891,6.426561231858869e-05,13.702507686327175,13.703388314670997
common_LLI_dLAMn,0.0,0.025,0.9998082307036754,0.06650562030873185,0.006350273612748547,7.140577696837336e-05,13.702507686327175,13.70348615946925
common_LLI_dLAMn,0.0,0.0275,0.9998095590361467,0.07537873058092748,0.007172272217091078,7.854584117537358e-05,13.702507686327175,13.703584003589732
common_LLI_dLAMn,0.0,0.03,0.9998155122523508,0.08353547660855257,0.007994574146333155,8.568580211806486e-05,13.702507686327175,13.703681846993756
common_LLI_dLAMn,0.0,0.0325,0.9998224128679982,0.09114188384620008,0.008816043344286829,9.282565671627116e-05,13.702507686327175,13.70377968963909
common_LLI_dLAMn,0.0,0.035,0.9998285182191565,0.09830910041912154,0.00963755784455664,9.996540169806032e-05,13.702507686327175,13.70387753148087
common_LLI_dLAMn,0.0,0.0375,0.9998293068231752,0.1051107469053424,0.010459006054127223,0.00010710503352871721,13.702507686327175,13.703975372470634
common_LLI_dLAMn,0.0,0.04,0.9998337560992593,0.11159520751047453,0.011279006340288295,0.00011424454839480961,13.702507686327175,13.704073212556095
common_LLI_dLAMn,0.0,0.0425,0.9998406477181859,0.11780562204100692,0.012098691128580445,0.00012138394217282964,13.702507686327175,13.704171051680717
common_LLI_dLAMn,0.0,0.045,0.9998495190554815,0.12377107966774346,0.012917431437926603,0.0001285232103936888,13.702507686327175,13.704268889783227
common_LLI_dLAMn,0.0,0.0475,0.9998483025483216,0.12951356477503118,0.013734295925323933,0.0001356623482046221,13.702507686327175,13.704366726797092
common_LLI_dLAMn,0.0,0.05,0.9998538529629412,0.13504726312249277,0.014548775500486388,0.00014280135032292786,13.702507686327175,13.704464562649884
common_LLI_dLAMn,0.025,0.0,6.106920093633482e-15,3.3723256984065433e-16,2.8090350132562475e-17,0.0,13.380298638195288,13.380298638195288
common_LLI_dLAMn,0.025,0.0025,0.15566486907247662,0.007304818860304816,0.0006910640318469308,7.3127989211761755e-06,13.380298638195288,13.380396485986505
common_LLI_dLAMn,0.025,0.005,0.307190074066191,0.01445458890674275,0.0013750706654252435,1.4625525189540154e-05,13.380298638195288,13.380494333521138
common_LLI_dLAMn,0.025,0.0075,0.45072762264045435,0.02137370377131711,0.0020460608097397637,2.1938177564563045e-05,13.380298638195288,13.380592180782575
common_LLI_dLAMn,0.025,0.01,0.5836046582414254,0.028012009251908002,0.0027011361505832714,2.9250754767385984e-05,13.380298638195288,13.380690027753689
common_LLI_dLAMn,0.025,0.0125,0.7043210602980686,0.03436352116785504,0.0033384701650996025,3.656325547617515e-05,13.380298638195288,13.380787874416779
common_LLI_dLAMn,0.025,0.015,0.8120334335302869,0.04048498292867473,0.003959952168688129,4.3875678321211445e-05,13.380298638195288,13.380885720753502
common_LLI_dLAMn,0.025,0.0175,0.9055749088287116,0.04652270368129235,0.004572818960555722,5.1188021878121864e-05,13.380298638195288,13.380983566744785
common_LLI_dLAMn,0.025,0.02,0.9790411332405897,0.05298840347705941,0.005202158196629071,5.850028466443002e-05,13.380298638195288,13.381081412370774
common_LLI_dLAMn,0.025,0.0225,0.9996608099293461,0.06207033055582653,0.005976072276570724,6.58124651317259e-05,13.380298638195288,13.381179257610734
common_LLI_dLAMn,0.025,0.025,0.9997353140733358,0.0714208143223068,0.006814606121299757,7.312456165823442e-05,13.380298638195288,13.381277102442947
common_LLI_dLAMn,0.025,0.0275,0.9997444268426201,0.07997576295508149,0.007653644900962998,8.043657252771099e-05,13.380298638195288,13.381374946844431
common_LLI_dLAMn,0.025,0.03,0.9997440476999135,0.08794227768073143,0.00849367888931498,8.774849599794274e-05,13.380298638195288,13.381472790791856
common_LLI_dLAMn,0.025,0.0325,0.9997544173095266,0.09544320118858311,0.009333379081556304,9.506033013667478e-05,13.380298638195288,13.381570634259345
common_LLI_dLAMn,0.025,0.035,0.9997608190432603,0.10256602245768043,0.010174014414916511,0.00010237207296790268,13.380298638195288,13.38166847722044
common_LLI_dLAMn,0.025,0.0375,0.99976606769472,0.10937177269910801,0.011015669624859246,0.00010968372238306802,13.380298638195288,13.381766319646905
common_LLI_dLAMn,0.025,0.04,0.9997706645384026,0.11589154680126591,0.011856664124558138,0.00011699527614517824,13.380298638195288,13.381864161508785
common_LLI_dLAMn,0.025,0.0425,0.9997751798119794,0.1221689664494945,0.012698465624832426,0.0001243067318762008,13.380298638195288,13.381962002774237
common_LLI_dLAMn,0.025,0.045,0.9997798029418509,0.12822617696106542,0.013540498650177276,0.0001316180870431305,13.380298638195288,13.382059843409344
common_LLI_dLAMn,0.025,0.0475,0.9997806907787686,0.13408498561523297,0.01438242065923934,0.0001389293389347654,13.380298638195288,13.382157683377802
common_LLI_dLAMn,0.025,0.05,0.9997899198880362,0.13975980286493223,0.015224187414669124,0.0001462404846342364,13.380298638195288,13.382255522640554
common_LLI_dLAMn,0.05,0.0,1.7684546578407652e-15,9.476882092774428e-17,1.7309176703312613e-17,0.0,13.058089337952683,13.058089337952683
common_LLI_dLAMn,0.05,0.0025,0.1556756047637144,0.007497886315998315,0.0007161856505025358,7.493056065697413e-06,13.058089337952683,13.058187183314784
common_LLI_dLAMn,0.05,0.005,0.3078164682345363,0.014863447726539204,0.0014270345465941636,1.4986047114872242e-05,13.058089337952683,13.058285028561047
common_LLI_dLAMn,0.05,0.0075,0.45300746644800705,0.02203721634716431,0.0021271973625846563,2.247897197521571e-05,13.058089337952683,13.058382873676152
common_LLI_dLAMn,0.05,0.01,0.5886111287866203,0.02898954063670099,0.0028154637001967294,2.9971829470373245e-05,13.058089337952683,13.058480718644727
common_LLI_dLAMn,0.05,0.0125,0.7128018506651029,0.03570377886276629,0.0034892236769349795,3.746461841491155e-05,13.058089337952683,13.058578563451281
common_LLI_dLAMn,0.05,0.015,0.8241054127276382,0.04225790270075977,0.004152476297655112,4.4957337613910844e-05,13.058089337952683,13.058676408080197
common_LLI_dLAMn,0.05,0.0175,0.9199887910598329,0.0488089211107689,0.004812088047488731,5.2449985856435894e-05,13.058089337952683,13.05877425251565
common_LLI_dLAMn,0.05,0.02,0.9887238767719096,0.056079922157142074,0.0055062675952580395,5.994256191363222e-05,13.058089337952683,13.058872096741581
common_LLI_dLAMn,0.05,0.0225,0.999615325968548,0.06555467575674942,0.006333873687961672,6.743506451070546e-05,13.058089337952683,13.058969940741328
common_LLI_dLAMn,0.05,0.025,0.9996605160984346,0.07464190188988382,0.007188355795180328,7.492749241656344e-05,13.058089337952683,13.0590677844988
common_LLI_dLAMn,0.05,0.0275,0.9996607384931471,0.08305073690199392,0.008044257742726286,8.241984429881318e-05,13.058089337952683,13.059165627996586
common_LLI_dLAMn,0.05,0.03,0.9996648246650284,0.09093741222344603,0.008900217811396788,8.991211881258756e-05,13.058089337952683,13.059263471217108
common_LLI_dLAMn,0.05,0.0325,0.999670377516953,0.0984118376986301,0.009757424430417288,9.740431457306938e-05,13.058089337952683,13.059361314142265
common_LLI_dLAMn,0.05,0.035,0.9996769578123715,0.10553465442213737,0.010615235313452839,0.00010489643014964398,13.058089337952683,13.05945915675336
common_LLI_dLAMn,0.05,0.0375,0.9996813085582462,0.11235948631867684,0.011472859777507758,0.00011238846405896395,13.058089337952683,13.059556999031008
common_LLI_dLAMn,0.05,0.04,0.9996857698390091,0.11892786563386425,0.01233149962250744,0.00011988041476263878,13.058089337952683,13.0596548409551
common_LLI_dLAMn,0.05,0.0425,0.9996972767270637,0.12526807579721036,0.013191018828462511,0.00012737228065635555,13.058089337952683,13.059752682504667
common_LLI_dLAMn,0.05,0.045,0.9996996783793657,0.13140293123753854,0.014050587028253075,0.00013486406006539277,13.058089337952683,13.059850523657824
common_LLI_dLAMn,0.05,0.0475,0.9997031552381858,0.13734786705673813,0.014910806697351326,0.0001423557512372783,13.058089337952683,13.059948364391664
common_LLI_dLAMn,0.05,0.05,0.999714472983889,0.1431201985340892,0.015771524438949414,0.00014984735232819054,13.058089337952683,13.06004620468209
common_LLI_dLAMn,0.07500000000000001,0.0,6.415922237524585e-15,1.316027755789427e-15,1.3740526467140323e-16,0.0,12.735879829481554,12.735879829481554
common_LLI_dLAMn,0.07500000000000001,0.0025,0.15516281826789463,0.0076941427254863136,0.0007401295090867602,7.682361798614585e-06,12.735879829481554,12.735977671494057
common_LLI_dLAMn,0.07500000000000001,0.005,0.3072573645524909,0.01527808321259501,0.0014755018159345334,1.536466817302906e-05,12.735879829481554,12.736075513552336
common_LLI_dLAMn,0.07500000000000001,0.0075,0.45315854316129367,0.022708146841131073,0.0022036738837677115,2.3046917694657203e-05,12.735879829481554,12.73617335563819
common_LLI_dLAMn,0.07500000000000001,0.01,0.5903106210381273,0.02994072841893835,0.002921279584042524,3.072910895992225e-05,12.735879829481554,12.736271197733734
common_LLI_dLAMn,0.07500000000000001,0.0125,0.7166771821878658,0.03699970609898789,0.00362940503620359,3.8411240603924095e-05,12.735879829481554,12.736369039821575
common_LLI_dLAMn,0.07500000000000001,0.015,0.8302416680414166,0.043923166858151744,0.004329095245108807,4.609331126068883e-05,12.735879829481554,12.736466881884308
common_LLI_dLAMn,0.07500000000000001,0.0175,0.92720469145404,0.05091993581276586,0.005031148824932663,5.3775319598175506e-05,12.735879829481554,12.736564723904957
common_LLI_dLAMn,0.07500000000000001,0.02,0.9915743930563017,0.05873814032821419,0.005775668646113072,6.145726429512315e-05,12.735879829481554,12.736662565866684
common_LLI_dLAMn,0.07500000000000001,0.0225,0.9995203969414297,0.0682084666453068,0.006629235068480109,6.913914404230558e-05,12.735879829481554,12.736760407752804
common_LLI_dLAMn,0.07500000000000001,0.025,0.999571865273468,0.07718197891027159,0.007500359266213264,7.682095753904424e-05,12.735879829481554,12.73685824954674
common_LLI_dLAMn,0.07500000000000001,0.0275,0.9995738613913693,0.08554269919543987,0.008372137328820887,8.450270349000027e-05,12.735879829481554,12.736956091231983
common_LLI_dLAMn,0.07500000000000001,0.03,0.9995824317764086,0.09342255025278724,0.009245029268153513,9.218438060085077e-05,12.735879829481554,12.737053932792035
common_LLI_dLAMn,0.07500000000000001,0.0325,0.9995829406035143,0.10091324371525406,0.010118099186145152,9.986598757605759e-05,12.735879829481554,12.737151774210384
common_LLI_dLAMn,0.07500000000000001,0.035,0.9995897178839671,0.10808305602777771,0.010992628868833891,0.00010754752311300973,12.735879829481554,12.737249615470425
common_LLI_dLAMn,0.07500000000000001,0.0375,0.9995973944955442,0.11496708059177427,0.011867820463495214,0.00011522898590146599,12.735879829481554,12.737347456555458
common_LLI_dLAMn,0.07500000000000001,0.04,0.9996046436944296,0.12160308520216204,0.012742993396371806,0.00012291037461518759,12.735879829481554,12.737445297448577
common_LLI_dLAMn,0.07500000000000001,0.0425,0.9996057773997952,0.1280215583351326,0.013619582612411314,0.00013059168789855078,12.735879829481554,12.737543138132501
common_LLI_dLAMn,0.07500000000000001,0.045,0.9996126164084207,0.13424267872699738,0.014497232877138732,0.00013827292442623572,12.735879829481554,12.737640978590337
common_LLI_dLAMn,0.07500000000000001,0.0475,0.9996144646111828,0.14028186689571331,0.015374899377292825,0.00014595408276544256,12.735879829481554,12.737738818803818
common_LLI_dLAMn,0.07500000000000001,0.05,0.9996259542127094,0.14615261290833792,0.01625334823231068,0.00015363516150503106,12.735879829481554,12.737836658754956
common_LLI_dLAMn,0.1,0.0,1.4309682932109608e-16,8.071685146557399e-17,1.7476264246366144e-17,0.0,12.413670154873031,12.413670154873031
common_LLI_dLAMn,0.1,0.0025,0.15441594495684396,0.007912254138152722,0.0007614494038399297,7.881368570043883e-06,12.413670154873031,12.413767991968374
common_LLI_dLAMn,0.1,0.005,0.3060862107400346,0.015729812911044975,0.0015199682825578658,1.5762697293455048e-05,12.413670154873031,12.413865829340162
common_LLI_dLAMn,0.1,0.0075,0.45212744598482396,0.0234049940759893,0.0022719843336334324,2.3643984081849355e-05,12.413670154873031,12.413963666962468
common_LLI_dLAMn,0.1,0.01,0.5900648196265648,0.030932761972022445,0.003017522175294028,3.152522691974249e-05,12.413670154873031,12.414061504810268
common_LLI_dLAMn,0.1,0.0125,0.7176963366440822,0.03829651584210945,0.003754451045885959,3.940642385081039e-05,12.413670154873031,12.414159342859273
common_LLI_dLAMn,0.1,0.015,0.8325579076374752,0.04558264248212756,0.004488007820417094,4.7287572977028254e-05,12.413670154873031,12.414257181085915
common_LLI_dLAMn,0.1,0.0175,0.9298759805213673,0.052957881168621115,0.00522556769306628,5.51686724545188e-05,12.413670154873031,12.4143550194673
common_LLI_dLAMn,0.1,0.02,0.9917487611798032,0.06112475534106457,0.0060071435592013766,6.30497204919761e-05,12.413670154873031,12.414452857981182
common_LLI_dLAMn,0.1,0.0225,0.9993909053248483,0.07055833163162634,0.006878208623171868,7.093071534565545e-05,12.413670154873031,12.41455069660591
common_LLI_dLAMn,0.1,0.025,0.9994722337546836,0.07950276739208285,0.007763797120987798,7.88116553169391e-05,12.413670154873031,12.414648535320387
common_LLI_dLAMn,0.1,0.0275,0.9994764450485538,0.08788363031063982,0.008650630699826242,8.669253874990205e-05,12.413670154873031,12.41474637410405
common_LLI_dLAMn,0.1,0.03,0.9994845321429603,0.09580921708526347,0.009538229965153622,9.457336402558691e-05,12.413670154873031,12.414844212936792
common_LLI_dLAMn,0.1,0.0325,0.9994862732770384,0.10336894218356754,0.010427100787457635,0.0001024541295615734,12.413670154873031,12.41494205179896
common_LLI_dLAMn,0.1,0.035,0.999491946796794,0.11061540744372837,0.01131657854485636,0.00011033483379995792,12.413670154873031,12.415039890671203
common_LLI_dLAMn,0.1,0.0375,0.9994968799368482,0.11759234099097374,0.01220761588317352,0.00011821547523210549,12.413670154873031,12.415137729534782
common_LLI_dLAMn,0.1,0.04,0.9995060789613727,0.12432777295837742,0.013098908031675167,0.0001260960523437056,12.413670154873031,12.415235568370889
common_LLI_dLAMn,0.1,0.0425,0.9995078686720169,0.13085019094870493,0.013991381913032959,0.000133976563660271,12.413670154873031,12.415333407161206
common_LLI_dLAMn,0.1,0.045,0.9995159201593323,0.13718166144320354,0.014885464660958145,0.00014185700771980866,12.413670154873031,12.415431245887573
common_LLI_dLAMn,0.1,0.0475,0.9995225370708735,0.1433282030438319,0.01577941767516698,0.00014973738307367762,12.413670154873031,12.415529084531993
common_LLI_dLAMn,0.1,0.05,0.9995240553349022,0.1493119601914117,0.016674770482120013,0.00015761768828158093,12.413670154873031,12.415626923076573
common_LLI_dLAMn,0.125,0.0,2.7912906247334726e-15,2.544608608820558e-16,2.035210352836042e-17,0.0,12.091460362292967,12.091460362292967
common_LLI_dLAMn,0.125,0.0025,0.15363486744583413,0.008156093929155622,0.0007806909781244276,8.090744762745687e-06,12.091460362292967,12.091558191608323
common_LLI_dLAMn,0.125,0.005,0.3047318161593279,0.016216933438945636,0.001558191311457863,1.6181477053580785e-05,12.091460362292967,12.091656021564392
common_LLI_dLAMn,0.125,0.0075,0.45061192957704255,0.024167155440915685,0.002332262983776107,2.4272193619651315e-05,12.091460362292967,12.091753852121846
common_LLI_dLAMn,0.125,0.01,0.5888528867494262,0.03197694316493723,0.003100280252144044,3.236289131162986e-05,12.091460362292967,12.09185168324261
common_LLI_dLAMn,0.125,0.0125,0.7171257504838917,0.03966084216997079,0.003863534895314903,4.045356705565275e-05,12.091460362292967,12.091949514889517
common_LLI_dLAMn,0.125,0.015,0.8326283873141267,0.047277857205806684,0.0046244379416474045,4.854421795585519e-05,12.091460362292967,12.092047347027556
common_LLI_dLAMn,0.125,0.0175,0.9298950596484048,0.05501040305380188,0.005392916762116672,5.663484113482881e-05,12.091460362292967,12.092145179621934
common_LLI_dLAMn,0.125,0.02,0.9907361339766422,0.0634369320122187,0.00620188272366834,6.47254338343947e-05,12.091460362292967,12.0922430126393
common_LLI_dLAMn,0.125,0.0225,0.9992224605280379,0.07286811301440027,0.007086737612571235,7.281599338812839e-05,12.091460362292967,12.09234084604741
common_LLI_dLAMn,0.125,0.025,0.9993709738146889,0.08185025900754629,0.007985132457401012,8.090651721650851e-05,12.091460362292967,12.092438679815073
common_LLI_dLAMn,0.125,0.0275,0.9993799254810233,0.09030563134473207,0.008885495145024585,8.899700282559123e-05,12.091460362292967,12.09253651391213
common_LLI_dLAMn,0.125,0.03,0.9993848159578735,0.09832400735527701,0.009786439604060419,9.708744780641916e-05,12.091460362292967,12.092634348309447
common_LLI_dLAMn,0.125,0.0325,0.999387453951706,0.10599058726904496,0.010689080526657185,0.00010517784980945832,12.091460362292967,12.092732182978612
common_LLI_dLAMn,0.125,0.035,0.999387534229769,0.11335736015386531,0.011592923568266824,0.00011326820658778231,12.091460362292967,12.092830017892448
common_LLI_dLAMn,0.125,0.0375,0.9993968175052438,0.12045534296675535,0.012498227775579653,0.00012135851594609669,12.091460362292967,12.092927853024404
common_LLI_dLAMn,0.125,0.04,0.9994027648206494,0.1273180321942507,0.013403949761689477,0.0001294487757610077,12.091460362292967,12.0930256883488
common_LLI_dLAMn,0.125,0.0425,0.9994053969298506,0.13397481261614996,0.01431161722910654,0.00013753898397308745,12.091460362292967,12.093123523840722
common_LLI_dLAMn,0.125,0.045,0.9994088000275576,0.1404348105851594,0.015220301890324328,0.00014562913858128947,12.091460362292967,12.093221359475969
common_LLI_dLAMn,0.125,0.0475,0.9994200844267123,0.14671543860865607,0.016129434429702275,0.00015371923764118372,12.091460362292967,12.093319195231018
common_LLI_dLAMn,0.125,0.05,0.9994192502973956,0.15283723107266253,0.017040443418025714,0.00016180927926040086,12.091460362292967,12.093417031082978
common_LLI_dLAMn,0.15000000000000002,0.0,1.5093202722157189e-16,5.289135686891441e-17,6.490077170527548e-18,0.0,11.769250516939758,11.769250516939758
common_LLI_dLAMn,0.15000000000000002,0.0025,0.1530038135083075,0.00842435048168888,0.000795592277476788,8.311153230879048e-06,11.769250516939758,11.7693483333907
common_LLI_dLAMn,0.15000000000000002,0.005,0.3035829485671656,0.016760883618495162,0.0015899370538221122,1.662234086224377e-05,11.769250516939758,11.769446151059492
common_LLI_dLAMn,0.15000000000000002,0.0075,0.44924598621808576,0.025002161525460424,0.0023819830917370614,2.49335579470598e-05,11.769250516939758,11.769543969887929
common_LLI_dLAMn,0.15000000000000002,0.01,0.5875665942477174,0.03311305065363664,0.0031694582423677244,3.324479966025529e-05,11.769250516939758,11.76964178981924
common_LLI_dLAMn,0.15000000000000002,0.0125,0.7161253633359485,0.04112303303477874,0.003954645101893329,4.155606130052695e-05,11.769250516939758,11.769739610798108
common_LLI_dLAMn,0.15000000000000002,0.015,0.8318487357308157,0.04907589077822933,0.004738708777513309,4.9867338292900666e-05,11.769250516939758,11.769837432770705
common_LLI_dLAMn,0.15000000000000002,0.0175,0.9287744651407248,0.057148200617597886,0.005532319691874716,5.817862618842436e-05,11.769250516939758,11.76993525568468
common_LLI_dLAMn,0.15000000000000002,0.02,0.9892004710973263,0.06581759366862772,0.006362888563635099,6.648992066672846e-05,11.769250516939758,11.770033079489197
common_LLI_dLAMn,0.15000000000000002,0.0225,0.9989964118976484,0.07529660163666922,0.007258562491550566,7.48012175304365e-05,11.769250516939758,11.770130904134863
common_LLI_dLAMn,0.15000000000000002,0.025,0.9992529457527812,0.08437177529778479,0.008167883869186309,8.311251272508137e-05,11.769250516939758,11.770228729573967
common_LLI_dLAMn,0.15000000000000002,0.0275,0.9992644431054347,0.09294544789717592,0.009079472269619976,9.142380229759686e-05,11.769250516939758,11.77032655575999
common_LLI_dLAMn,0.15000000000000002,0.03,0.9992687751876103,0.10109831844167166,0.009992035042494081,9.97350824355519e-05,11.769250516939758,11.770424382648066
common_LLI_dLAMn,0.15000000000000002,0.0325,0.9992796774105972,0.10890906378782893,0.010906288634736422,0.00010804634944556367,11.769250516939758,11.77052221019473
common_LLI_dLAMn,0.15000000000000002,0.035,0.9992838139418463,0.11642546571930963,0.01182212847021027,0.00011635759975359471,11.769250516939758,11.77062003835792
common_LLI_dLAMn,0.15000000000000002,0.0375,0.9992835377594793,0.12367905000834498,0.012739359535650164,0.00012466882990434404,11.769250516939758,11.77071786709697
common_LLI_dLAMn,0.15000000000000002,0.04,0.9992957142660288,0.13069987376021955,0.013657656067559686,0.00013298003655716774,11.769250516939758,11.77081569637256
common_LLI_dLAMn,0.15000000000000002,0.0425,0.9992931769529446,0.13751391880320726,0.014578155618557109,0.00014129121648335784,11.769250516939758,11.77091352614669
common_LLI_dLAMn,0.15000000000000002,0.045,0.9993021233096089,0.1441308108907868,0.015499015552036732,0.00014960236656432664,11.769250516939758,11.771011356382655
common_LLI_dLAMn,0.15000000000000002,0.0475,0.9993093133990594,0.1505732056624433,0.016421801768252173,0.00015791348378571687,11.769250516939758,11.77110918704497
common_LLI_dLAMn,0.15000000000000002,0.05,0.9993112985429073,0.15685421510923736,0.017346433992391126,0.00016622456523543536,11.769250516939758,11.77120701809936
same_LLI_LAMn_trajectory,0.0,0.0,1.2963735398395428e-16,6.67587515501427e-17,1.5183328194339018e-17,0.0,13.702507686327175,13.702507686327175
same_LLI_LAMn_trajectory,0.0,0.0025,0.05688688121771746,0.0028315237286347626,0.00041327930720124574,-0.0023470696722448516,13.702507686327175,13.670384643612563
same_LLI_LAMn_trajectory,0.0,0.005,0.11361262352143396,0.005649884863467674,0.0008276412292889306,-0.004699654819982368,13.702507686327175,13.63826159725437
same_LLI_LAMn_trajectory,0.0,0.0075,0.1700198775696079,0.008456853420699892,0.0012420598896207232,-0.007057774903039229,13.702507686327175,13.606138547315286
same_LLI_LAMn_trajectory,0.0,0.01,0.22581046932221852,0.011242587160116679,0.0016559882613422854,-0.00942144947300254,13.702507686327175,13.574015493856534
same_LLI_LAMn_trajectory,0.0,0.0125,0.2808193777254478,0.014009044755321307,0.0020705237201887384,-0.011790698173784283,13.702507686327175,13.541892436937562
same_LLI_LAMn_trajectory,0.0,0.015,0.3349013160114289,0.016757320890759694,0.0024846149808489225,-0.014165540742071192,13.702507686327175,13.50976937661734
same_LLI_LAMn_trajectory,0.0,0.0175,0.38784626139533357,0.019466705837671874,0.0028968533801865346,-0.016545997008005034,13.702507686327175,13.477646312952576
same_LLI_LAMn_trajectory,0.0,0.02,0.4395825141054287,0.022150229378866765,0.0033093302197812003,-0.01893208689557287,13.702507686327175,13.445523245999917
same_LLI_LAMn_trajectory,0.0,0.0225,0.48998959624915367,0.02480635213768421,0.0037208201295964695,-0.02132383042345812,13.702507686327175,13.41340017581199
same_LLI_LAMn_trajectory,0.0,0.025,0.5389788049992879,0.02742375296017837,0.004130175313203597,-0.023721247705189366,13.702507686327175,13.381277102442947
same_LLI_LAMn_trajectory,0.0,0.0275,0.5865342170711895,0.030012624972540074,0.004539293848637353,-0.0261243589499754,13.702507686327175,13.349154025944825
same_LLI_LAMn_trajectory,0.0,0.03,0.6325610630879062,0.03257378760638296,0.0049473654478325605,-0.028533184463178325,13.702507686327175,13.317030946368831
same_LLI_LAMn_trajectory,0.0,0.0325,0.677061518881587,0.03510466392074918,0.005353880852183606,-0.03094774464701588,13.702507686327175,13.284907863763618
same_LLI_LAMn_trajectory,0.0,0.035,0.7200054286601202,0.03761229369376703,0.005759891255826636,-0.03336806000087513,13.702507686327175,13.252784778178789
same_LLI_LAMn_trajectory,0.0,0.0375,0.7613304097902525,0.040092928509245576,0.006164894383437207,-0.03579415112212843,13.702507686327175,13.220661689661771
same_LLI_LAMn_trajectory,0.0,0.04,0.8010351680576003,0.04256699721605229,0.0065698620848541195,-0.03822603870667176,13.702507686327175,13.18853859825844
same_LLI_LAMn_trajectory,0.0,0.0425,0.8390239755719995,0.045035842014739376,0.006974818824825466,-0.04066374354937742,13.702507686327175,13.156415504014927
same_LLI_LAMn_trajectory,0.0,0.045,0.8751758066318995,0.047514371677885574,0.00738091869739817,-0.043107286544845254,13.702507686327175,13.124292406975535
same_LLI_LAMn_trajectory,0.0,0.0475,0.9092507329704268,0.05002270478670378,0.007789095892462641,-0.04555668868794163,13.702507686327175,13.092169307183516
same_LLI_LAMn_trajectory,0.0,0.05,0.9407847244696947,0.05259668498659635,0.008201248105189095,-0.04801197107432389,13.702507686327175,13.06004620468209
same_LLI_LAMn_trajectory,0.025,0.0,1.32749424871857e-16,6.876272768437162e-17,1.5763092151492404e-17,0.0,13.381277102442947,13.381277102442947
same_LLI_LAMn_trajectory,0.025,0.0025,0.0578886900538817,0.0028769236099857095,0.0004261040468254142,-0.0024034836059196357,13.381277102442947,13.349154025944825
same_LLI_LAMn_trajectory,0.025,0.005,0.11563074654521764,0.005742730119711575,0.0008537310118680011,-0.004812751126899624,13.381277102442947,13.317030946368831
same_LLI_LAMn_trajectory,0.025,0.0075,0.17300619313141374,0.00859283404787756,0.001280916415548358,-0.007227823462670515,13.381277102442947,13.284907863763618
same_LLI_LAMn_trajectory,0.025,0.01,0.22978469865571108,0.011425626656437489,0.0017080079617871869,-0.009648721613705192,13.381277102442947,13.252784778178789
same_LLI_LAMn_trajectory,0.025,0.0125,0.2857602350775848,0.014239239027716396,0.002135961381445593,-0.012075466682063482,13.381277102442947,13.220661689661771
same_LLI_LAMn_trajectory,0.025,0.015,0.3407817684293334,0.01703375619864053,0.002563130183350383,-0.014508079871959359,13.381277102442947,13.18853859825844
same_LLI_LAMn_trajectory,0.025,0.0175,0.3946749090999602,0.019792306409449782,0.0029890392217532757,-0.016946582490242668,13.381277102442947,13.156415504014927
same_LLI_LAMn_trajectory,0.025,0.02,0.44730640607668276,0.022524573826261253,0.0034150781612121185,-0.019390995947179763,13.381277102442947,13.124292406975535
same_LLI_LAMn_trajectory,0.025,0.0225,0.49861071289690945,0.02523119689006602,0.003840176182036904,-0.021841341757022143,13.381277102442947,13.092169307183516
same_LLI_LAMn_trajectory,0.025,0.025,0.5484676450276375,0.027900001248555507,0.004263440119596722,-0.024297641538560722,13.381277102442947,13.06004620468209
same_LLI_LAMn_trajectory,0.025,0.0275,0.5968350474660973,0.03054187222762384,0.004686637695052216,-0.026759917015824416,13.381277102442947,13.027923099513622
same_LLI_LAMn_trajectory,0.025,0.03,0.643652397451312,0.033158568297276515,0.005109055311411429,-0.02922819001891136,13.381277102442947,12.995799991717154
same_LLI_LAMn_trajectory,0.025,0.0325,0.6888779205848365,0.035743685989137026,0.005529557997209166,-0.0317024824842332,13.381277102442947,12.963676881333644
same_LLI_LAMn_trajectory,0.025,0.035,0.7325031705982463,0.03830413828064223,0.00594993794375997,-0.03418281645544531,13.381277102442947,12.931553768402308
same_LLI_LAMn_trajectory,0.025,0.0375,0.7744349810668136,0.04085237434203271,0.006370330933286838,-0.03666921408403492,13.381277102442947,12.899430652961506
same_LLI_LAMn_trajectory,0.025,0.04,0.8146291421135421,0.043390666214913644,0.006789977440581938,-0.039161697629963514,13.381277102442947,12.867307535048965
same_LLI_LAMn_trajectory,0.025,0.0425,0.8529938018709341,0.04593168599839425,0.007210814923841523,-0.0416602894623691,13.381277102442947,12.835184414701303
same_LLI_LAMn_trajectory,0.025,0.045,0.8892968935548816,0.048489732537896194,0.007633172662591016,-0.04416501206018684,13.381277102442947,12.803061291954656
same_LLI_LAMn_trajectory,0.025,0.0475,0.9232335223988827,0.051093339090085496,0.008058327255191147,-0.04667588801284751,13.381277102442947,12.77093816684438
same_LLI_LAMn_trajectory,0.025,0.05,0.9540135627969402,0.053789654293783296,0.008489425836675672,-0.049192940020951224,13.381277102442947,12.738815039405122
same_LLI_LAMn_trajectory,0.05,0.0,1.3601459072659466e-16,6.758137218819802e-17,1.4892384100017395e-17,0.0,13.06004620468209,13.06004620468209
same_LLI_LAMn_trajectory,0.05,0.0025,0.05884398273475088,0.0029220687665770617,0.0004396375923322982,-0.002462675786980608,13.06004620468209,13.027923099513622
same_LLI_LAMn_trajectory,0.05,0.005,0.11754189756084948,0.00582940405906574,0.0008808176773781574,-0.0049314240252012,13.06004620468209,12.995799991717154
same_LLI_LAMn_trajectory,0.05,0.0075,0.17584933232040698,0.008727155599752495,0.00132162272723724,-0.007406267199348701,13.06004620468209,12.963676881333644
same_LLI_LAMn_trajectory,0.05,0.01,0.23357018411348868,0.011605457813536831,0.0017626748779563022,-0.009887227905388051,13.06004620468209,12.931553768402308
same_LLI_LAMn_trajectory,0.05,0.0125,0.290485148307476,0.014466720396491611,0.0022045897631075657,-0.01237432885118343,13.06004620468209,12.899430652961506
same_LLI_LAMn_trajectory,0.05,0.015,0.34639585448781,0.017305686823322366,0.0026454258876925855,-0.014867592857173989,13.06004620468209,12.867307535048965
same_LLI_LAMn_trajectory,0.05,0.0175,0.4011979459734941,0.020113333602930415,0.0030856908205292377,-0.017367042857109844,13.06004620468209,12.835184414701303
same_LLI_LAMn_trajectory,0.05,0.02,0.454725091488091,0.02289641324964065,0.003526148410409693,-0.019872701898706695,13.06004620468209,12.803061291954656
same_LLI_LAMn_trajectory,0.05,0.0225,0.5068565369292044,0.025650645343566415,0.003965242907497204,-0.022384593144378552,13.06004620468209,12.77093816684438
same_LLI_LAMn_trajectory,0.05,0.025,0.557550478300601,0.02837167377140616,0.004403294459757265,-0.024902739871946127,13.06004620468209,12.738815039405122
same_LLI_LAMn_trajectory,0.05,0.0275,0.6067059389790068,0.031067390149227655,0.004841350565155745,-0.02742716547528243,13.06004620468209,12.706691909671765
same_LLI_LAMn_trajectory,0.05,0.03,0.6542672527686915,0.033736756568341235,0.0052782995724065685,-0.029957893465352152,13.06004620468209,12.674568777675429
same_LLI_LAMn_trajectory,0.05,0.0325,0.7002003982385039,0.03637366009434069,0.005713792791976759,-0.03249494747040901,13.06004620468209,12.642445643450252
same_LLI_LAMn_trajectory,0.05,0.035,0.7444305797923512,0.03899849657839916,0.00614992937416808,-0.03503835123708797,13.06004620468209,12.61032250702885
same_LLI_LAMn_trajectory,0.05,0.0375,0.7869221251690126,0.04160916905454527,0.00658590357046395,-0.037588128631268855,13.06004620468209,12.578199368440789
same_LLI_LAMn_trajectory,0.05,0.04,0.8275533502431504,0.044214355591803325,0.007021448883171016,-0.040144303638412954,13.06004620468209,12.546076227717771
same_LLI_LAMn_trajectory,0.05,0.0425,0.8661850403636664,0.046828658191869196,0.0074589814016559975,-0.04270690036460046,13.06004620468209,12.51395308489003
same_LLI_LAMn_trajectory,0.05,0.045,0.90253868474358,0.049471700499017744,0.007898821026885236,-0.045275943037236074,13.06004620468209,12.481829939987001
same_LLI_LAMn_trajectory,0.05,0.0475,0.9360745230023416,0.05217346165758811,0.008341695354405461,-0.047851456005724935,13.06004620468209,12.449706793038423
same_LLI_LAMn_trajectory,0.05,0.05,0.9656433600406542,0.05500853255484162,0.008793788723736465,-0.05043346374243197,13.06004620468209,12.41758364407197
same_LLI_LAMn_trajectory,0.07500000000000001,0.0,8.78499927473959e-15,1.0775474543609313e-15,1.3806363510366395e-16,0.0,12.738815039405122,12.738815039405122
same_LLI_LAMn_trajectory,0.07500000000000001,0.0025,0.05973810617932387,0.0029662096612692998,0.0004539700058645142,-0.0025248567299243543,12.738815039405122,12.706691909671765
same_LLI_LAMn_trajectory,0.07500000000000001,0.005,0.11935869855696876,0.005917132729265433,0.0009091034613542086,-0.005056096597928244,12.738815039405122,12.674568777675429
same_LLI_LAMn_trajectory,0.07500000000000001,0.0075,0.1785527597765248,0.008860054770968101,0.0013644403867253444,-0.007593743837946228,12.738815039405122,12.642445643450252
same_LLI_LAMn_trajectory,0.07500000000000001,0.01,0.23714130749147747,0.01178161522244819,0.0018200472648983417,-0.010137822806862975,12.738815039405122,12.61032250702885
same_LLI_LAMn_trajectory,0.07500000000000001,0.0125,0.2949503071336389,0.014689911471780094,0.002276345578554122,-0.0126883579854153,12.738815039405122,12.578199368440789
same_LLI_LAMn_trajectory,0.07500000000000001,0.015,0.3517261122057541,0.017573582167234196,0.002731947622034855,-0.015245373978567383,12.738815039405122,12.546076227717771
same_LLI_LAMn_trajectory,0.07500000000000001,0.0175,0.40735950198738535,0.020428676740087876,0.003187165717037879,-0.017808895516587483,12.738815039405122,12.51395308489003
same_LLI_LAMn_trajectory,0.07500000000000001,0.02,0.4617314226214929,0.023261882342683587,0.003642542253895422,-0.020378947455792953,12.738815039405122,12.481829939987001
same_LLI_LAMn_trajectory,0.07500000000000001,0.0225,0.5146728097083164,0.026063636861249326,0.0040966783089839455,-0.022955554779266047,12.738815039405122,12.449706793038423
same_LLI_LAMn_trajectory,0.07500000000000001,0.025,0.5661397816842652,0.028836398519651217,0.0045501921229934095,-0.025538742597853575,12.738815039405122,12.41758364407197
same_LLI_LAMn_trajectory,0.07500000000000001,0.0275,0.616052733251383,0.031586802442320254,0.005003863288934109,-0.028128536150773768,12.738815039405122,12.385460493115863
same_LLI_LAMn_trajectory,0.07500000000000001,0.03,0.6643118816843361,0.034307846307230834,0.005456173164446234,-0.030724960806544428,12.738815039405122,12.353337340197555
same_LLI_LAMn_trajectory,0.07500000000000001,0.0325,0.7108975634932441,0.03700905571795989,0.005908157071611429,-0.03332804206379214,12.738815039405122,12.321214185343973
same_LLI_LAMn_trajectory,0.07500000000000001,0.035,0.7557204380892114,0.039688580186699636,0.006360413712457614,-0.03593780555210942,12.738815039405122,12.289091028581245
same_LLI_LAMn_trajectory,0.07500000000000001,0.0375,0.798682067439713,0.04236067100938475,0.0068123755915995045,-0.03855427703279821,12.738815039405122,12.256967869935913
same_LLI_LAMn_trajectory,0.07500000000000001,0.04,0.839684553746199,0.04503441314624901,0.007265049162206003,-0.04117748239986498,12.738815039405122,12.22484470943312
same_LLI_LAMn_trajectory,0.07500000000000001,0.0425,0.8784868534322472,0.04772413797625022,0.007720260550734131,-0.043807447680695076,12.738815039405122,12.192721547098818
same_LLI_LAMn_trajectory,0.07500000000000001,0.045,0.9147156888022756,0.05045149368234162,0.008177835927397448,-0.04644419903724163,12.738815039405122,12.160598382955774
same_LLI_LAMn_trajectory,0.07500000000000001,0.0475,0.9475995669112047,0.05326091681494051,0.008640584492374394,-0.049087762766443145,12.738815039405122,12.12847521702906
same_LLI_LAMn_trajectory,0.07500000000000001,0.05,0.9753560947499853,0.05624574593708071,0.009115175009035725,-0.051738165301396064,12.738815039405122,12.096352049342416
same_LLI_LAMn_trajectory,0.1,0.0,2.861034626890982e-16,8.198295042014142e-17,2.060502674493124e-17,0.0,12.41758364407197,12.41758364407197
same_LLI_LAMn_trajectory,0.1,0.0025,0.0605963650569143,0.003011053136848521,0.0004691387027330805,-0.002590258742308455,12.41758364407197,12.385460493115863
same_LLI_LAMn_trajectory,0.1,0.005,0.12102714696360772,0.006002030193364237,0.0009387130984675665,-0.005187235784669708,12.41758364407197,12.353337340197555
same_LLI_LAMn_trajectory,0.1,0.0075,0.18106802061921726,0.008987926346752884,0.0014093778266009095,-0.007790957296510818,12.41758364407197,12.321214185343973
same_LLI_LAMn_trajectory,0.1,0.01,0.24049563723020667,0.01195541398212445,0.0018804601396408573,-0.010401449583415429,12.41758364407197,12.289091028581245
same_LLI_LAMn_trajectory,0.1,0.0125,0.29909384893292534,0.014908358803891011,0.0023515739654011505,-0.01301873908791202,12.41758364407197,12.256967869935913
same_LLI_LAMn_trajectory,0.1,0.015,0.35669200798634326,0.017835271139471552,0.002822844487916585,-0.015642852390514134,12.41758364407197,12.22484470943312
same_LLI_LAMn_trajectory,0.1,0.0175,0.4131293746830457,0.020739271118518678,0.0032939241855539083,-0.018273816210440403,12.41758364407197,12.192721547098818
same_LLI_LAMn_trajectory,0.1,0.02,0.46826499794182536,0.023620768605237527,0.0037646205342904346,-0.020911657406849547,12.41758364407197,12.160598382955774
same_LLI_LAMn_trajectory,0.1,0.0225,0.5219753562809829,0.026469072650721674,0.0042348772622276985,-0.023556402979304343,12.41758364407197,12.12847521702906
same_LLI_LAMn_trajectory,0.1,0.025,0.5741734365157657,0.02929416440760826,0.004704715548334892,-0.026208080068991273,12.41758364407197,12.096352049342416
same_LLI_LAMn_trajectory,0.1,0.0275,0.6247814343907401,0.03209577299945568,0.005174271761895835,-0.028866715959577578,12.41758364407197,12.06422887991913
same_LLI_LAMn_trajectory,0.1,0.03,0.6737047092513501,0.03487101539370769,0.00564334045479205,-0.03153233807814971,12.41758364407197,12.032105708782005
same_LLI_LAMn_trajectory,0.1,0.0325,0.7208728934843323,0.03762991546240774,0.006112240516418936,-0.0342049739961458,12.41758364407197,11.9999825359535
same_LLI_LAMn_trajectory,0.1,0.035,0.7662227911522329,0.040374339713858134,0.006581685093516881,-0.03688465143030911,12.41758364407197,11.967859361455691
same_LLI_LAMn_trajectory,0.1,0.0375,0.8096178263302489,0.04310558512301617,0.0070508864510672314,-0.03957139824364703,12.41758364407197,11.935736185310274
same_LLI_LAMn_trajectory,0.1,0.04,0.8508740506677631,0.045846123574778304,0.007521437455369782,-0.0422652424463972,12.41758364407197,11.903613007538558
same_LLI_LAMn_trajectory,0.1,0.0425,0.8897464405197171,0.04861137457666509,0.007995045856920404,-0.04496621219702604,12.41758364407197,11.871489828161174
same_LLI_LAMn_trajectory,0.1,0.045,0.9256855823531366,0.05142620053281846,0.008471774500785413,-0.0476743358031084,12.41758364407197,11.839366647199283
same_LLI_LAMn_trajectory,0.1,0.0475,0.9575952599271239,0.05434619562513236,0.008955621739508608,-0.0503896417223855,12.41758364407197,11.807243464673755
same_LLI_LAMn_trajectory,0.1,0.05,0.9829498897620592,0.05749269720527005,0.009454495014833923,-0.053112158563973146,12.41758364407197,11.775120280602682
same_LLI_LAMn_trajectory,0.125,0.0,1.4685062340731204e-16,5.645083790108522e-17,9.692141144882518e-18,0.0,12.096352049342416,12.096352049342416
same_LLI_LAMn_trajectory,0.125,0.0025,0.06137812306083662,0.0030517273156355873,0.0004850089438867584,-0.0026591388276083344,12.096352049342416,12.06422887991913
same_LLI_LAMn_trajectory,0.125,0.005,0.12255854459747302,0.0060874043545186595,0.0009699995294064054,-0.005325358230886354,12.096352049342416,12.032105708782005
same_LLI_LAMn_trajectory,0.125,0.0075,0.18336549204795094,0.00911201373795286,0.0014566258785373527,-0.007998686526184203,12.096352049342416,11.9999825359535
same_LLI_LAMn_trajectory,0.125,0.01,0.24355358115230832,0.012124689376776642,0.0019439129403046116,-0.010679152181073978,12.096352049342416,11.967859361455691
same_LLI_LAMn_trajectory,0.125,0.0125,0.30289188887623086,0.015119168559511151,0.002430706934691721,-0.01336678381536102,12.096352049342416,11.935736185310274
same_LLI_LAMn_trajectory,0.125,0.015,0.3612317525658594,0.018090146549170218,0.002918450556852025,-0.01606161020210302,12.096352049342416,11.903613007538558
same_LLI_LAMn_trajectory,0.125,0.0175,0.4184070927380834,0.021042781598155934,0.0034061386001507355,-0.018763660268661872,12.096352049342416,11.871489828161174
same_LLI_LAMn_trajectory,0.125,0.02,0.4742543769662142,0.023966823356089077,0.00389303538642957,-0.021472963097637278,12.096352049342416,11.839366647199283
same_LLI_LAMn_trajectory,0.125,0.0225,0.5286622766324861,0.026865223603696375,0.0043803132673261936,-0.024189547927979147,12.096352049342416,11.807243464673755
same_LLI_LAMn_trajectory,0.125,0.025,0.5815436671924957,0.029743536307739727,0.004867309979103373,-0.026913444156250996,12.096352049342416,11.775120280602682
same_LLI_LAMn_trajectory,0.125,0.0275,0.6327935084221932,0.03259264282832553,0.005353719252841862,-0.029644681337249398,12.096352049342416,11.742997095006588
same_LLI_LAMn_trajectory,0.125,0.03,0.682305281130046,0.03542313199306605,0.005840415790499839,-0.032383289185384245,12.096352049342416,11.710873907904755
same_LLI_LAMn_trajectory,0.125,0.0325,0.7300232344669753,0.03823807929364708,0.006327170665829014,-0.035129297575680195,12.096352049342416,11.678750719316124
same_LLI_LAMn_trajectory,0.125,0.035,0.7758226205417057,0.04104018197049606,0.006814234623232057,-0.03788273654486989,12.096352049342416,11.64662752925922
same_LLI_LAMn_trajectory,0.125,0.0375,0.8195675581150649,0.04384145233147735,0.007302433668440975,-0.0406436362924729,12.096352049342416,11.614504337752347
same_LLI_LAMn_trajectory,0.125,0.04,0.8610234280220863,0.04664728779250479,0.007791843163462085,-0.04341202718190722,12.096352049342416,11.582381144813503
same_LLI_LAMn_trajectory,0.125,0.0425,0.8998244799599435,0.049484838449563966,0.008284268205072356,-0.04618793974160173,12.096352049342416,11.550257950460391
same_LLI_LAMn_trajectory,0.125,0.045,0.9352983972758903,0.05238828255288099,0.008781580043848202,-0.048971404666117,12.096352049342416,11.51813475471044
same_LLI_LAMn_trajectory,0.125,0.0475,0.9659412956241974,0.055421189155952164,0.009287840415061345,-0.05176245281730795,12.096352049342416,11.486011557580444
same_LLI_LAMn_trajectory,0.125,0.05,0.9883686167567987,0.05872432879999757,0.00981135990958079,-0.054561115225353604,12.096352049342416,11.453888359087845
same_LLI_LAMn_trajectory,0.15000000000000002,0.0,1.5085678932099467e-16,5.648322587106949e-17,9.470053088095992e-18,0.0,11.775120280602682,11.775120280602682
same_LLI_LAMn_trajectory,0.15000000000000002,0.0025,0.06206296976242633,0.003089419610679475,0.0005013647785924237,-0.0027317820625734767,11.775120280602682,11.742997095006588
same_LLI_LAMn_trajectory,0.15000000000000002,0.005,0.12394848670376454,0.006169123651505357,0.0010030079805449842,-0.005471037094045153,11.775120280602682,11.710873907904755
same_LLI_LAMn_trajectory,0.15000000000000002,0.0075,0.18541241223741275,0.009234791428702227,0.0015065278863164951,-0.008217795798986995,11.775120280602682,11.678750719316124
same_LLI_LAMn_trajectory,0.15000000000000002,0.01,0.24628660329306828,0.01229240546009843,0.002010644475747766,-0.010972089050447284,11.775120280602682,11.64662752925922
same_LLI_LAMn_trajectory,0.15000000000000002,0.0125,0.306304289183645,0.015322676106494076,0.0025142055105345567,-0.01373394789109109,11.775120280602682,11.614504337752347
same_LLI_LAMn_trajectory,0.15000000000000002,0.015,0.3652974301890148,0.01833934368626119,0.0030193194865936763,-0.01650340353437391,11.775120280602682,11.582381144813503
same_LLI_LAMn_trajectory,0.15000000000000002,0.0175,0.42313177088024045,0.021335989558664153,0.0035240687760344992,-0.019280487365716942,11.775120280602682,11.550257950460391
same_LLI_LAMn_trajectory,0.15000000000000002,0.02,0.47962566377128024,0.024303948311240425,0.00402851181632835,-0.022065230943691286,11.775120280602682,11.51813475471044
same_LLI_LAMn_trajectory,0.15000000000000002,0.0225,0.5346655496387113,0.027253772917372847,0.004533802000184945,-0.024857666001244748,11.775120280602682,11.486011557580444
same_LLI_LAMn_trajectory,0.15000000000000002,0.025,0.588146082925342,0.03017605332644039,0.005038261722655142,-0.027657824446796247,11.775120280602682,11.453888359087845
same_LLI_LAMn_trajectory,0.15000000000000002,0.0275,0.6399798010750556,0.03307830482373545,0.005543039024711292,-0.030465738365526393,11.775120280602682,11.421765159249864
same_LLI_LAMn_trajectory,0.15000000000000002,0.03,0.6900207318478658,0.03596235772998786,0.006048346716859211,-0.0332814400208185,11.775120280602682,11.389641958081045
same_LLI_LAMn_trajectory,0.15000000000000002,0.0325,0.7382010199596468,0.038829856375284015,0.006553264951293266,-0.036104961855044734,11.775120280602682,11.357518755598402
same_LLI_LAMn_trajectory,0.15000000000000002,0.035,0.7843996014225997,0.041691643386851426,0.007059587988110529,-0.038936336491135266,11.775120280602682,11.325395551817723
same_LLI_LAMn_trajectory,0.15000000000000002,0.0375,0.8284130316136119,0.04455363648423905,0.00756727958572955,-0.041775596733724565,11.775120280602682,11.293272346754826
same_LLI_LAMn_trajectory,0.15000000000000002,0.04,0.8699623493992243,0.047429558983981476,0.00807636244208358,-0.04462277557049485,11.775120280602682,11.261149140424703
same_LLI_LAMn_trajectory,0.15000000000000002,0.0425,0.9086058631748731,0.05034353478728755,0.008589590659404024,-0.04747790617336276,11.775120280602682,11.229025932842546
same_LLI_LAMn_trajectory,0.15000000000000002,0.045,0.943436082061591,0.053333251366031245,0.009108465083624012,-0.050341021899816006,11.775120280602682,11.196902724023207
same_LLI_LAMn_trajectory,0.15000000000000002,0.0475,0.9725579451530898,0.056469954902392434,0.009637255839876277,-0.05321215629420169,11.775120280602682,11.164779513981317
same_LLI_LAMn_trajectory,0.15000000000000002,0.05,0.9918770638531014,0.059915497680625665,0.010186592877600126,-0.05609134308906608,11.775120280602682,11.132656302730961
common_LLI_dLLI,0.0,0.0,1.2963735398395428e-16,6.67587515501427e-17,1.5183328194339018e-17,0.0,13.702507686327175,13.702507686327175
common_LLI_dLLI,0.0,0.0025,0.21049104155949533,0.009873061208432642,0.0009371174206135017,-0.0023542274500671255,13.702507686327175,13.670286794251563
common_LLI_dLLI,0.0,0.005,0.4095537510514794,0.019406742037062462,0.0018587994019088102,-0.004714004036747388,13.702507686327175,13.638065899202587
common_LLI_dLLI,0.0,0.0075,0.589500341317308,0.02845159828656953,0.0027536910606985893,-0.007079349398852291,13.702507686327175,13.605845001236002
common_LLI_dLLI,0.0,0.01,0.7473664600981207,0.03702203263499297,0.00362026592380157,-0.009450283268072832,13.702507686327175,13.573624100406217
common_LLI_dLLI,0.0,0.0125,0.8820884716792163,0.04533725781084002,0.004468309504093507,-0.011826825469524365,13.702507686327175,13.541403196766364
common_LLI_dLLI,0.0,0.015,0.9847332829633347,0.054349275112998356,0.005346529868292667,-0.014208995922317282,13.702507686327175,13.509182290368063
common_LLI_dLLI,0.0,0.0175,0.9997520785869887,0.06778818176193986,0.006494568528411713,-0.01659681464002155,13.702507686327175,13.476961381262681
common_LLI_dLLI,0.0,0.02,0.9997500148592312,0.08036144395601444,0.007697139141783166,-0.01899030173135414,13.702507686327175,13.444740469499626
common_LLI_dLLI,0.0,0.0225,0.9997527065499612,0.09171792959098865,0.008902538136509939,-0.021389477400583414,13.702507686327175,13.412519555128515
common_LLI_dLLI,0.0,0.025,0.9997453949642575,0.10221947173740321,0.010110930515304017,-0.0237943619483878,13.702507686327175,13.380298638195288
common_LLI_dLLI,0.0,0.0275,0.9997478646614751,0.1120810549373715,0.011322417364151835,-0.02620497577201705,13.702507686327175,13.348077718747742
common_LLI_dLLI,0.0,0.03,0.999747261173236,0.1214337950224343,0.01253674415157701,-0.028621339366116445,13.702507686327175,13.31585679683221
common_LLI_dLLI,0.0,0.0325,0.999747280595073,0.13035869257106053,0.013753258805916433,-0.031043473323332876,13.702507686327175,13.283635872493239
common_LLI_dLLI,0.0,0.035,0.9997412932183302,0.13893337259256383,0.014973153112184369,-0.03347139833467445,13.702507686327175,13.251414945776604
common_LLI_dLLI,0.0,0.0375,0.9997431488357372,0.14719272066604935,0.016195163364933908,-0.035905135190441924,13.702507686327175,13.21919401672476
common_LLI_dLLI,0.0,0.04,0.9997421262070663,0.1551818411325468,0.01742025400369662,-0.038344704780413734,13.702507686327175,13.18697308538227
common_LLI_dLLI,0.0,0.0425,0.999738014533997,0.1629314717486694,0.01864900296931088,-0.04079012809476081,13.702507686327175,13.154752151791605
common_LLI_dLLI,0.0,0.045,0.9997407070713508,0.17046019155579029,0.019880338009224816,-0.043241426224496636,13.702507686327175,13.122531215995163
common_LLI_dLLI,0.0,0.0475,0.9997392519018226,0.17778818753350256,0.021114371307242412,-0.04569862036210684,13.702507686327175,13.090310278034964
common_LLI_dLLI,0.0,0.05,0.9997378552360705,0.18493186159700328,0.022351724885381178,-0.04816173180215761,13.702507686327175,13.058089337952683
common_LLI_dLLI,0.025,0.0,6.106920093633482e-15,3.3723256984065433e-16,2.8090350132562475e-17,0.0,13.380298638195288,13.380298638195288
common_LLI_dLLI,0.025,0.0025,0.21588486460343576,0.010318979475360387,0.000986409660043998,-0.002410989655133051,13.380298638195288,13.348077718747742
common_LLI_dLLI,0.025,0.005,0.4211499020313031,0.020352819770180126,0.001960854249949201,-0.004827799382567746,13.380298638195288,13.31585679683221
common_LLI_dLLI,0.025,0.0075,0.608047226344024,0.02997468768998365,0.0029137721625695804,-0.007250450278693961,13.380298638195288,13.283635872493239
common_LLI_dLLI,0.025,0.01,0.7726377778976783,0.0392064575432188,0.003843788857008267,-0.009678963541891798,13.380298638195288,13.251414945776604
common_LLI_dLLI,0.025,0.0125,0.9113415226305653,0.04833630402065832,0.004764550589406233,-0.012113360473492273,13.380298638195288,13.21919401672476
common_LLI_dLLI,0.025,0.015,0.9972255698029366,0.05911341593266848,0.005769984081743118,-0.014553662477991544,13.380298638195288,13.18697308538227
common_LLI_dLLI,0.025,0.0175,0.9996772131691248,0.07275422414809542,0.006991352024236704,-0.01699989106399555,13.380298638195288,13.154752151791605
common_LLI_dLLI,0.025,0.02,0.9996798605708896,0.08497472703922122,0.008222465622316839,-0.019452067844699873,13.380298638195288,13.122531215995163
common_LLI_dLLI,0.025,0.0225,0.9996731481404125,0.09616609369872633,0.009455762641748631,-0.021910214538549563,13.380298638195288,13.090310278034964
common_LLI_dLLI,0.025,0.025,0.9996712101191811,0.10662279112334021,0.010692529064663595,-0.02437435296987803,13.380298638195288,13.058089337952683
common_LLI_dLLI,0.025,0.0275,0.9996721616881138,0.11650201313665287,0.011931969224203328,-0.02684450506954589,13.380298638195288,13.025868395789745
common_LLI_dLLI,0.025,0.03,0.9996725438322331,0.1259190677190357,0.013174618999829853,-0.029320692875614864,13.380298638195288,12.993647451587023
common_LLI_dLLI,0.025,0.0325,0.9996679108534765,0.13494582377524753,0.014420114613269887,-0.031802938533898054,13.380298638195288,12.961426505386209
common_LLI_dLLI,0.025,0.035,0.9996639187751667,0.1436412636976287,0.015668786268155963,-0.03429126429868814,13.380298638195288,12.92920555722892
common_LLI_dLLI,0.025,0.0375,0.9996656588228968,0.1520436325220703,0.016920301572138002,-0.03678569253360442,13.380298638195288,12.896984607154355
common_LLI_dLLI,0.025,0.04,0.9996636535687049,0.16018908628568662,0.018175002058231346,-0.03928624571186124,13.380298638195288,12.864763655204484
common_LLI_dLLI,0.025,0.0425,0.999661832797253,0.1681006450615024,0.01943266491552197,-0.041792946417201604,13.380298638195288,12.8325427014207
common_LLI_dLLI,0.025,0.045,0.9996612413594979,0.1757998420206296,0.020693250973098237,-0.04430581734453511,13.380298638195288,12.800321745844352
common_LLI_dLLI,0.025,0.0475,0.9996555284502432,0.18330543002478383,0.02195705680973839,-0.046824881300608454,13.380298638195288,12.76810078851694
common_LLI_dLLI,0.025,0.05,0.9996598430546059,0.1906316785414574,0.023224006685724784,-0.04935016120458134,13.380298638195288,12.735879829481554
common_LLI_dLLI,0.05,0.0,1.7684546578407652e-15,9.476882092774428e-17,1.7309176703312613e-17,0.0,13.058089337952683,13.058089337952683
common_LLI_dLLI,0.05,0.0025,0.21946802214376035,0.010746345184982761,0.0010340387392547036,-0.0024705562316762373,13.058089337952683,13.025868395789745
common_LLI_dLLI,0.05,0.005,0.4290085405853732,0.02125237684153489,0.0020586986451943887,-0.004947223817456585,13.058089337952683,12.993647451587023
common_LLI_dLLI,0.05,0.0075,0.6209649391735749,0.031414722112150795,0.00306633461246852,-0.0074300254584653055,13.058089337952683,12.961426505386209
common_LLI_dLLI,0.05,0.01,0.7903598628961748,0.0412601891539158,0.004056126403685388,-0.009918983968405256,13.058089337952683,12.92920555722892
common_LLI_dLLI,0.05,0.0125,0.9306242855731738,0.0511617891640565,0.0050470736452474015,-0.0124141222744387,13.058089337952683,12.896984607154355
common_LLI_dLLI,0.05,0.015,0.9988798388815627,0.06320454195853731,0.006156243372472856,-0.014915463417489661,13.058089337952683,12.864763655204484
common_LLI_dLLI,0.05,0.0175,0.9995992035654838,0.07662629547418381,0.007412631643641525,-0.01742303055321185,13.058089337952683,12.8325427014207
common_LLI_dLLI,0.05,0.02,0.99959437947131,0.08874215113685195,0.008673317098874972,-0.019936846952661336,13.058089337952683,12.800321745844352
common_LLI_dLLI,0.05,0.0225,0.9995920284894674,0.09995556829923853,0.009936972457137695,-0.022456936003001915,13.058089337952683,12.76810078851694
common_LLI_dLLI,0.05,0.025,0.999587810725743,0.11049327358149816,0.011203631491966123,-0.024983321208116322,13.058089337952683,12.735879829481554
common_LLI_dLLI,0.05,0.0275,0.9995916036701057,0.12050114883154807,0.01247356064379447,-0.027516026189577863,13.058089337952683,12.703658868779803
common_LLI_dLLI,0.05,0.03,0.9995839337090648,0.13007643575565653,0.01374692892962373,-0.030055074687121236,13.058089337952683,12.671437906455184
common_LLI_dLLI,0.05,0.0325,0.9995867481076252,0.13927723036367504,0.015022957492342783,-0.03260049055950767,13.058089337952683,12.639216942551506
common_LLI_dLLI,0.05,0.035,0.9995864026024412,0.14816279331893434,0.01630246571901018,-0.03515229778523742,13.058089337952683,12.606995977113321
common_LLI_dLLI,0.05,0.0375,0.9995839350572658,0.15676956935308647,0.01758536221536008,-0.03771052046329456,13.058089337952683,12.574775010186015
common_LLI_dLLI,0.05,0.04,0.9995801110526166,0.16512471428314515,0.018871433405435442,-0.04027518281389699,13.058089337952683,12.542554041815903
common_LLI_dLLI,0.05,0.0425,0.9995806204402929,0.1732518625042589,0.02016035262643119,-0.0428463091792764,13.058089337952683,12.510333072050026
common_LLI_dLLI,0.05,0.045,0.9995787198716916,0.18117383723192318,0.02145282914024996,-0.04542392402433915,13.058089337952683,12.4781121009375
common_LLI_dLLI,0.05,0.0475,0.9995760731786795,0.18890255106914366,0.0227481430206099,-0.04800805193750731,13.058089337952683,12.445891128528679
common_LLI_dLLI,0.05,0.05,0.9995738257950821,0.19645133282054786,0.02404673039858382,-0.050598717631670224,13.058089337952683,12.413670154873031
common_LLI_dLLI,0.07500000000000001,0.0,6.415922237524585e-15,1.316027755789427e-15,1.3740526467140323e-16,0.0,12.735879829481554,12.735879829481554
common_LLI_dLLI,0.07500000000000001,0.0025,0.22179973256925462,0.011170188070348723,0.001080850962194718,-0.0025331403280479873,12.735879829481554,12.703658868779803
common_LLI_dLLI,0.07500000000000001,0.005,0.43423946302814065,0.022142339509056235,0.002154444063843486,-0.005072705721723799,12.735879829481554,12.671437906455184
common_LLI_dLLI,0.07500000000000001,0.0075,0.6297566387167124,0.032818223227024906,0.0032139848515778022,-0.00761872065343877,12.735879829481554,12.639216942551506
common_LLI_dLLI,0.07500000000000001,0.01,0.8024768060891482,0.04326615593907597,0.004261926143005678,-0.010171209719987187,12.735879829481554,12.606995977113321
common_LLI_dLLI,0.07500000000000001,0.0125,0.9426587314480742,0.05387447160033792,0.005318624641995343,-0.012730197643330173,12.735879829481554,12.574775010186015
common_LLI_dLLI,0.07500000000000001,0.015,0.9990610854528965,0.06665814856053527,0.0065025849416407745,-0.015295709271385237,12.735879829481554,12.542554041815903
common_LLI_dLLI,0.07500000000000001,0.0175,0.9995104289702837,0.08000728291930574,0.007791403534781938,-0.017867769578846077,12.735879829481554,12.510333072050026
common_LLI_dLLI,0.07500000000000001,0.02,0.999505417457578,0.09217534112772778,0.009083458757037408,-0.02044640366788367,12.735879829481554,12.4781121009375
common_LLI_dLLI,0.07500000000000001,0.0225,0.9995053385836135,0.10351720424048819,0.010379120841037722,-0.023031636769028037,12.735879829481554,12.445891128528679
common_LLI_dLLI,0.07500000000000001,0.025,0.9995033281054758,0.11422875648147984,0.011677976670667051,-0.025623494242160823,12.735879829481554,12.413670154873031
common_LLI_dLLI,0.07500000000000001,0.0275,0.9994990375074713,0.12444064019376595,0.012980337561998647,-0.02822200157694901,12.735879829481554,12.381449180024047
common_LLI_dLLI,0.07500000000000001,0.03,0.9994930264193321,0.13423435083968185,0.014285811608971176,-0.030827184393931634,12.735879829481554,12.349228204036082
common_LLI_dLLI,0.07500000000000001,0.0325,0.9994908096859098,0.14367477370182552,0.0155947114054694,-0.03343906844528968,12.735879829481554,12.317007226965236
common_LLI_dLLI,0.07500000000000001,0.035,0.9994886606365438,0.15280596142320207,0.01690694539442631,-0.0360576796156771,12.735879829481554,12.284786248869542
common_LLI_dLLI,0.07500000000000001,0.0375,0.9994904401775878,0.161666583807299,0.018222814597485974,-0.038683043923087766,12.735879829481554,12.252565269808796
common_LLI_dLLI,0.07500000000000001,0.04,0.9994848784387413,0.17027836879835742,0.019541652641000922,-0.04131518751964961,12.735879829481554,12.220344289845357
common_LLI_dLLI,0.07500000000000001,0.0425,0.99948199292378,0.17866654633998716,0.020864120102698502,-0.04395413669252734,12.735879829481554,12.188123309043695
common_LLI_dLLI,0.07500000000000001,0.045,0.9994859837330173,0.18685215795942106,0.022189972433491748,-0.04659991786475859,12.735879829481554,12.155902327470832
common_LLI_dLLI,0.07500000000000001,0.0475,0.9994782305858955,0.19484793250242907,0.02351948512813797,-0.04925255759612577,12.735879829481554,12.123681345196434
common_LLI_dLLI,0.07500000000000001,0.05,0.999475713537498,0.20266606230029277,0.024852187078400933,-0.05191208258402874,12.735879829481554,12.091460362292967
common_LLI_dLLI,0.1,0.0,1.4309682932109608e-16,8.071685146557399e-17,1.7476264246366144e-17,0.0,12.413670154873031,12.413670154873031
common_LLI_dLLI,0.1,0.0025,0.22326320131077634,0.011615737198937876,0.00112746621018189,-0.002598977194970462,12.413670154873031,12.381449180024047
common_LLI_dLLI,0.1,0.005,0.43767391908706577,0.02304460576340553,0.0022482226142538798,-0.0052047179536852915,12.413670154873031,12.349228204036082
common_LLI_dLLI,0.1,0.0075,0.6357073327213282,0.034245166137824384,0.003359361019767514,-0.007817248708179961,12.413670154873031,12.317007226965236
common_LLI_dLLI,0.1,0.01,0.8106071280921688,0.04526964029888315,0.004463258071838761,-0.010436596028240803,12.413670154873031,12.284786248869542
common_LLI_dLLI,0.1,0.0125,0.9497775890860954,0.05655232469011955,0.005582756838653585,-0.0130627866223176,12.413670154873031,12.252565269808796
common_LLI_dLLI,0.1,0.015,0.9989869909387522,0.06981831277736522,0.0068243055730547305,-0.015695847338363787,12.413670154873031,12.220344289845357
common_LLI_dLLI,0.1,0.0175,0.9994130173200864,0.08323244512686395,0.00814641517400136,-0.018335805164785626,12.413670154873031,12.188123309043695
common_LLI_dLLI,0.1,0.02,0.9994123207120885,0.09556496905751688,0.009472486889078714,-0.020982687231325337,12.413670154873031,12.155902327470832
common_LLI_dLLI,0.1,0.0225,0.9994073305387599,0.10712033764154939,0.010801951336980779,-0.02363652080998033,12.413670154873031,12.123681345196434
common_LLI_dLLI,0.1,0.025,0.9994059231044139,0.1180818881042111,0.012135021969069976,-0.026297333315923755,12.413670154873031,12.091460362292967
common_LLI_dLLI,0.1,0.0275,0.9993980555655197,0.12855628579791323,0.013471241021284986,-0.028965152308443095,12.413670154873031,12.05923937883572
common_LLI_dLLI,0.1,0.03,0.9993961124173729,0.13863512787509696,0.014811678749024027,-0.031640005491839804,12.413670154873031,12.027018394903395
common_LLI_dLLI,0.1,0.0325,0.9993933802189465,0.14836231114184667,0.016155031663663954,-0.03432192071639161,12.413670154873031,11.994797410578018
common_LLI_dLLI,0.1,0.035,0.9993934842065555,0.15778913086156604,0.017501989973648144,-0.03701092597925185,12.413670154873031,11.962576425945695
common_LLI_dLLI,0.1,0.0375,0.9993959565059782,0.16695084037501315,0.018852840138871913,-0.039707049425672145,12.413670154873031,11.930355441093594
common_LLI_dLLI,0.1,0.04,0.999387509244028,0.17586840339174986,0.020207155334618334,-0.04241031934952319,12.413670154873031,11.898134456115416
common_LLI_dLLI,0.1,0.0425,0.9993885535792277,0.18456260127630725,0.02156440800631101,-0.045120764194569916,12.413670154873031,11.865913471107918
common_LLI_dLLI,0.1,0.045,0.9993844360397152,0.1930544506741,0.022925551528148264,-0.04783841255537518,12.413670154873031,11.83369248617198
common_LLI_dLLI,0.1,0.0475,0.9993831602387508,0.20135890236516432,0.024291005620622832,-0.05056329317828838,12.413670154873031,11.80147150141275
common_LLI_dLLI,0.1,0.05,0.9993814509252142,0.20948209751439176,0.025659268458640045,-0.05329543496244424,12.413670154873031,11.769250516939758
common_LLI_dLLI,0.125,0.0,2.7912906247334726e-15,2.544608608820558e-16,2.035210352836042e-17,0.0,12.091460362292967,12.091460362292967
common_LLI_dLLI,0.125,0.0025,0.2242717834432558,0.01207385270275848,0.0011732326536745905,-0.002668327112888948,12.091460362292967,12.05923937883572
common_LLI_dLLI,0.125,0.005,0.44010080635157917,0.02400837231711363,0.002342726212930381,-0.005343783746754229,12.091460362292967,12.027018394903395
common_LLI_dLLI,0.125,0.0075,0.6399360563581874,0.035743802616318265,0.003504346079814708,-0.008026398507104163,12.091460362292967,11.994797410578018
common_LLI_dLLI,0.125,0.01,0.816260374420234,0.047347950437419475,0.004662131328564591,-0.010716200152341183,12.091460362292967,11.962576425945695
common_LLI_dLLI,0.125,0.0125,0.9539543793806177,0.05926696305205738,0.005840738811536191,-0.013413217595037955,12.091460362292967,11.930355441093594
common_LLI_dLLI,0.125,0.015,0.9988252142087405,0.0729487275205001,0.007133851375580986,-0.016117479902511913,12.091460362292967,11.898134456115416
common_LLI_dLLI,0.125,0.0175,0.9993082844417697,0.08653580523652629,0.00849129819271816,-0.018829016298155015,12.091460362292967,11.865913471107918
common_LLI_dLLI,0.125,0.02,0.9993097961654774,0.09912052770753292,0.009853265244853499,-0.021547856162392316,12.091460362292967,11.83369248617198
common_LLI_dLLI,0.125,0.0225,0.9993004122317731,0.11096311484212087,0.01121835733089555,-0.024274029033726108,12.091460362292967,11.80147150141275
common_LLI_dLLI,0.125,0.025,0.9993028471015268,0.12223594532994515,0.012587623152279832,-0.027007564609790858,12.091460362292967,11.769250516939758
common_LLI_dLLI,0.125,0.0275,0.9993034033016348,0.1330397229726844,0.01396034213057214,-0.02974849274841594,12.091460362292967,11.737029532867032
common_LLI_dLLI,0.125,0.03,0.9992974954615886,0.14345279832410104,0.015336709143319098,-0.0324968434686986,12.091460362292967,11.704808549313205
common_LLI_dLLI,0.125,0.0325,0.999296866467537,0.15352949411839067,0.01671683516030532,-0.03525264695205102,12.091460362292967,11.672587566402015
common_LLI_dLLI,0.125,0.035,0.9992932672845372,0.16330566968766733,0.01809998703555651,-0.038015933543373126,12.091460362292967,11.640366584261445
common_LLI_dLLI,0.125,0.0375,0.999293246013831,0.17281496304802835,0.019487770635786106,-0.04078673375207421,12.091460362292967,11.608145603024726
common_LLI_dLLI,0.125,0.04,0.9992897782528447,0.1820841811750128,0.02087927008926854,-0.043565078253232,12.091460362292967,11.575924622829845
common_LLI_dLLI,0.125,0.0425,0.9992860582455785,0.19113371240188573,0.022274357671486045,-0.04635099788871073,12.091460362292967,11.543703643819638
common_LLI_dLLI,0.125,0.045,0.9992913287282654,0.19997897475149404,0.02367269978856187,-0.04914452366830203,12.091460362292967,11.51148266614172
common_LLI_dLLI,0.125,0.0475,0.9992898784688077,0.20863624353239615,0.025076031899943,-0.05194568677090904,12.091460362292967,11.479261689948032
common_LLI_dLLI,0.125,0.05,0.9992815392483373,0.2171127514655266,0.02648247705891246,-0.054754518545603224,12.091460362292967,11.447040715395957
common_LLI_dLLI,0.15000000000000002,0.0,1.5093202722157189e-16,5.289135686891441e-17,6.490077170527548e-18,0.0,11.769250516939758,11.769250516939758
common_LLI_dLLI,0.15000000000000002,0.0025,0.2252239664682078,0.012583621613744496,0.0012199341808228137,-0.0027414787881752437,11.769250516939758,11.737029532867032
common_LLI_dLLI,0.15000000000000002,0.005,0.44234316927181966,0.02505036545077285,0.002437510387219226,-0.005490483554179797,11.769250516939758,11.704808549313205
common_LLI_dLLI,0.15000000000000002,0.0075,0.643672703225639,0.03735324722807141,0.003650086760509435,-0.008247045320770608,11.769250516939758,11.672587566402015
common_LLI_dLLI,0.15000000000000002,0.01,0.8209833161995665,0.049577750160876455,0.004862331478815704,-0.011011195281079586,11.769250516939758,11.640366584261445
common_LLI_dLLI,0.15000000000000002,0.0125,0.9568670020947464,0.062137623755075554,0.006097450494010948,-0.013782964799697907,11.769250516939758,11.608145603024726
common_LLI_dLLI,0.15000000000000002,0.015,0.9986282424599763,0.07623669575036746,0.007438622433291745,-0.0165623854138985,11.769250516939758,11.575924622829845
common_LLI_dLLI,0.15000000000000002,0.0175,0.9991984275590587,0.09010397238838903,0.008833792130064765,-0.019349488834818077,11.769250516939758,11.543703643819638
common_LLI_dLLI,0.15000000000000002,0.02,0.9992050525267626,0.10301362524252407,0.010232933958960362,-0.022144306948662776,11.769250516939758,11.51148266614172
common_LLI_dLLI,0.15000000000000002,0.0225,0.9992018847891614,0.1152204106708001,0.011636189676253867,-0.024946871817957583,11.769250516939758,11.479261689948032
common_LLI_dLLI,0.15000000000000002,0.025,0.9991953194773705,0.12686816499093584,0.013043475777612026,-0.027757215682669107,11.769250516939758,11.447040715395957
common_LLI_dLLI,0.15000000000000002,0.0275,0.9991953600740543,0.13806647661865717,0.014454715753645127,-0.03057537096162494,11.769250516939758,11.41481974264615
common_LLI_dLLI,0.15000000000000002,0.03,0.9991985009474471,0.14887439954719645,0.01586917223034139,-0.033401370253668655,11.769250516939758,11.382598771863531
common_LLI_dLLI,0.15000000000000002,0.0325,0.9992001193904037,0.15935161944630027,0.017288544382247625,-0.03623524633897768,11.769250516939758,11.350377803216524
common_LLI_dLLI,0.15000000000000002,0.035,0.9991997147730046,0.16953208319967697,0.01871132514005481,-0.03907703218028556,11.769250516939758,11.318156836877519
common_LLI_dLLI,0.15000000000000002,0.0375,0.9991996170834376,0.17944662394421856,0.020137437033136973,-0.041926760924512536,11.769250516939758,11.285935873018824
common_LLI_dLLI,0.15000000000000002,0.04,0.9991950945583706,0.18912114194273022,0.02156836694610773,-0.044784465903737455,11.769250516939758,11.253714911816234
common_LLI_dLLI,0.15000000000000002,0.0425,0.9991928532206423,0.1985772007651856,0.02300362978503669,-0.04765018063667409,11.769250516939758,11.221493953446986
common_LLI_dLLI,0.15000000000000002,0.045,0.9991927290141746,0.20782659384396487,0.02444195231919014,-0.05052393883020497,11.769250516939758,11.189272998087235
common_LLI_dLLI,0.15000000000000002,0.0475,0.9991981166364369,0.21688295084345258,0.025884809383491143,-0.05340577438069674,11.769250516939758,11.15705204591213
common_LLI_dLLI,0.15000000000000002,0.05,0.9992008550976765,0.2257617840528297,0.027331768647185756,-0.05629572137547035,11.769250516939758,11.124831097094289
