t_s,cell,V_cell,I,I_fraction,Un,eta_n,Eneg,xn_surface
0.0,1,3.3599832739365243,12.747912567834769,0.5003570835871212,0.0992790892383999,-0.04826394028613122,0.05101514895226868,0.5532953239731138
0.0,2,3.3599832739365243,12.729717281092352,0.4996429164196715,0.09854743211564543,-0.048231565736108935,0.05031586637953649,0.5558784814236529
0.005373313043690763,1,3.3599869142323784,12.747901901656528,0.5003566649383574,0.09927733533216054,-0.04826453894026208,0.051012796391898464,0.5533012120936199
0.005373313043690763,2,3.3599869142323784,12.72972797684709,0.49964333622931634,0.09854576438699159,-0.04823223186475654,0.05031353252223505,0.555884704372681
0.010746626087381526,1,3.359990547727785,12.7478912149309,0.5003562454831062,0.09927558238063128,-0.048265135578613116,0.05101044680201816,0.5533070982790846
0.010746626087381526,2,3.359990547727785,12.729738663462882,0.49964375568025643,0.09854409766983485,-0.04823289601609823,0.05031120165373662,0.555890925306568
0.06447975652428915,1,3.360026580737513,12.747784003009187,0.5003520374024351,0.09925810481659081,-0.04827101750818308,0.05098708730840773,0.553365855387313
0.06447975652428915,2,3.360026580737513,12.72984584574468,0.4996479625975574,0.09852748557644153,-0.04823945524881337,0.05028803032762816,0.55595302559815
0.11821288696119678,1,3.360062121444781,12.7476762067587,0.5003478063867901,0.09924072245767501,-0.04827676606253272,0.05096395639514229,0.5534244189082694
0.11821288696119678,2,3.360062121444781,12.729953641995351,0.4996521936132096,0.09851097425764399,-0.048245885008624693,0.0502650892490193,0.5560149243428446
0.1719460173981044,1,3.360097269023507,12.747567798830563,0.5003435513627246,0.099223435145126,-0.048282415530076284,0.05094101961504971,0.5534827884741244
0.1719460173981044,2,3.360097269023507,12.73006204992361,0.4996564486372798,0.09849456345760865,-0.04825221959309056,0.05024234386451809,0.5560766211764563
0.3245609614795185,1,3.3601953585025504,12.7472565198065,0.5003313336240295,0.09917484752191941,-0.04829805582339431,0.050876791698525096,0.5536475261187187
0.3245609614795185,2,3.3601953585025504,12.73037332895155,0.4996686663761271,0.09844849463381333,-0.04826982709178538,0.050178667542027953,0.5562507662945418
0.47717590556093264,1,3.3602914715055237,12.746940241747163,0.5003189196726057,0.09912700770891014,-0.048313291742751174,0.05081371596615897,0.5538107352959393
0.47717590556093264,2,3.3602914715055237,12.730689607010364,0.4996810803275304,0.09840321577547861,-0.04828706142603256,0.05011615434944605,0.5564233206296328
0.6297908496423468,1,3.3603858366297725,12.746619064829039,0.5003063134403921,0.09907990037098235,-0.04832818932449621,0.050751711046486146,0.553972447823869
0.6297908496423468,2,3.3603858366297725,12.731010783928394,0.4996936865597403,0.09835871027824483,-0.04830398793405091,0.05005472234419392,0.556594317427447
0.782405793723761,1,3.3604785379734983,12.746293128085446,0.5002935203844632,0.09903351026335327,-0.04834276888550358,0.050690741377849693,0.5541326957785371
0.782405793723761,2,3.3604785379734983,12.731336720671639,0.49970647961565556,0.09831496170436127,-0.04832062609486647,0.0499943356094948,0.5567637901538343
1.1544680200062072,1,3.36069830089554,12.74547926653847,0.5002615762220035,0.09892331505581087,-0.0483771943511248,0.050546120704686066,0.5545174725779426
1.1544680200062072,2,3.36069830089554,12.732150582316425,0.4997384237819543,0.0982113665913027,-0.04836019036988649,0.04985117622141621,0.5571708178709129
1.5265302462886534,1,3.360909748321038,12.744639954113014,0.5002286331095382,0.09881709838615027,-0.04841016821064934,0.05040693017550093,0.5548941337146731
1.5265302462886534,2,3.360909748321038,12.732989894728123,0.4997713668938796,0.09811196296841551,-0.04839846227646738,0.04971350069194813,0.5575694016243603
1.8985924725710996,1,3.3611135152675238,12.743777168118346,0.5001947686566911,0.09871467683943536,-0.048441845567196586,0.05027283127223877,0.5552630523103725
1.8985924725710996,2,3.3611135152675238,12.733852680711843,0.49980523134629695,0.09801655217899397,-0.048435585152606916,0.04958096702638705,0.5579599303456584
2.6218225641467447,1,3.361489252042675,12.742039829835479,0.5001265779225773,0.09852581014004569,-0.04850005614590323,0.05002575399414246,0.5559592985939884
2.6218225641467447,2,3.361489252042675,12.735590019808951,0.49987342211236985,0.0978418261370595,-0.04850476160366469,0.04933706453339481,0.5586973431544748
3.34505265572239,1,3.361840538492224,12.74023264087484,0.5000556455410581,0.09834945454251232,-0.04855432257518972,0.049795131967322596,0.5566300563265588
3.34505265572239,2,3.361840538492224,12.737397208569211,0.49994435448602426,0.0976802144127098,-0.04857043893622521,0.04910977547648459,0.559408247360077
4.068282747298035,1,3.362169603337573,12.73836572396501,0.4999823688304334,0.09818454844066693,-0.04860504975758053,0.0495794986830864,0.5572775532823263
4.068282747298035,2,3.362169603337573,12.739264125327646,0.5000176311907066,0.09753057767262341,-0.04863296146284866,0.04889761620977475,0.5600949669601706
4.79151283887368,1,3.3624783039447017,12.736447871342472,0.49990709288703034,0.09803015766281709,-0.048652554986449485,0.0493776026763676,0.557903742773828
4.79151283887368,2,3.3624783039447017,12.741181977834582,0.5000929071295723,0.09739191368776767,-0.04869259352993909,0.04869932015782858,0.5607595396784297
6.130774360992009,1,3.3630014938890915,12.732787988680869,0.499763442057525,0.0977693293986106,-0.04873291902502186,0.049036410373588746,0.5590125719920332
6.130774360992009,2,3.3630014938890915,12.744841863642458,0.5002365580825692,0.09716121261759492,-0.048796131214014785,0.04836508140358013,0.5619374662725155
7.470035883110339,1,3.363469276400374,12.729019556807932,0.499615530658572,0.09753729311104564,-0.048804699932806936,0.048732593178238706,0.5600635034353212
7.470035883110339,2,3.363469276400374,12.748610294277322,0.5003844694329277,0.0969603532741341,-0.04889182079965096,0.048068532474483144,0.5630552717514155
8.80929740522867,1,3.363888930797912,12.725173945863803,0.49946458997190063,0.09733036554093566,-0.048869137201242634,0.048461228339693026,0.5610643101952673
8.80929740522867,2,3.363888930797912,12.7524559044314,0.5005354100885895,0.0967854017557741,-0.0489807092244888,0.0478046925312853,0.564121065920839
10.148558927347,1,3.364266370299967,12.721276699409529,0.49931162258531836,0.0971455335197442,-0.048927227729660704,0.048218305790083495,0.5620213089458866
10.148558927347,2,3.364266370299967,12.756353150372206,0.500688377455018,0.09663313795593265,-0.04906363522073882,0.04756950273519383,0.5651414367223588
12.546190799095477,1,3.3648512732729965,12.714238328355757,0.49903536568483137,0.09686228147562526,-0.04901779596643542,0.047844485509189835,0.563640480411729
12.546190799095477,2,3.3648512732729965,12.763391526511969,0.5009646345551307,0.09640911579279154,-0.04919920245694975,0.04720991333584179,0.5668706635866227
14.943822670843954,1,3.3653388642669815,12.707194635695954,0.49875889991067507,0.09663057618327575,-0.04909439584473199,0.04753618033854376,0.5651595048187598
14.943822670843954,2,3.3653388642669815,12.770435216093533,0.5012411002084658,0.0962372070614641,-0.049321026949174986,0.04691618011228912,0.568496253489088
17.34145454259243,1,3.3657462117553494,12.700217429193353,0.498485043726092,0.0964418056876577,-0.04915987231001426,0.04728193337764344,0.5665963576157429
17.34145454259243,2,3.3657462117553494,12.777412421076336,0.5015149563333967,0.09610818628706697,-0.04943149589496707,0.046676690392099894,0.5700369045067328
19.739086414340907,1,3.3660861560339357,12.693367935541403,0.49821620028607766,0.09628938176537694,-0.049216310072767944,0.04707307169260899,0.5679642260663335
19.739086414340907,2,3.3660861560339357,12.784261913963885,0.5017837997434081,0.09601493717931464,-0.04953230067970864,0.046482636499606,0.5715062932056111
23.11634387447136,1,3.3664699877368305,12.684033393592953,0.4978498184050368,0.09612640842083553,-0.04928358310308758,0.04684282531774795,0.5697935664226451
23.11634387447136,2,3.3664699877368305,12.793596456413738,0.5021501816441292,0.09593349236634585,-0.049660379425032944,0.04627311294131291,0.573475432145434
26.493601334601816,1,3.366761904364166,12.675179611086158,0.49750230638922704,0.0960137972118047,-0.049339531495479816,0.04667426571632488,0.5715275307126751
26.493601334601816,2,3.366761904364166,12.802450238096094,0.5024976936275796,0.09589927314674451,-0.049774415127680285,0.04612485801906423,0.5753459575976073
29.87085879473227,1,3.3669788718541844,12.666912553948265,0.49717782341388866,0.09594258021795254,-0.0493867636463385,0.04655581657161405,0.5731820854618388
29.87085879473227,2,3.3669788718541844,12.810717294938389,0.5028221765913157,0.09590236567470295,-0.04987631994447276,0.04602604573023019,0.5771341709701227
33.24811625486272,1,3.3671345712290384,12.659320489742784,0.4968798339913815,0.0959055523658211,-0.04942738415520145,0.046478168210619654,0.574769786752555
33.24811625486272,2,3.3671345712290384,12.818309359046948,0.5031201660100186,0.09593476419380922,-0.04996761353193559,0.04596715066187364,0.5788527994234292
36.625373714993174,1,3.3672401215779586,12.652478907091808,0.49661130105909584,0.095896804823969,-0.04946308001908165,0.046433724804887354,0.5763004415315999
36.625373714993174,2,3.3672401215779586,12.825150941669921,0.5033886989412052,0.09598986684856498,-0.05004947898653696,0.04594038786202802,0.5805116908922376
42.94861094498139,1,3.367333677593486,12.641899071116237,0.4961960412394667,0.09593984444114428,-0.04952122424414852,0.04641862019699576,0.5790388239753554
42.94861094498139,2,3.367333677593486,12.835730777642592,0.5038039587607205,0.09613547859684979,-0.05018052797588169,0.0459549506209681,0.5834827221875482
49.271848174969605,1,3.3673296417139613,12.634474653498623,0.4959046319654609,0.09603888946881231,-0.04957331958421814,0.046465569884594174,0.5816404227298291
49.271848174969605,2,3.3673296417139613,12.843155237791025,0.504095369704066,0.09631255399965677,-0.05028616059153305,0.04602639340812372,0.5863064176957388
55.59508540495782,1,3.3672631448934602,12.63036003222105,0.4957431325912256,0.09617354567564451,-0.04962391793774652,0.04654962773789799,0.5841312621938307
55.59508540495782,2,3.3672631448934602,12.84726981653442,0.5042568674088298,0.0964990050350586,-0.050369781407675104,0.04612922362738349,0.5890076147205487
61.91832263494604,1,3.3671612130775586,12.629558441957842,0.49571167007811245,0.09632769919356543,-0.049676204074443904,0.046651495119121526,0.5865315275990549
61.91832263494604,2,3.3671612130775586,12.848071406802758,0.5042883299221442,0.09667829019555185,-0.05043439163394178,0.04624389856161007,0.5916053875748482
68.24155986493426,1,3.3670444578470167,12.631941597428256,0.4958052092136035,0.09648845452346977,-0.04973218242825429,0.046756272095215476,0.5888568613973927
68.24155986493426,2,3.3670444578470167,12.845688251336735,0.5041947907868256,0.09683820218843908,-0.050482654020738385,0.0463555481677007,0.5941144687757165
76.24155986493426,1,3.366899169623455,12.639135825214895,0.4960875835093817,0.09668527498866508,-0.04980976028824462,0.046875514700420465,0.591709576704293
76.24155986493426,2,3.366899169623455,12.838494023564522,0.5039124164916136,0.09699939345475372,-0.0505239671345303,0.046475426320223424,0.5971789751529534
84.24155986493426,1,3.3667768044251285,12.650351303165342,0.4965277923520812,0.096859636116706,-0.04989508435113513,0.04696455176557088,0.5944787334784469
84.24155986493426,2,3.3667768044251285,12.827278545600953,0.5034722076483991,0.09710433457712897,-0.05054728459377471,0.04655704998335426,0.600136320238915
92.24155986493426,1,3.366692142511023,12.664762113585256,0.4970934183740253,0.09699933638181357,-0.0499872853259796,0.047012051055833975,0.5971776982367338
92.24155986493426,2,3.366692142511023,12.812867735171336,0.5029065816260742,0.09714721036453788,-0.05055676507362087,0.046590445290917014,0.6030001676860743
100.24155986493426,1,3.366654467020348,12.681490959846151,0.49775002757826464,0.09709579722827621,-0.050084856517901115,0.0470109407103751,0.5998169881507497
100.24155986493426,2,3.366654467020348,12.796138888907878,0.5022499724217342,0.09712640425216801,-0.05055631531162059,0.04657008894054742,0.6057821299207661
108.24155986493426,1,3.3666688042776673,12.69968220084095,0.49846403594963945,0.09714347666068912,-0.05018597424606037,0.04695750241462875,0.6024047389130285
108.24155986493426,2,3.3666688042776673,12.77794764791309,0.5015359640503598,0.09704330307620124,-0.05054944733978419,0.046493855736417046,0.6084920531070472
116.24155986493426,1,3.3667369170930055,12.718554956239583,0.49920479384237393,0.09713939911875213,-0.050288751140109625,0.04685064797864251,0.6049471212718159
116.24155986493426,2,3.3667369170930055,12.759074892515724,0.500795206157675,0.09690136968075036,-0.05053918980535097,0.04636217987539939,0.611138233241457
124.24155986493426,1,3.366858199559413,12.737438241628094,0.49994596503846284,0.09708274804459105,-0.05039145151778601,0.04669129652680504,0.6074489077729259
124.24155986493426,2,3.366858199559413,12.740191607136351,0.5000540349619448,0.09670542049269626,-0.05052807276923193,0.04617734772346433,0.6137278042571023
132.24155986493426,1,3.3670303928253498,12.755788503538694,0.5006662149996851,0.09697447391264724,-0.05049262208177263,0.04648185183087461,0.6099139348670249
132.24155986493426,2,3.3670303928253498,12.721841345256237,0.49933378500191916,0.09646106073817018,-0.05051813735959605,0.04594292337857413,0.6162670473621238
140.24155986493426,1,3.3672500954179525,12.773191582001319,0.5013492878979859,0.09681692012492427,-0.05059113338286589,0.04622578674205838,0.6123453526185906
140.24155986493426,2,3.3672500954179525,12.704438266859054,0.4986507121061869,0.09617426562234899,-0.050510953824357156,0.04566331179799183,0.6187615144921944
148.24155986493426,1,3.367513143517003,12.789353877164322,0.5019836599042891,0.09661348112220747,-0.050686171972977014,0.045927309149230454,0.6147457667185507
148.24155986493426,2,3.367513143517003,12.688275971803883,0.49801634010411616,0.09585108577958712,-0.05050765925202392,0.0453434265275632,0.6212160755022689
156.24155986493426,1,3.367814918896803,12.804086919737347,0.5025619335765453,0.09636829729140217,-0.05077721125342851,0.04559108603797366,0.6171173511938635
156.24155986493426,2,3.367814918896803,12.673542929383622,0.4974380664378559,0.09549744532760052,-0.05050901628402511,0.044988429043575404,0.6236349656089456
164.24155986493426,1,3.3681506230427805,12.817291496688984,0.5030802147914788,0.09608597932059482,-0.05086398146216251,0.045221997858432304,0.6194620118461709
164.24155986493426,2,3.3681506230427805,12.660338352620787,0.4969197852303329,0.09511899276503133,-0.050515480144050426,0.044603512620980904,0.6260219248275161
172.24155986493426,1,3.368515457672282,12.828938749886781,0.5035373708639604,0.09577137858521967,-0.050946418389088956,0.04482496019613071,0.6217814438633467
172.24155986493426,2,3.368515457672282,12.64869109963664,0.49646262916623707,0.09472101235257391,-0.050527260614657565,0.04419375173791634,0.6283802402383665
180.24155986493426,1,3.368904757164917,12.83905276938013,0.5039343473312924,0.09542940096048946,-0.0510246136471871,0.044404787313302364,0.6240771693229471
180.24155986493426,2,3.368904757164917,12.638577080366664,0.4960656527076726,0.09430837354776767,-0.0505443786204767,0.04376399492729097,0.6307127840304511
188.24155986493426,1,3.3693140924619462,12.847696295127655,0.5042736067443083,0.09506485849865065,-0.05109877421513918,0.043966084283511474,0.6263505793615265
188.24155986493426,2,3.3693140924619462,12.629933554834919,0.49572639330312607,0.0938855022067635,-0.05056671578391645,0.043318786422847054,0.6330220761824134
196.24155986493426,1,3.3697393373453446,12.854957499987842,0.5045586098981846,0.09468235957917503,-0.05116918425066764,0.043513175328507396,0.6286029518142534
196.24155986493426,2,3.3697393373453446,12.62267235017234,0.49544139015700595,0.09345637669244766,-0.050594058015220884,0.04286231867722678,0.6353103083879627
204.24155986493426,1,3.3701767151870383,12.860940459978051,0.5047934417889737,0.09428622893137906,-0.05123617724593246,0.043050051685446594,0.6308354751507269
204.24155986493426,2,3.3701767151870383,12.616689390349157,0.49520655827277255,0.09302453184779935,-0.05062612914623654,0.04239840270156281,0.6375793946469225
212.24155986493426,1,3.3706228249903964,12.865757980361444,0.5049825300366636,0.09388045437786818,-0.051300114454611356,0.04258033992325683,0.6330492673567688
212.24155986493426,2,3.3706228249903964,12.61187187009855,0.49501747003029456,0.09259307129082828,-0.05066261650664726,0.04193045478418102,0.6398310211743172
220.24155986493426,1,3.3710746482054432,12.869525778426919,0.5051304165585985,0.09346865695271678,-0.05136136703344083,0.042107289919275946,0.6352453843360333
220.24155986493426,2,3.3710746482054432,12.608104072126324,0.4948695835120197,0.09216468880565998,-0.05070319076328642,0.041461498042373555,0.6420666781181666
228.24155986493426,1,3.3715295425633847,12.872358058161197,0.505241583874832,0.09305407932559273,-0.05142030238285333,0.0416337769427394,0.637424822973098
228.24155986493426,2,3.3715295425633847,12.605271792448814,0.49475841619801436,0.09174169540384547,-0.0507475208629463,0.04099417454089917,0.6442876806286939
236.24155986493426,1,3.3719852282372895,12.874364573580669,0.5053203398435537,0.0926395875240491,-0.05147727502362905,0.04116231250042005,0.6395885241875398
236.24155986493426,2,3.3719852282372895,12.603265277051058,0.494679660230145,0.09132604834128255,-0.05079528446673945,0.0405307638745431,0.6464951895716554
244.24155986493426,1,3.3724397686962884,12.875648875256243,0.5053707488369804,0.09222768223819422,-0.05153262103266059,0.04069506120553363,0.6417373769032305
244.24155986493426,2,3.3724397686962884,12.601980975365056,0.49462925123630896,0.0909193805723767,-0.050846174708989736,0.04007320586338696,0.6486902331411086
252.24155986493426,1,3.3728915474165455,12.876307309873308,0.5053965924739661,0.09182051703352823,-0.05158665475791143,0.040233862275616795,0.6438722216993708
252.24155986493426,2,3.3728915474165455,12.601322540713433,0.49460340759796695,0.09052303038929743,-0.05089990433320031,0.03962312605609712,0.6508737260923477
260.2415598649343,1,3.3733392418263106,12.876428509410003,0.5054013495701879,0.09141992125433429,-0.05163966706502125,0.03978025418931304,0.6459938535061576
260.2415598649343,2,3.3733392418263106,12.601201341121474,0.49459865049957596,0.0901380708740982,-0.05095620799795629,0.03918186287614191,0.6530464850948765
268.2415598649343,1,3.373781795971133,12.876093260329187,0.505388191003916,0.09102742568947697,-0.051691924794138304,0.03933550089533867,0.6481030237012948
268.2415598649343,2,3.373781795971133,12.601536590131756,0.49461180906307944,0.08976533848511803,-0.05101484322213101,0.03875049526298702,0.6552092411722357
276.2415598649343,1,3.374218393002358,12.875374671481035,0.5053599863062098,0.0906442894629933,-0.051743671166190705,0.038900618296802594,0.6502004421226345
276.2415598649343,2,3.374218393002358,12.60225517890013,0.4946400137576542,0.08940546020815532,-0.051075590307258306,0.03832986990089701,0.6573626504770415
284.2415598649343,1,3.374648428132293,12.874338543731767,0.5053193181688902,0.09027152704323882,-0.05179512683933669,0.03847640020390213,0.652286779162947
284.2415598649343,2,3.374648428132293,12.603291306563152,0.4946806818915887,0.08905887899476461,-0.05113825155079655,0.03792062744396806,0.6595073037977358
292.2415598649343,1,3.375071482430787,12.873043856194768,0.505268501529168,0.08990993461057517,-0.051846491362056185,0.038063443248518986,0.654362667863834
292.2415598649343,2,3.375071482430787,12.604585994011204,0.4947314985278197,0.08872587738666127,-0.05120265001411288,0.03752322737254839,0.6616437347239315
300.2415598649343,1,3.375487297690835,12.871543316133971,0.5052096051534178,0.08956011526448648,-0.05189794485931101,0.03766217040517547,0.6564287058995072
300.2415598649343,2,3.375487297690835,12.606086533983714,0.4947903949001046,0.088406599276591,-0.05126862802201016,0.03713797125458084,0.6637724264727799
308.2415598649343,1,3.375895752296878,12.869883955412126,0.505144475047843,0.08922250288134226,-0.05194964985859526,0.037272853022747,0.6584854564252323
308.2415598649343,2,3.375895752296878,12.607745894619187,0.4948555250022893,0.0881010700325442,-0.05133604546110527,0.036765024571438924,0.6658938157586003
316.2415598649343,1,3.376296839200209,12.868107691444944,0.5050747564759929,0.08889738361170707,-0.05200175321893481,0.03689563039277226,0.6605334526674052
316.2415598649343,2,3.376296839200209,12.609522158503545,0.49492524357088863,0.08780921379989337,-0.05140477822551944,0.03640443557437393,0.668008302233042
324.2415598649343,1,3.3766906441727293,12.866251939083984,0.5050019179752384,0.08858491620211595,-0.05205438804509454,0.03653052815702141,0.6625731986804985
324.2415598649343,2,3.3766906441727293,12.61137791078653,0.49499808206858253,0.08753086996960757,-0.051474716428984074,0.0360561535406235,0.6701162507950623
332.2415598649343,1,3.3770773253229294,12.864350189191436,0.5049272740659015,0.08828515037585749,-0.05210767556998357,0.03617747480587392,0.6646051704218716
332.2415598649343,2,3.3770773253229294,12.613279660606244,0.49507272597506063,0.08726580777363502,-0.051545762712648074,0.035720045060986944,0.672217993850346
340.2415598649343,1,3.3774570938673047,12.862432532646132,0.5048520058185533,0.08799804325375415,-0.052161726957867395,0.03583631629588676,0.6666298176241114
340.2415598649343,2,3.3774570938673047,12.61519731708411,0.49514799421976197,0.08701373904459242,-0.05161783073712115,0.03539590830747127,0.6743138343936381
348.2415598649343,1,3.377830195968749,12.860526127811003,0.5047771792021668,0.08772347400768243,-0.0522166449747355,0.035506829032946934,0.6686475658358059
348.2415598649343,2,3.377830195968749,12.61710372185678,0.49522282083369695,0.08677432941678909,-0.05169084386872474,0.03508348554806435,0.6764040490489011
356.2415598649343,1,3.3781968956509765,12.858655595542663,0.5047037605882909,0.08746125690754969,-0.052272525449052865,0.035188731458496825,0.6706588182324839
356.2415598649343,2,3.3781968956509765,12.61897425406785,0.49529623944532497,0.0865472081625871,-0.05176473410985029,0.03478247405273681,0.6784888905914994
364.2415598649343,1,3.3785574590588117,12.856843309402949,0.504632628141887,0.08721115287685777,-0.05232945841578177,0.034881694461075995,0.6726639571423911
364.2415598649343,2,3.3785574590588117,12.620786540155356,0.49536737188967966,0.08633197677655158,-0.051839441376915305,0.03449253539963627,0.6805685900330924
372.2415598649343,1,3.3789121407889593,12.855109538239132,0.50456457741762,0.08697287954493138,-0.052387528766419486,0.034585350778511895,0.6746633463642528
372.2415598649343,2,3.3789121407889593,12.622520311271128,0.495435422612061,0.08612821628524792,-0.05191491322611927,0.03421330305912865,0.6826433597399741
380.2415598649343,1,3.3792611721515553,12.853472424734687,0.5045003205179726,0.08674612044899277,-0.052446816442285715,0.034299304006707054,0.6766573298021219
380.2415598649343,2,3.3792611721515553,12.624157424730695,0.495499679509947,0.0859354938908714,-0.05199110521279048,0.033944388678080924,0.6847133926782174
388.2415598649343,1,3.379604753968536,12.851947708606497,0.5044404752287034,0.08653053270540223,-0.052507395741040803,0.034023136964361426,0.6786462327230821
388.2415598649343,2,3.379604753968536,12.62568214081763,0.49555952479759685,0.08575336829313329,-0.05206798201868924,0.03368538627444405,0.6867788652296588
396.2415598649343,1,3.379943054479226,12.85054822859979,0.5043855454720889,0.08632575364007611,-0.052569333766806885,0.033756419873269224,0.6806303629684647
396.2415598649343,2,3.379943054479226,12.62708162078623,0.49561445455271563,0.08558139414739774,-0.052145519239313626,0.03343587490808411,0.6888399408333974
404.2415598649343,1,3.380276213357997,12.849283251734963,0.504335894979781,0.08613140663508823,-0.05263268814227372,0.03349871849281451,0.6826100106035167
404.2415598649343,2,3.380276213357997,12.628346597615542,0.49566410504362945,0.08541912590607037,-0.05222370568968784,0.03319542021638253,0.6908967728128815
412.2415598649343,1,3.380604353033814,12.848157718951528,0.5042917176842431,0.0859471061890753,-0.05269750423278223,0.033249601956293076,0.684585446616917
412.2415598649343,2,3.380604353033814,12.629472130366016,0.49570828233787373,0.08526612106352971,-0.05230254591421769,0.03296357514931202,0.6929495069108121
420.2415598649343,1,3.3809275975072413,12.847171591673924,0.5042530120713796,0.08577246218492895,-0.05276381241799029,0.033008649766938666,0.6865569215757301
420.2415598649343,2,3.3809275975072413,12.630458257611176,0.4957469879494637,0.08512194283189523,-0.052382062248632295,0.03273988058326293,0.6949982841316021
428.2415598649343,1,3.3812460971252354,12.846319567370942,0.5042195700162105,0.0856070834265843,-0.05283162621796508,0.03277545720861921,0.6885246646528226
428.2415598649343,2,3.3812460971252354,12.631310281885346,0.495780430003502,0.0849861623413144,-0.05246229549736733,0.03252386684394707,0.6970432436450276
436.2415598649343,1,3.3815600559666286,12.845591433493018,0.5041909906749513,0.08545058052667542,-0.05290094214766887,0.032549638379006554,0.6904888832639644
436.2415598649343,2,3.3815600559666286,12.632038415736172,0.4958090093436977,0.08485836046989448,-0.05254330328963115,0.032315057180263326,0.69908452504467
444.2415598649343,1,3.3818697570791816,12.844973219197836,0.5041667256903805,0.08530256821650273,-0.052971741924205784,0.032330826292296944,0.6924497636583711
444.2415598649343,2,3.3818697570791816,12.632656630006304,0.4958332743272853,0.08473812937608916,-0.05262515556231281,0.03211297381377635,0.7011222693466685
452.2415598649343,1,3.3821755812893097,12.844449079726536,0.5041461531538293,0.0851626671136918,-0.05304399717142189,0.03211866994226991,0.6944074733189705
452.2415598649343,2,3.3821755812893097,12.63318076945556,0.49585384686297124,0.08462507373719319,-0.052707927550084,0.03191714618710919,0.7031566190362809
460.2415598649343,1,3.382478011295706,12.844003706783273,0.5041286722128663,0.08503050518295208,-0.05311767556816004,0.03191282961479203,0.6963621631926711
460.2415598649343,2,3.382478011295706,12.633626142380592,0.49587132780321863,0.08451881182921905,-0.05279169038897185,0.031727121440247204,0.7051877150355769
468.2415598649343,1,3.3827776229517887,12.843624683732772,0.504113795513081,0.0849057187875264,-0.05319274766078295,0.03171297112674345,0.6983139720382828
468.2415598649343,2,3.3827776229517887,12.634005165416504,0.4958862045024313,0.08441897628107053,-0.052876502158412594,0.03154247412265794,0.7072156937033097
476.2415598649343,1,3.383075064703024,12.843304297185023,0.5041012203029986,0.08478795353175173,-0.05326919265850568,0.031518760873246045,0.7002630310057726
476.2415598649343,2,3.383075064703024,12.634325551953054,0.49589877971207413,0.08432521457796227,-0.05296240090663959,0.03136281367132268,0.7092406833503019
484.2415598649343,1,3.383371027664155,12.843040556040615,0.5040908684317306,0.08467686496858828,-0.05334700228536071,0.03132986268322757,0.7022094676839562
484.2415598649343,2,3.383371027664155,12.634589293089618,0.4959091315830343,0.08423718932202995,-0.05304940056459554,0.031187788757434408,0.7112628009335944
492.2415598649343,1,3.3836662108479465,12.842837363835745,0.5040828931135367,0.084572119191618,-0.05342618244263788,0.03114593674898012,0.7041534094364518
492.2415598649343,2,3.3836662108479465,12.634792485290824,0.4959171069010843,0.08415457826322292,-0.053137490083937894,0.03101708817928503,0.7132821497138654
500.2415598649343,1,3.383961287152024,12.842703891140067,0.5040776542943659,0.08447339336545046,-0.05350675268019205,0.030966640685258402,0.7060949850397703
500.2415598649343,2,3.383961287152024,12.634925957985988,0.49592234572023497,0.08407707417781918,-0.05322663564112028,0.030850438536698895,0.7152988171820196
508.2415598649343,1,3.3842568762671217,12.842653557328683,0.5040756786862861,0.08438037605485427,-0.05358874489769684,0.030791631157157426,0.7080343273228636
508.2415598649343,2,3.3842568762671217,12.634976291799143,0.4959243213283843,0.08400438450634606,-0.05331678507606322,0.030687599430282847,0.7173128766958742
516.2415598649343,1,3.3845535243113676,12.842702603849597,0.504077603768062,0.08429276758785598,-0.05367220038759285,0.030620567200263127,0.7099715723771205
516.2415598649343,2,3.3845535243113676,12.63492724528356,0.49592239624681766,0.08393623101878234,-0.05340787354660888,0.03052835747217346,0.7193243870681502
524.2415598649343,1,3.3848516925178003,12.842868512396068,0.5040841156982319,0.08421028029446553,-0.05375716637026111,0.030453113924204425,0.7119068580910052
524.2415598649343,2,3.3848516925178003,12.634761336744736,0.4959158843169479,0.08387234939495603,-0.05349983008862033,0.030372519306335694,0.7213333931356167
532.2415598649343,1,3.3851517548758903,12.8431684440925,0.5040958880529687,0.08413263859949183,-0.05384369242277871,0.030288946176713114,0.7138403228845974
532.2415598649343,2,3.3851517548758903,12.634461405057435,0.49590411196256945,0.08381248872102365,-0.05359258442497023,0.030219904296053417,0.723339928196147
540.2415598649343,1,3.3854540032379816,12.843617694889458,0.5041135212001502,0.08405957901921202,-0.05393182645480047,0.030127752564411546,0.7157721039961046
540.2415598649343,2,3.3854540032379816,12.634012154271598,0.49588647881582454,0.08375641096157693,-0.053686073607576275,0.030070337354000658,0.725344017316726
548.2415598649343,1,3.3857586585752584,12.844228128225035,0.5041374807811316,0.08399085008682405,-0.054021610023034544,0.02996924006378951,0.7177023349704681
548.2415598649343,2,3.3857586585752584,12.633401720947914,0.49586251923530983,0.0837038904374312,-0.05378024841090859,0.029923642026522618,0.7273456808651715
556.2415598649343,1,3.3860658873994427,12.845006665133202,0.5041680384473191,0.08392621220627472,-0.05411307333426611,0.029813138872008607,0.7196311425718309
556.2415598649343,2,3.3860658873994427,12.632623184053106,0.49583196156964665,0.0836547133126162,-0.05387507925503298,0.029779634057583222,0.7293449382554238
564.2415598649343,1,3.3863758221103484,12.845954051918136,0.5042052234912403,0.08386543743252695,-0.05420623071409276,0.029659206718434188,0.7215586435075689
564.2415598649343,2,3.3863758221103484,12.631675797283215,0.49579477652631593,0.08360867709439113,-0.053970560987593286,0.02963811610679784,0.731341811833397
572.2415598649343,1,3.3866885834611478,12.847064190262179,0.5042487965532022,0.08380830917996018,-0.05430107749326073,0.029507231686699456,0.723484941398613
572.2415598649343,2,3.3866885834611478,12.630565658953767,0.49575120346492685,0.08356559015577947,-0.05406671555727997,0.0294988745984995,0.7333363304880478
580.2415598649343,1,3.3870043029152734,12.848324287153092,0.5042982555059539,0.08375462186215188,-0.05439758923881709,0.02935703262333479,0.725410124529948
580.2415598649343,2,3.3870043029152734,12.629305562079853,0.49570174451284243,0.08352527128851506,-0.054163591680765386,0.02936167960774967,0.7353285324111525
588.2415598649343,1,3.3873231425468995,12.849715977110518,0.5043528795022082,0.08370418047068995,-0.05449572400682204,0.02920845646386791,0.7273342649064819
588.2415598649343,2,3.3873231425468995,12.627913872140635,0.4956471205173028,0.0834875492889049,-0.05426126097700992,0.02922628831189497,0.7373184664442918
596.2415598649343,1,3.3876453103686983,12.85121740099413,0.5044118105681089,0.08365680010413445,-0.05459542780218475,0.029061372301949703,0.7292574191039323
596.2415598649343,2,3.3876453103686983,12.626412448275968,0.49558818945214567,0.0834522625708729,-0.054359810634873544,0.02909245193599936,0.7393061917364416
604.2415598649343,1,3.3879710693203906,12.852806018175048,0.5044741639812933,0.0836123054732747,-0.05469664268564823,0.028915662787626466,0.7311796307828679
604.2415598649343,2,3.3879710693203906,12.624823831117476,0.4955258360398415,0.0834192588020155,-0.05445933332166285,0.028959925480352658,0.7412917753496386
612.2415598649343,1,3.3883007390981734,12.854461733774121,0.5045391510153661,0.08357053040095508,-0.05479931634653,0.02877121405442508,0.733100934799079
612.2415598649343,2,3.3883007390981734,12.623168115542757,0.4954608490067247,0.08338839454665603,-0.0545599157782753,0.02882847876838073,0.7432752882183058
620.2415598649343,1,3.388634690886912,12.856169812545588,0.5046061933101794,0.08353131733947539,-0.054903411504248996,0.02862790583522639,0.7350213623668185
620.2415598649343,2,3.388634690886912,12.62146003679896,0.4953938067129973,0.0833595349034928,-0.05466162793884547,0.028697906964647323,0.7452568000416091
628.2415598649343,1,3.3889733360385628,12.857923075788102,0.5046750091008524,0.08349451692465504,-0.05500891348567997,0.02848560343897507,0.7369409464823448
628.2415598649343,2,3.3889733360385628,12.619706773587641,0.4953249909235488,0.08333255312886134,-0.05476451437917232,0.028568038749689023,0.7472363738703208
636.2415598649343,1,3.3893171106610307,12.859723025723214,0.5047456573497592,0.0834599875771147,-0.055115834718113134,0.02834415285900157,0.7388597268004305
636.2415598649343,2,3.3893171106610307,12.617906823688934,0.4952543426760708,0.08330733024119663,-0.05486858943750352,0.02843874080369311,0.7492140612257184
644.2415598649343,1,3.389666458764156,12.861579741386425,0.5048185336602415,0.08342759515266085,-0.05522421546256492,0.028203379690095932,0.7407777532720217
644.2415598649343,2,3.389666458764156,12.61605010806683,0.495181466367202,0.08328375460801851,-0.054973836676172644,0.028309917931845868,0.7511898984849198
652.2415598649343,1,3.390021816880511,12.863510564176403,0.5048943186842583,0.08339721263670441,-0.05533412065795865,0.028063091978745756,0.7426950880467265
652.2415598649343,2,3.390021816880511,12.614119285322605,0.49510568134498106,0.083261721521108,-0.05508021273090664,0.028181508790201364,0.7531639050782251
660.2415598649343,1,3.390383602773342,12.865537716437643,0.5049738846514724,0.08336871987353334,-0.05544563316645146,0.02792308670708188,0.7446118053473598
660.2415598649343,2,3.390383602773342,12.612092133113684,0.49502611537982044,0.08324113276836886,-0.05518765512019643,0.028053477648172433,0.7551360838165688
668.2415598649343,1,3.390752209975803,12.867685109298407,0.5050581700765104,0.0833420033190917,-0.05555884410879316,0.027783159210298537,0.7465279892548886
668.2415598649343,2,3.390752209975803,12.609944740310603,0.49494182995704644,0.08322189621179987,-0.0552960931618681,0.027925803049931773,0.7571064234273372
676.2415598649343,1,3.3911280086985602,12.869974736402344,0.5051480382125,0.08331695580484055,-0.055673841476571326,0.027643114328269228,0.7484437296217238
676.2415598649343,2,3.3911280086985602,12.607655113270633,0.4948519618235677,0.08320392538138499,-0.055405460641526724,0.027798464739858267,0.7590749030798938
684.2415598649343,1,3.3915113524543257,12.872423200205992,0.5052441407078334,0.0832934763004003,-0.05579069875021815,0.027502777550182142,0.7503591166568369
684.2415598649343,2,3.3915113524543257,12.605206649538468,0.49475585933103994,0.08318713909423625,-0.05551570834970314,0.027671430744533113,0.7610414983217488
692.2415598649343,1,3.3919025888855945,12.875038995969087,0.5053468110024654,0.0832714696642558,-0.055909465577365466,0.027362004086890337,0.7522742350341138
692.2415598649343,2,3.3919025888855945,12.602590853854075,0.49465318903949707,0.08317146110684792,-0.055626814310391126,0.027544646796456795,0.7630061875073435
700.2415598649343,1,3.39230207230243,12.877821047458555,0.5054560068541196,0.08325084637898783,-0.05603016217012311,0.02722068420886472,0.7541891582170531
700.2415598649343,2,3.39230207230243,12.599808802451493,0.49454399319125303,0.08315681981004897,-0.055738789781346595,0.02741803002870237,0.764968956934411
708.2415598649343,1,3.3927101784122087,12.880758972546136,0.505571320763028,0.08323152225523955,-0.056152779358200906,0.027078742897038648,0.756103945279917
708.2415598649343,2,3.3927101784122087,12.596870877460107,0.49442867928612033,0.08314314794537303,-0.055851679871882706,0.027291468073490324,0.7669298065301327
716.2415598649343,1,3.393127316084504,12.883834828436036,0.5056920484723229,0.08321341812984784,-0.05627728329466555,0.026936134835182285,0.7580186391015259
716.2415598649343,2,3.393127316084504,12.593795021677154,0.49430795158102325,0.08313038237009085,-0.055965558566655915,0.027164823803434934,0.768888751522625
724.2415598649343,1,3.3935539358298676,12.887025874697201,0.505817297417382,0.08319645955716748,-0.0564036237158214,0.026792835841346077,0.7599332668819427
724.2415598649343,2,3.3935539358298676,12.590603975534618,0.49418270264062025,0.08311846385011457,-0.05608051985437179,0.027037943995742775,0.7708458211509569
732.2415598649343,1,3.393990535480573,12.890307823584585,0.5059461143013255,0.08318057650474309,-0.05653174416218902,0.026648832342554066,0.7618478427238069
732.2415598649343,2,3.393990535480573,12.58732202678132,0.4940538857619396,0.0831073368650399,-0.05619666691951967,0.026910669945520237,0.7728010557537657
740.2415598649343,1,3.3944376629156987,12.89365799947385,0.5060776091032029,0.08316570306403737,-0.056661592250803854,0.026504110813233513,0.7637623716257668
740.2415598649343,2,3.3944376629156987,12.583971851042628,0.4939223909659723,0.08309694941866219,-0.056314101335112686,0.026782848083549506,0.7747545029718448
748.2415598649343,1,3.3948959156839655,12.897057854905684,0.5062110538330312,0.08315177718481159,-0.05679312810763524,0.026358649077176353,0.7656768539357919
748.2415598649343,2,3.3948959156839655,12.580571995780241,0.49378894624279474,0.08308725285371654,-0.056432914027144725,0.026654338826571818,0.7767062132621693
756.2415598649343,1,3.3953659386233412,12.900494476653074,0.5063459416451155,0.08313874043512293,-0.05692632974636327,0.02621241068875966,0.7675912896777437
756.2415598649343,2,3.3953659386233412,12.577135374224056,0.49365405843821536,0.0830782016673961,-0.05655317935946821,0.026525022307927894,0.7786562355472062
764.2415598649343,1,3.3958484211510527,12.903960999482715,0.5064820030782322,0.08312653778799017,-0.0570611950260662,0.026065342761923974,0.769505681993507
764.2415598649343,2,3.3958484211510527,12.57366885161335,0.49351799701369176,0.08306975332685518,-0.056674952800719026,0.02639480052613615,0.7806046136852041
772.2415598649343,1,3.396344095584305,12.907456077787538,0.5066191853171442,0.08311511743205191,-0.05719774054717345,0.02591737688487846,0.771420039268931
772.2415598649343,2,3.396344095584305,12.570173773557338,0.49338081478454565,0.08306186808573734,-0.056798271848108775,0.02626359623762857,0.7825513842289749
780.2415598649343,1,3.396853737028273,12.910982674894662,0.5067576046727931,0.08310443060100692,-0.057335998221728586,0.025768432379278332,0.7733343759245118
780.2415598649343,2,3.396853737028273,12.56664717673326,0.4932423954400064,0.08305450880431398,-0.056923159440213957,0.02613134936410002,0.7844965756044009
788.2415598649343,1,3.3973781646653745,12.914546457289982,0.5068974835554236,0.08309443141653361,-0.057476010392707985,0.025618421023825624,0.7752487120733013
788.2415598649343,2,3.3973781646653745,12.56308339466191,0.49310251657009163,0.0830476407761207,-0.05704962893270097,0.02599801184341973,0.7864402085678553
796.2415598649343,1,3.3979182439074953,12.918154082795501,0.5070390832853411,0.08308507674064902,-0.05761782442594601,0.02546725231470301,0.7771630723005352
796.2415598649343,2,3.3979182439074953,12.559475769528385,0.49296091685477506,0.08304123156359378,-0.057177689676635675,0.0258635418869581,0.7883822976450966
804.2415598649343,1,3.39847488877756,12.921811653637809,0.5071826433756642,0.0830763260345444,-0.05776148766576397,0.02531483836878043,0.7790774838517501
804.2415598649343,2,3.39847488877756,12.555818199111927,0.49281735678116656,0.08303525084433794,-0.057307352284096495,0.025727898560241443,0.7903228531646899
812.2415598649343,1,3.399049064036672,12.925523548961644,0.5073283357083448,0.08306814122175421,-0.05790704348954809,0.025161097732206122,0.7809919745875673
812.2415598649343,2,3.399049064036672,12.552106304278292,0.4926716644677264,0.08302967026892194,-0.05743863283028127,0.02559103743864067,0.792261883471281
820.2415598649343,1,3.3996417869232127,12.929291759887292,0.5074762384350904,0.08306048655428899,-0.058054528930958374,0.02500595762333062,0.7829065710981277
820.2415598649343,2,3.3996417869232127,12.548338093917385,0.49252376176314694,0.08302446333018931,-0.057571555518866745,0.02545290781132257,0.7941993969487655
828.2415598649343,1,3.4002541287717083,12.933115748264544,0.5076263304334416,0.08305332848143632,-0.05820397402381821,0.024849354457618107,0.7848212972907603
828.2415598649343,2,3.4002541287717083,12.544514106191667,0.49237366979036845,0.08301960524346708,-0.05770615366088727,0.025313451582579805,0.7961354035736453
836.2415598649343,1,3.4008872170610926,12.936992757107847,0.5077785034913878,0.08304663552186398,-0.05835540269901842,0.024691232822845556,0.7867361735994082
836.2415598649343,2,3.4008872170610926,12.54063709810298,0.4922214967620412,0.08301507283661991,-0.05784246913022948,0.025172603706390427,0.7980699158312289
844.2415598649343,1,3.40154223878834,12.940918438382257,0.5079325869480402,0.08304037813967025,-0.05850883486467194,0.024531543274998305,0.7886512169480031
844.2415598649343,2,3.40154223878834,12.536711417701282,0.4920674133396427,0.08301084444817963,-0.05798055073603065,0.02503029371214898,0.8000029491687528
852.2415598649343,1,3.4022204446625985,12.944887536060184,0.5080883745036916,0.08303452862751026,-0.05866428867143677,0.024370239956073493,0.7905664407276108
852.2415598649343,2,3.4022204446625985,12.532742321034789,0.49191162582369025,0.08300689983406873,-0.05812045212958048,0.024886447704488245,0.8019345212472361
860.2415598649343,1,3.402923156000143,12.948894505591086,0.508245648534074,0.08302906099467666,-0.05882178276623244,0.02420727822844422,0.7924818554345223
860.2415598649343,2,3.402923156000143,12.528735352679426,0.491754351839448,0.08300322007853289,-0.05826222999116716,0.02474099008736573,0.8038646515718693
868.2415598649343,1,3.403651773947796,12.952933870699363,0.5084041940947189,0.08302395086226966,-0.05898133772567523,0.024042613136594428,0.7943974693124073
868.2415598649343,2,3.403651773947796,12.524695988938218,0.4915958063324606,0.08299978751003145,-0.05840594301814413,0.024593844491887326,0.8057933611753192
876.2415598649343,1,3.404407790654065,12.957000186478203,0.508563797472387,0.08301917536592018,-0.059142976144562265,0.02387619922135792,0.7963132886044771
876.2415598649343,2,3.404407790654065,12.520629674752943,0.49143620301734003,0.08299658562185375,-0.0585516521289815,0.024444933492872245,0.8077206723998067
884.2415598649343,1,3.4051928021477886,12.961087603847316,0.5087242290899817,0.08301471306559982,-0.059306721306526596,0.023707991759073226,0.7982293172260123
884.2415598649343,2,3.4051928021477886,12.516542259247679,0.4912757714729017,0.08299359899685932,-0.05869942198010953,0.02429417701674979,0.8096466090666614
892.2415598649343,1,3.406008523517483,12.965189070444405,0.5088852121414443,0.08301054386123763,-0.05947259458249216,0.023537949278745467,0.8001455560055123
892.2415598649343,2,3.406008523517483,12.512440794832614,0.49111478850708373,0.08299081323577528,-0.058849323810808825,0.02414148942496646,0.8115711974921249
900.2415598649343,1,3.4068568053468207,12.969295312557769,0.5090463826324885,0.08300664891408172,-0.05964061189929167,0.023366037014790043,0.8020620012161275
900.2415598649343,2,3.4068568053468207,12.508334555282943,0.4909536181166649,0.08298821488954378,-0.05900143910754559,0.023986775781998183,0.8134944681422878
908.2415598649343,1,3.407739651220788,12.973393727054214,0.5092072458886381,0.08300301057293424,-0.0598107797169387,0.023192230855995546,0.8039786424495088
908.2415598649343,2,3.407739651220788,12.504236143805688,0.49079275497901886,0.08298579139602058,-0.059155863675957716,0.023829927720062864,0.8154164577250136
916.2415598649343,1,3.4086592365728623,12.977467282116953,0.5093671334090598,0.08299961230411057,-0.059983090922801185,0.023016521381309385,0.8058954601672712
916.2415598649343,2,3.4086592365728623,12.500162592312199,0.4906328675986906,0.0829835310208038,-0.059312711828685354,0.02367081919211845,0.8173372117311648
924.2415598649343,1,3.4096179289493724,12.98149352032202,0.5095251637371935,0.08299643862475037,-0.06015752097399029,0.022838917650760078,0.8078124230565462
924.2415598649343,2,3.4096179289493724,12.49613635833783,0.49047483743661235,0.08298142280221299,-0.059472120351118964,0.023509302451094026,0.8192567872623286
932.2415598649343,1,3.4106183097961176,12.985443755181489,0.5096802109249782,0.08299347503912546,-0.0603340246154019,0.02265945042372356,0.8097294853536313
932.2415598649343,2,3.4106183097961176,12.492186128513158,0.490319790446444,0.08297945650024197,-0.059634251918030394,0.023345204582211572,0.8211752560087838
940.2415598649343,1,3.4116631981348937,12.989282531051277,0.5098308833341691,0.08299070797792041,-0.06051253343103746,0.022478174546882945,0.8116465842144214
940.2415598649343,2,3.4116631981348937,12.488347358652952,0.49016911827312987,0.08297762254942764,-0.05979929768701318,0.023178324862414466,0.823092707099203
948.2415598649343,1,3.4127556769445597,12.992967389436618,0.5099755144638,0.08298812474028328,-0.06069295442783161,0.022295170312451665,0.813563637296966
948.2415598649343,2,3.4127556769445597,12.484662507472294,0.4900244874262837,0.08297591201537902,-0.05996747889530023,0.02300843312007879,0.825009249615722
956.2415598649343,1,3.4138991234109737,12.99644897413349,0.5101121670769959,0.08298571343849392,-0.06087516982385942,0.022110543614634506,0.8154805407912475
956.2415598649343,2,3.4138991234109737,12.48118093144299,0.4898878351532908,0.08297431655462706,-0.060139047320928854,0.022835269233698205,0.8269250146660427
964.2415598649343,1,3.415097244454489,12.999671516990585,0.5102386522671892,0.08298346294522219,-0.06105903821879131,0.02192442472643088,0.8173971680774429
964.2415598649343,2,3.415097244454489,12.477958399055872,0.48976135037404533,0.08297282837746156,-0.060314284414373046,0.022658543963088515,0.8288401568576725
972.2415598649343,1,3.4163541192480524,13.002573763351341,0.5103525657818289,0.08298136284340885,-0.06124439736670284,0.021736965476706005,0.8193133691581783
972.2415598649343,2,3.4163541192480524,12.475056165395028,0.48964743735787886,0.08297144021356129,-0.06049349883199024,0.022477941381571047,0.8307548549372905
980.2415598649343,1,3.4176742508219053,13.005090410815502,0.5104513444939421,0.08297940337876675,-0.06143106883283303,0.021548334545933717,0.8212289710748453
980.2415598649343,2,3.4176742508219053,12.472539533403316,0.48954865925306096,0.08297014528016433,-0.06067702205217729,0.022293123227987044,0.832669311346823
988.2415598649343,1,3.4190626291527897,13.007154141536457,0.5105323461700481,0.08297757541476614,-0.06161886485502401,0.021358710559742124,0.8231437795894875
988.2415598649343,2,3.4190626291527897,12.470475821620367,0.48946765832027406,0.08296893725252552,-0.06086520172529236,0.02210373552723316,0.8345837504534236
996.2415598649343,1,3.4205248081662925,13.008698317908497,0.5105929552762014,0.08297587039016285,-0.06180759769197192,0.02116827269819093,0.8250575823718459
996.2415598649343,2,3.4205248081662925,12.468931668555166,0.48940705012891683,0.08296781023646904,-0.06105839241948967,0.021909417816979374,0.8364984151448323
1004.2415598649343,1,3.4220669988311525,13.009660363896275,0.5106307156955768,0.08297428027893439,-0.06199709161473298,0.02097718866420141,0.826970154040558
1004.2415598649343,2,3.4220669988311525,12.467969651408227,0.4893692908415479,0.08296675874271209,-0.061256943619846654,0.021709815122865433,0.8384135616620412
1012.2415598649343,1,3.4236961793467042,13.00998574370422,0.5106434868917153,0.08297279755288312,-0.062187197269647804,0.02078560028323531,0.8288812630128769
1012.2415598649343,2,3.4236961793467042,12.467644307504495,0.4893565210546539,0.08296577766281832,-0.06146118518405284,0.02150459247876548,0.8403294523791374
1020.2415598649343,1,3.4254202214307425,13.00963226624796,0.5106296128595406,0.08297141514704354,-0.06237780755452993,0.020593607592513608,0.8307906800668865
1020.2415598649343,2,3.4254202214307425,12.467997829967254,0.4893703968533392,0.08296486224637079,-0.06167141118650016,0.021293451059870627,0.842246346684321
1028.2415598649343,1,3.4272480273809176,13.008574072111594,0.5105880786139044,0.08297012642817414,-0.06256887286880351,0.020401253559370627,0.8326981881046894
1028.2415598649343,2,3.4272480273809176,12.469055776642174,0.4894119213860842,0.08296400807900728,-0.06188786340637905,0.02107614467262823,0.8441644904285569
1036.2415598649343,1,3.429189672042846,13.006805604458231,0.5105186660482983,0.08296892516620158,-0.06276041672930027,0.020208508436901307,0.8346035929377198
1036.2415598649343,2,3.429189672042846,12.470824244295637,0.48948133395169413,0.08296321106066706,-0.062110719731899626,0.020852491328767438,0.8460841054379281
1044.2415598649343,1,3.4312565223435585,13.00434318434089,0.5104220157659934,0.08296780550956218,-0.06295254363551832,0.020015261874043858,0.8365067328320122
1044.2415598649343,2,3.4312565223435585,12.473286664413312,0.4895779842340121,0.08296246738462631,-0.0623400812319682,0.020622386152658115,0.8480053782585413
1052.2415598649343,1,3.4334613223528767,13.001228223762475,0.5102997531930262,0.08296676196218034,-0.06314545290173033,0.01982130906045,0.8384074894471757
1052.2415598649343,2,3.4334613223528767,12.476401624991608,0.48970024680697466,0.0829617735169661,-0.06257596302281127,0.020385810494154832,0.8499284493559942
1060.2415598649343,1,3.4358182024717747,12.997534967696753,0.5101547924534423,0.08296578936026044,-0.06333946888253429,0.019626320477726153,0.8403058037346056
1060.2415598649343,2,3.4358182024717747,12.480094881057767,0.4898452075465758,0.082961126178839,-0.06281826452015685,0.02014286165868215,0.8518533961328536
1068.2415598649343,1,3.438342580173208,12.993395332162427,0.509992311266656,0.08296488284288106,-0.06353513220809656,0.0194297506347845,0.842201711438337
1068.2415598649343,2,3.438342580173208,12.48423451659147,0.4900076887333376,0.08296052233504891,-0.06306667838867071,0.019893843946378206,0.8537801954818834
1076.2415598649343,1,3.4410509127884708,12.98906300471351,0.5098222668993174,0.08296403780708683,-0.06373343213899757,0.019230605668089262,0.8440954283101408
1076.2415598649343,2,3.4410509127884708,12.488566844040566,0.49017773310068313,0.08295995919504584,-0.06332045445335446,0.019639504741691377,0.8557086345571648
1084.2415598649343,1,3.4439602511114984,12.985051159842293,0.5096648015112483,0.08296324983600378,-0.06393630573752902,0.01902694409847476,0.8459875352584723
1084.2415598649343,2,3.4439602511114984,12.492578688911951,0.49033519848875895,0.08295943423471819,-0.06357788737045479,0.019381546864263396,0.8576381143579623
1092.2415598649343,1,3.447087493092005,12.982383966515757,0.5095601138561419,0.08296251458812964,-0.06414755554871408,0.01881495903941556,0.8478793368674952
1092.2415598649343,2,3.447087493092005,12.495245882238406,0.4904398861438622,0.08295894524601088,-0.06383537012765628,0.019123575118354608,0.8595672707030844
1100.2415598649343,1,3.450448076456587,12.982985239962785,0.509583713910409,0.08296182764708782,-0.06437428252395667,0.01858754512313114,0.8497734648785146
1100.2415598649343,2,3.450448076456587,12.494644608791077,0.49041628608958326,0.08295849041462144,-0.06408590839857004,0.01887258201605141,0.8614933373386499
1108.2415598649343,1,3.454053434991801,12.99015718327497,0.5098652135379159,0.08296118435889266,-0.06462868092892106,0.0183325034299716,0.8516747346610334
1108.2415598649343,2,3.454053434991801,12.487472665479247,0.49013478646209024,0.08295806840797315,-0.06431723887652029,0.018640829531452865,0.8634112422939635
1116.2415598649343,1,3.4579056607410443,13.008937322192173,0.5106023362227453,0.08296057973636195,-0.06492944017316922,0.01803113956319273,0.8535910716295463
1116.2415598649343,2,3.4579056607410443,12.468692526562373,0.4893976637772738,0.08295767842212776,-0.06451029412107057,0.01844738430105719,0.8653126295732013
1122.2533273883384,1,3.460953196836678,13.03461457928697,0.5116101716158815,0.08296014767988069,-0.06520064481334187,0.017759502866538823,0.855047883359995
1122.2533273883384,2,3.460953196836678,12.443015269467129,0.48838982838412004,0.0829574062052334,-0.06461499632240371,0.01834240988282969,0.8667233979047838
1128.2650949117426,1,3.464108966053714,13.07340750176772,0.5131327984344295,0.08295973237844656,-0.06552275597336497,0.017436976405081586,0.856525592104001
1128.2650949117426,2,3.464108966053714,12.404222346986446,0.4868672015655747,0.08295715177306118,-0.06467227767870448,0.018284874094356696,0.8681117688728978
1134.2768624351468,1,3.4673313580516982,13.127449999666489,0.5152539729007981,0.08295933201910621,-0.06590420264336946,0.01705512937573675,0.8580302335685368
1134.2768624351468,2,3.4673313580516982,12.350179849087864,0.48474602709921344,0.08295691491709789,-0.06467292617896808,0.01828398873812981,0.8694713762469688
1138.296451647183,1,3.469489932577628,13.172384214158173,0.5170176461607691,0.08295907203122876,-0.06619384563023091,0.016765226400997854,0.8590538061792677
1138.296451647183,2,3.469489932577628,12.305245634596341,0.48298235383924887,0.08295676611938774,-0.06463986790988493,0.018316898209502802,0.8703617402618818
1142.3160408592191,1,3.471619012754962,13.223837545229616,0.5190371955213999,0.08295881801913207,-0.06650963776468709,0.016449180254444987,0.8600924473433591
1142.3160408592191,2,3.471619012754962,12.25379230352447,0.4809628044786011,0.08295662468364284,-0.06458135331364664,0.0183752713699962,0.8712360535042875
1146.3356300712553,1,3.473683054693796,13.280647040595145,0.5212669749672422,0.08295857003565832,-0.06684770894152323,0.016110861094135093,0.8611461715726302
1146.3356300712553,2,3.473683054693796,12.196982808158404,0.4787330250327378,0.08295649021470997,-0.06450125470317655,0.018455235511533413,0.8720943031088061
1150.3552192832915,1,3.4756408987199743,13.340991146703999,0.5236354883049067,0.08295832832896011,-0.06720183903895144,0.01575648929000867,0.8622140618241493
1150.3552192832915,2,3.4756408987199743,12.136638905670894,0.4763645196872352,0.0829563621946443,-0.06440604621559401,0.018550315979050297,0.8729374594376311
1154.3748084953277,1,3.4774480401588685,13.4024626327464,0.5260482514389706,0.08295809331989634,-0.06756370656574325,0.015394386754153097,0.8632941878231377
1154.3748084953277,2,3.4774480401588685,12.075167360736211,0.47395175424164215,0.08295623999073065,-0.06430462603492923,0.01865161395580142,0.8737675625294344
1158.3943977073639,1,3.4790601680364994,13.462249128889244,0.5283948785191882,0.08295786555443208,-0.0679235066503923,0.015034358904039771,0.8643836429190674
1158.3943977073639,2,3.4790601680364994,12.015380809848224,0.4716051250126713,0.0829561228803577,-0.06420772412992778,0.018748398750429912,0.8745876842846853
1161.6300395830247,1,3.4801889703836997,13.507145134033138,0.5301570520577165,0.08295768788164715,-0.06820458048331934,0.014753107398327803,0.8652648991038939
1161.6300395830247,2,3.4801889703836997,11.970484736051,0.4698429487794916,0.08295603178747335,-0.06414087073991565,0.018815161047557705,0.8752432442681158
1164.8656814586855,1,3.4811490307633735,13.54757411042949,0.5317438941869238,0.08295751559739539,-0.06847239071870789,0.0144851248786875,0.8661476327650909
1164.8656814586855,2,3.4811490307633735,11.930055749369084,0.4682561062465747,0.08295594309503063,-0.06409035260131822,0.018865590493712406,0.875897161763008
1168.1013233343463,1,3.4819291026242802,13.582255354018756,0.5331051371202401,0.08295734896838525,-0.06872231504638057,0.014235033922004675,0.8670295911460367
1168.1013233343463,2,3.4819291026242802,11.89537449950827,0.4668948630670994,0.08295585642437153,-0.0640614848380062,0.01889437158636534,0.8765518158995304
1171.336965210007,1,3.4825242079687966,13.610180640711544,0.5342012079423129,0.08295718820248155,-0.06895061584934949,0.01400657235313206,0.8679085725135792
1171.336965210007,2,3.4825242079687966,11.867449209647813,0.46579879212069525,0.08295577143547117,-0.06405861282957791,0.018897158605893263,0.8772095318465485
1174.5726070856679,1,3.4829361242242363,13.63067191047785,0.5350054927163657,0.08295703343426641,-0.06915464021354631,0.013802393220720105,0.8687825427305546
1174.5726070856679,2,3.4829361242242363,11.846957938643248,0.46499450729804065,0.08295568783983676,-0.06408484715048267,0.018870840689354088,0.877872457670125
1177.7375728726324,1,3.4831698483414844,13.643203375716903,0.5354973542165697,0.08295688790285727,-0.06932927164549504,0.013627616257362224,0.8696308648106551
1177.7375728726324,2,3.4831698483414844,11.834426473075016,0.46450264578491623,0.08295560719722861,-0.06414037486374866,0.018815232333479953,0.8785277491047359
1180.902538659597,1,3.483249622736918,13.64829013831233,0.5356970102530859,0.082956748142335,-0.06947882269757856,0.013477925444756442,0.8704713169696278
1180.902538659597,2,3.483249622736918,11.829339710442442,0.4643029897469421,0.08295552750957658,-0.06422592483722901,0.018729602672347564,0.8791912725794986
1184.0675044465615,1,3.4831931419062996,13.646169568592114,0.5356137776395027,0.0829566140668021,-0.06960374024887722,0.013352873817924882,0.8713028359324602
1184.0675044465615,2,3.4831931419062996,11.831460280162132,0.4643862223605046,0.08295544867219284,-0.06434094604745333,0.018614502624739515,0.8798641509195249
1187.232470233526,1,3.4830213583437493,13.637285593118047,0.5352650805461386,0.08295648553530022,-0.06970519203112789,0.013251293504172326,0.8721246645866589
1187.232470233526,2,3.4830213583437493,11.84034425564712,0.46473491945429735,0.08295537062832192,-0.06448402436519823,0.01847134626312369,0.880547183664045
1190.3974360204907,1,3.48275731727442,13.622249724099634,0.534674920899905,0.08295636236136517,-0.06978494941856199,0.013171412942803176,0.8729363441484932
1190.3974360204907,2,3.48275731727442,11.855380124716481,0.46532507910253074,0.08295529336329288,-0.06465303223415796,0.018302261129134925,0.8812408550921982
1193.5624018074552,1,3.482425050617509,13.601815182365293,0.5338728627078498,0.08295624432046456,-0.06984531558043701,0.013110928740027547,0.8737377126372264
1193.5624018074552,2,3.482425050617509,11.875814666544537,0.46612713729826416,0.08295521689958019,-0.06484523253257322,0.018109984367006962,0.8819453363431076
1198.5262039619292,1,3.481823970101868,13.56107114234326,0.5322736542938841,0.08295606890097762,-0.06990790911576383,0.013048159785213786,0.8749742330357653
1198.5262039619292,2,3.481823970101868,11.916558708093739,0.4677263457721715,0.08295509873582851,-0.06518523427981274,0.017769864456015777,0.8830715092517706
1203.4900061164033,1,3.481202261044459,13.5134168724046,0.530403218534296,0.08295590432786426,-0.06994370689574013,0.013012197432124131,0.8761880271431167
1203.4900061164033,2,3.481202261044459,11.96421297828995,0.46959678154186857,0.08295498305651172,-0.06555818098051049,0.017396802076001236,0.8842214908917341
1208.4538082708773,1,3.4806385398048794,13.463944031568106,0.5284614036508006,0.08295574930526683,-0.06997037464816833,0.012985374657098508,0.8773834518570716
1208.4538082708773,2,3.4806385398048794,12.013685818505913,0.4715385964010079,0.0829548703932188,-0.065944396053495,0.017010474339723802,0.8853906823947595
1213.4176104253513,1,3.4801993911846774,13.418584370349146,0.5266810315562128,0.08295560241627076,-0.07000921707628224,0.012946385339988514,0.8785671019298712
1213.4176104253513,2,3.4801993911846774,12.059045478893523,0.4733189684629652,0.08295476140511049,-0.06632072219576908,0.01663403920934141,0.8865721215304526
1218.3814125798253,1,3.4799392048196887,13.383517337042472,0.5253046463306307,0.08295546220776107,-0.07008315157820565,0.01287231062955542,0.8797474265160828
1218.3814125798253,2,3.4799392048196887,12.094112511771963,0.474695353671739,0.08295465680331571,-0.06666272970319664,0.016291927100119064,0.8877568909207886
1223.3452147342994,1,3.4799015261280837,13.364090908678772,0.5245421567082041,0.08295532733043753,-0.07021278983095997,0.012742537499477569,0.8809337072590214
1223.3452147342994,2,3.4799015261280837,12.113538940075317,0.475457843291797,0.08295455723581746,-0.06694875685170573,0.01600580038411173,0.8889351951632942
1227.0622222819757,1,3.480039985924207,13.361864668056016,0.5244547764991356,0.08295522915517495,-0.07035491640321609,0.012600312751958859,0.8818311778147108
1227.0622222819757,2,3.480039985924207,12.11576518070317,0.4755452235010656,0.08295448626086621,-0.06711735038554466,0.015837135875321554,0.8898077545582032
1230.779229829652,1,3.480334098458596,13.370684758293855,0.524800966089384,0.08295513303604984,-0.07053830672747086,0.012416826308578988,0.8827397387179244
1230.779229829652,2,3.480334098458596,12.106945090558577,0.4751990339144772,0.08295441846398521,-0.06724411543374452,0.015710303030240694,0.8906685080144032
1234.4962373773283,1,3.480792765675152,13.390038522610876,0.525560603639341,0.08295503878773314,-0.07076187103568103,0.012193167752052106,0.8836613387684985
1234.4962373773283,2,3.480792765675152,12.087591326719883,0.4744393963832945,0.0829543538416555,-0.06733017736454247,0.015624176477113033,0.8915153993915813
1238.2132449250046,1,3.481422544960766,13.418737902410806,0.5266870577078828,0.08295494633685596,-0.0710219771037491,0.011932969233106855,0.8845970188723464
1238.2132449250046,2,3.481422544960766,12.058891948377156,0.4733129423719481,0.08295429231042917,-0.06737929874733624,0.015574993563092929,0.8923473315539329
1241.9302524726809,1,3.4822282005257104,13.455341071893983,0.5281237364609878,0.08295485568350269,-0.07131393006665253,0.011640925616850165,0.8855471467095424
1241.9302524726809,2,3.4822282005257104,12.022288782253312,0.47187626375069747,0.08295423373660693,-0.0673963338861746,0.015557899850432336,0.8931639179840352
1245.6472600203572,1,3.4832140996377436,13.498772118919435,0.5298284102192328,0.08295476684329195,-0.07163418222946479,0.011320584613827164,0.8865119276665808
1245.6472600203572,2,3.4832140996377436,11.97885774178832,0.4701715902499512,0.08295417798114268,-0.06738486229612538,0.015569315685017307,0.8939649431243931
1248.7283377636973,1,3.4841725009719653,13.539928993807134,0.5314438224507482,0.0829546945520585,-0.0719211356742843,0.0110335588777742,0.8873232997863525
1248.7283377636973,2,3.4841725009719653,11.937700865495591,0.46855617796328825,0.08295413383493244,-0.06735345292916099,0.01560068090577145,0.8946165534800896
1251.8094155070373,1,3.485265913753004,13.586752685507893,0.5332816579157708,0.08295462339341242,-0.07223115198147938,0.010723471411933042,0.888146553661949
1251.8094155070373,2,3.485265913753004,11.890877180898979,0.4667183427771042,0.08295409156954037,-0.06729796212063018,0.01565612944891019,0.8952555583168965
1254.8904932503774,1,3.486505945859735,13.641378579158598,0.5354257307347491,0.08295455319240119,-0.07257184957663852,0.01038270361576267,0.8889841523475065
1254.8904932503774,2,3.486505945859735,11.836251298409199,0.4645742703961935,0.08295405126781574,-0.0672095380236993,0.015744513244116437,0.8958793578671055
1257.9715709937175,1,3.487911316719071,13.707284956710094,0.538012563887705,0.08295448367178704,-0.0729556001150601,0.009998883556726942,0.8898401252176876
1257.9715709937175,2,3.487911316719071,11.770344938893647,0.46198743795115055,0.08295401310535677,-0.06707370661272344,0.015880306492633334,0.8964836987193835
1261.0526487370576,1,3.489510365072789,13.78936646545571,0.5412342728627112,0.08295441444677554,-0.07339975546770384,0.009554658979071692,0.8907203848535197
1261.0526487370576,2,3.489510365072789,11.68826346059397,0.4587657301711511,0.08295397736143784,-0.06686980745342028,0.01608416990801756,0.8970623394239872
1264.1337264803976,1,3.4913438999299204,13.893902804537369,0.5453373365975339,0.08295434503103749,-0.07392643609215235,0.009027908938885137,0.8916329569854423
1264.1337264803976,2,3.4913438999299204,11.583727175566464,0.45466266855796034,0.08295394442422488,-0.06657073588543475,0.016383208538790134,0.8976068080136509
1266.6208450180075,1,3.4930331339799086,13.999805282821692,0.5494940214584493,0.08295428846904418,-0.07442968367139646,0.008524604797647717,0.8924001320402674
1266.6208450180075,2,3.4930331339799086,11.477824659015985,0.45050598219509375,0.0829539202213665,-0.06623706791416403,0.016716852307202462,0.8980140474761265
1269.1079635556173,1,3.4949512118360304,14.129879537033865,0.554599451397747,0.08295423107532063,-0.0750196393951439,0.007934591680176725,0.8932016146631813
1269.1079635556173,2,3.4949512118360304,11.347750463971153,0.4454005545781212,0.0829538984904028,-0.06579823810663794,0.017155660383764856,0.898385031469927
1271.5950820932271,1,3.4971487126040053,14.289399643035718,0.5608606345199146,0.0829541724876739,-0.07571392501514908,0.007240247472524816,0.8940451732123483
1271.5950820932271,2,3.4971487126040053,11.188230205718217,0.4391393654800805,0.08295387961029999,-0.06522905750474595,0.01772482210555404,0.8987115603506342
1274.082200630837,1,3.4996910669782895,14.484572446457785,0.5685211902537366,0.08295411231170213,-0.07653267595246031,0.0064214363592418194,0.8949400620276778
1274.082200630837,2,3.4996910669782895,10.993057402296124,0.4314788097462575,0.0829538640399905,-0.06449874974742173,0.01845511429256877,0.8989838669954071
1276.5693191684468,1,3.50266473146083,14.723155589334297,0.5778856069711802,0.08295405010064272,-0.07750024511901045,0.005453804981632268,0.8958976411441586
1276.5693191684468,2,3.50266473146083,10.754474259419759,0.4221143930288197,0.08295385236016095,-0.06356752902699121,0.01938632333316974,0.89918996199882
1279.0564377060566,1,3.506188103345956,15.01572749754515,0.5893690891454516,0.08295398530752163,-0.07864881326364305,0.004305172043878577,0.8969326225866311
1279.0564377060566,2,3.506188103345956,10.461902351208858,0.4106309108545464,0.08295384535584827,-0.06237975149512217,0.020574093860726096,0.899314318925772
1281.2061375014146,1,3.509805387220728,15.324118191576964,0.6014734605435194,0.082953926661256,-0.07982298390777057,0.0031309427534854384,0.8979050849626978
1281.2061375014146,2,3.509805387220728,10.153511657177038,0.3985265394564785,0.0829538439381805,-0.06108211252749159,0.021871731410688912,0.8993395588953662
1283.3558372967725,1,3.5141205916115554,15.700646739688136,0.6162522508135092,0.08295386484003231,-0.08121362112823588,0.0017402437117964298,0.8989698076896148
1283.3558372967725,2,3.5141205916115554,9.776983109066004,0.3837477491864939,0.08295384799502603,-0.0594424447902386,0.02351140320478743,0.8992673943966746
1285.5055370921305,1,3.519376780597167,16.171257369449823,0.6347237739714886,0.08295379878845921,-0.08289389370046103,5.9905087998177176e-05,0.9001560705562726
1285.5055370921305,2,3.519376780597167,9.306372479305248,0.3652762260285511,0.08295385932204269,-0.057315936930738144,0.025637922391304545,0.8990669265837152
1287.6552368874884,1,3.5259585582137105,16.77977304312519,0.6586080864953683,0.0829537268370828,-0.0849832874720324,-0.0020295606349496065,0.9015109032791824
1287.6552368874884,2,3.5259585582137105,8.697856805632462,0.3413919135047727,0.08295388093445233,-0.054448218789964524,0.028505662144487805,0.8986885293915491
1289.8049366828463,1,3.5345112065058095,17.604256145960527,0.6909691462850668,0.08295364623469759,-0.08768493350721991,-0.004731287272522325,0.9031146017011072
1289.8049366828463,2,3.5345112065058095,7.873373702821923,0.3090308537160476,0.08295391825125797,-0.050358106166462795,0.03259581208479518,0.898047470058092
1291.0779274210443,1,3.540948215779231,18.250962163873748,0.7163524343598343,0.08295359260344615,-0.08971326131691282,-0.006759668713466671,0.9042374039932864
1291.0779274210443,2,3.540948215779231,7.226667684882967,0.28364756564026994,0.08295395172727371,-0.046985375892801266,0.035968575834472445,0.8974851291607504
1292.3509181592422,1,3.5488747341764095,19.07826962973982,0.7488243507342114,0.08295353272384087,-0.09220623043587693,-0.00925269771203606,0.9055492249462235
1292.3509181592422,2,3.5488747341764095,6.3993602190301875,0.25117564926641467,0.08295399820993232,-0.042455337018128904,0.04049866119180342,0.8967233206644675
1293.62390889744,1,3.558933177332889,20.176033670816608,0.7919117198338324,0.08295346418943428,-0.09535902280372098,-0.012405558614286702,0.9071339622066773
1293.62390889744,2,3.558933177332889,5.301596178048412,0.20808828017052294,0.0829540644625073,-0.03606155912456973,0.046892505337937575,0.8956735289852772
1294.0103363454266,1,3.5625531849935657,20.58366733731222,0.8079113896977678,0.08295344116725101,-0.09648919950288486,-0.013535758335633849,0.907688063314046
1294.0103363454266,2,3.5625531849935657,4.8939625114419165,0.19208861030223529,0.0829540901172896,-0.033575112838065996,0.04937897727922361,0.8952777869338475
1294.3967637934131,1,3.566498630008853,21.03474904609069,0.8256164003858215,0.08295341692014446,-0.09771642212730947,-0.014763005207165003,0.9082843139168117
1294.3967637934131,2,3.566498630008853,4.44288080266348,0.1743835996141828,0.08295411910239725,-0.030753492257350228,0.05220062684504702,0.8948375723364403
1294.7831912413997,1,3.5708079395541197,21.534416388693543,0.8452284029766861,0.08295339135577873,-0.09904887716026615,-0.016095485804487428,0.9089276761828263
1294.7831912413997,2,3.5708079395541197,3.943213460060759,0.15477159702332338,0.08295415192331834,-0.02754394068172544,0.0554102112415929,0.894347651472293
1295.1696186893862,1,3.5755153065169507,22.086372566592786,0.8668927485683242,0.08295336443934787,-0.10049020711832574,-0.01753684267897787,0.9096222020463924
1295.1696186893862,2,3.5755153065169507,3.391257282161689,0.13310725143169205,0.08295418906775875,-0.02390054022016244,0.05905364884759631,0.8938037525994248
1295.5560461373727,1,3.580635988894501,22.689481181640353,0.8905648333983447,0.08295333628252077,-0.10203179200943704,-0.01907845572691627,0.9103685520531841
1295.5560461373727,2,3.580635988894501,2.788148667114079,0.10943516660166994,0.0829542308235407,-0.019811351534636916,0.06314287928890377,0.8932051838268104
1295.9424735853593,1,3.5861356629972105,23.33061063869793,0.9157292407966621,0.08295330731661021,-0.10363750381007832,-0.0206841964934681,0.9111587074321
1295.9424735853593,2,3.5861356629972105,2.1470192100577306,0.08427075920340082,0.08295427685423196,-0.015357221163517221,0.06759705569071474,0.8925604128032538
1296.3477822938924,1,3.592165502468943,24.00351741393643,0.9421409117108388,0.08295327717349377,-0.10529533419220499,-0.022342057018711226,0.912006531287978
1296.3477822938924,2,3.592165502468943,1.4741124348200128,0.05785908828925473,0.08295432782263212,-0.010589836783469744,0.07236449103916238,0.8918640556821363
1296.7530910024254,1,3.5981640843085807,24.598456826121815,0.9654923543574742,0.0829532492340821,-0.1067547104245796,-0.023801461190497503,0.9128171184782015
1296.7530910024254,2,3.5981640843085807,0.8791730226343619,0.034507645642608956,0.08295437713677778,-0.006323751779333926,0.07663062535744386,0.8912070305345665
1297.0482667533988,1,3.6024978486294046,24.969961060832482,0.9800739397292718,0.08295323055513748,-0.1076709598618326,-0.02471772930669512,0.9133730737441756
1297.0482667533988,2,3.6024978486294046,0.507668787921742,0.01992606027073467,0.08295441101104917,-0.0036494633802335616,0.07930494763081561,0.8907648320725915
1297.1958546288856,1,3.604663768088867,25.13587265061297,0.986585989349484,0.08295322174343323,-0.10808352377400238,-0.02513030203056915,0.9136394106736572
1297.1958546288856,2,3.604663768088867,0.34175739060982935,0.013414018204936847,0.0829544272011784,-0.0024552511559903243,0.08049917604518808,0.8905560229663086
1297.3434425043724,1,3.6067150517946063,25.261633280061925,0.99152210900408,0.08295321390267407,-0.10840810247558846,-0.02545488857291439,0.9138786519689656
1297.3434425043724,2,3.6067150517946063,0.21599671857275676,0.008477896878752233,0.08295444127539842,-0.0015506144893857202,0.0814038267860127,0.8903758101764033
1297.4910303798592,1,3.6086689499732696,25.350249160959624,0.9950002928627734,0.08295320695473585,-0.10865202566060794,-0.025698818705872095,0.9140924551664255
1297.4910303798592,2,3.6086689499732696,0.12738080778542213,0.004999711846887181,0.08295445332711182,-0.000913755407696241,0.08204069791941558,0.8902224475218872
1297.638618255346,1,3.610509320454095,25.39738390584448,0.9968503372022456,0.08295320099497694,-0.10880639851277828,-0.025853197517801338,0.914277222297193
1297.638618255346,2,3.610509320454095,0.08024603589686623,0.003149666447516527,0.08295446302051523,-0.0005752325873047949,0.08237923043321044,0.8900997260709229
1297.7862061308329,1,3.6123360446326434,25.424770948718184,0.99792528189044,0.0829531955273497,-0.10891815705071453,-0.025964961523364832,0.9144478628081506
1297.7862061308329,2,3.6123360446326434,0.052858989565955236,0.0020747216236262343,0.0829544715732542,-0.0003786612555281763,0.08257581031772603,0.8899919083731287
1297.9337940063197,1,3.6142040463544696,25.4436113644873,0.9986647704488719,0.08295319029786707,-0.10901139753155015,-0.026058207233683073,0.9146120965718111
1297.9337940063197,2,3.6142040463544696,0.03401858170588884,0.0013352333756254985,0.08295447962099267,-0.00024354003778402625,0.08271093958320865,0.8898908495721111
1298.1243820655634,1,3.616703393600083,25.45869171682792,0.9992566760707898,0.0829531838184554,-0.10911170056561004,-0.026158516747154636,0.914816994653868
1298.1243820655634,2,3.616703393600083,0.01893813192615104,0.0007433239292106749,0.08295448945043304,-0.00013547074624706203,0.08281901870418598,0.8897679295738924
1298.3149701248071,1,3.619331431542871,25.466591502521496,0.9995667435982825,0.0829531775718726,-0.10919631225166675,-0.026243134679794153,0.9150160283554485
1298.3149701248071,2,3.619331431542871,0.011038346232525186,0.0004332564017160724,0.08295449882659955,-7.89002682181201e-05,0.08287559855838143,0.8896511985089592
1298.5055581840509,1,3.6221238652437893,25.47073687528753,0.9997294499720951,0.08295317148095638,-0.10927256937382177,-0.026319397892865387,0.9152115398816293
1298.5055581840509,2,3.6221238652437893,0.006892973466923876,0.00027055002792031557,0.08295450794311776,-4.923288862456456e-05,0.0829052750544932,0.8895381831766489
1298.6961462432946,1,3.625115296579676,25.473331595439312,0.9998312930464779,0.08295316549680365,-0.10934518659824921,-0.026392021101445562,0.915405027543157
1298.6961462432946,2,3.625115296579676,0.004298253314682237,0.0001687069535195573,0.08295451692461064,-3.0677542759383205e-05,0.08292383938185126,0.8894273036383192
1298.8867343025383,1,3.628340021504961,25.475225157093522,0.9999056155664867,0.08295315959984428,-0.10941598576294827,-0.026462826163103984,0.9155970763405826
1298.8867343025383,2,3.628340021504961,0.0024046916607196713,9.438443352050146e-05,0.08295452581941554,-1.7150325453593983e-05,0.08293737549396195,0.8893179424055673
1299.0865699750107,1,3.6320136875297937,25.476575833581524,0.9999586297791909,0.08295315350612675,-0.10948852839410861,-0.026535374887981855,0.9157969938365453
1299.0865699750107,2,3.6320136875297937,0.0010540151723948386,4.13702208035801e-05,0.08295453505959305,-7.511619629857552e-06,0.08294702343996319,0.8892048032063107
1299.286405647483,1,3.6360409500097126,25.477260112843506,0.9999854878215616,0.08295314750237637,-0.10955931184520229,-0.026606164342825922,0.9159954335002438
1299.286405647483,2,3.6360409500097126,0.0003697359107627984,1.4512178446649334e-05,0.08295454421055215,-2.6330361836944197e-06,0.08295191117436845,0.8890932229036984
1299.4862413199553,1,3.640493757376754,25.47751132216967,0.9999953478174738,0.08295314158198686,-0.10962884360154815,-0.026675702019561293,0.9161925718670929
1299.4862413199553,2,3.640493757376754,0.00011852658477108627,4.652182541104098e-06,0.0829545532861955,-8.434586128086244e-07,0.08295370982758268,0.88898301569422
1299.6860769924276,1,3.645466832411163,25.4775616685817,0.9999973239201305,0.08295313573859531,-0.10969762830964783,-0.02674449257105252,0.9163885831621683
1299.6860769924276,2,3.645466832411163,6.81801726210856e-05,2.6760798797153355e-06,0.08295456230054832,-4.84833812057559e-07,0.08295407746673626,0.8888739973169981
1299.8492318731073,1,3.649999999998532,25.47745350876068,0.9999930786342989,0.08295313102383961,-0.10975323711761233,-0.026800106093772716,0.9165477904432311
1299.8492318731073,2,3.649999999998532,0.00017633999383892624,6.921365719093758e-06,0.082954569615036,-1.2532358641846932e-06,0.08295331637917182,0.8887858600405507
