NP_ratio,Mismatch_mode,Additional_severity,M_peak,M_rms,qex_norm
1.0,LLI,0.15,1.0000000077220785,0.5007011096268447,0.08440021550654422
1.0,LAMn,0.15,0.9999999999999396,0.11112542849477608,0.016995816757408088
1.0,LAMp,0.25,0.031833823824472404,0.01097252553276639,0.007940704335346329
1.1,LLI,0.15,0.9999999582957112,0.5354324238332204,0.07333487225387084
1.1,LAMn,0.15,1.000000000000004,0.34580829265574925,0.049026491269913416
1.1,LAMp,0.25,0.030986218196858602,0.011448497667106428,0.008393495367360271
1.2,LLI,0.15,1.0000000000000344,0.5606185043753558,0.05873525489713283
1.2,LAMn,0.15,1.0000000008494936,0.43265685186965075,0.06143854515342576
1.2,LAMp,0.25,0.029705952786743282,0.012714122086647984,0.009834705204142435
