family,s1,s2,LLI1,LAMn1,LAMp1,LLI2,LAMn2,LAMp2,M_peak,M_rms,qex_norm,capdiff
same_mixed_trajectory,0.0,0.0,0.0,0.0,0.0,0.0,0.0,0.0,1.2963735398395428e-16,6.604241400675235e-17,1.4859234809379002e-17,0.0
same_mixed_trajectory,0.0,0.025,0.0,0.0,0.0,0.025,0.0125,0.0125,0.9996441253485479,0.061760305452322715,0.0065612778777820804,-0.023757835891316036
same_mixed_trajectory,0.0,0.05,0.0,0.0,0.0,0.05,0.025,0.025,0.9997447504549907,0.13211831876435673,0.015169471388504779,-0.04808689683078352
same_mixed_trajectory,0.0,0.07500000000000001,0.0,0.0,0.0,0.07500000000000001,0.037500000000000006,0.037500000000000006,0.9997278297555207,0.1843253289358748,0.023984274834687097,-0.07300803475277058
same_mixed_trajectory,0.0,0.1,0.0,0.0,0.0,0.1,0.05,0.05,0.9997238471424545,0.2287485926082354,0.03301327752655065,-0.09854312899812716
same_mixed_trajectory,0.0,0.125,0.0,0.0,0.0,0.125,0.0625,0.0625,0.9997108924602952,0.2681760070749176,0.042264545887318386,-0.1247151503685359
same_mixed_trajectory,0.0,0.15000000000000002,0.0,0.0,0.0,0.15000000000000002,0.07500000000000001,0.07500000000000001,0.9997015666694535,0.30442945332897425,0.05174653066751927,-0.15154823002803555
same_mixed_trajectory,0.0,0.17500000000000002,0.0,0.0,0.0,0.17500000000000002,0.08750000000000001,0.08750000000000001,0.99968582716799,0.33855449031078977,0.06146812409014976,-0.17906773368180443
same_mixed_trajectory,0.0,0.2,0.0,0.0,0.0,0.2,0.1,0.1,0.9996715406116212,0.3711944773924226,0.07143877834593765,-0.20730034150551166
same_mixed_trajectory,0.0,0.225,0.0,0.0,0.0,0.225,0.1125,0.1125,0.9996598385691898,0.40278793201387064,0.08166841384252572,-0.2362741343436552
same_mixed_trajectory,0.0,0.25,0.0,0.0,0.0,0.25,0.125,0.125,0.9996528250750315,0.4336602048163759,0.09216744285976551,-0.26601868674811474
same_mixed_trajectory,0.025,0.0,0.025,0.0125,0.0125,0.0,0.0,0.0,0.9996441253485479,0.06176030545232206,0.006561277877782039,0.023757835891316036
same_mixed_trajectory,0.025,0.025,0.025,0.0125,0.0125,0.025,0.0125,0.0125,1.3275428270581902e-16,7.132753044054638e-17,1.6686524461341923e-17,0.0
same_mixed_trajectory,0.025,0.05,0.025,0.0125,0.0125,0.05,0.025,0.025,0.999696379354469,0.06684911086056067,0.0069895353309149056,-0.024336011551397932
same_mixed_trajectory,0.025,0.07500000000000001,0.025,0.0125,0.0125,0.07500000000000001,0.037500000000000006,0.037500000000000006,0.9996920105472342,0.13648779074371317,0.015802341366579535,-0.04927156440257292
same_mixed_trajectory,0.025,0.1,0.025,0.0125,0.0125,0.1,0.05,0.05,0.9996811491057634,0.18938275125456125,0.02483218148123501,-0.0748290900398101
same_mixed_trajectory,0.025,0.125,0.025,0.0125,0.0125,0.125,0.0625,0.0625,0.9996633126056756,0.23462746596132666,0.03408783483355241,-0.10103215308672331
same_mixed_trajectory,0.025,0.15000000000000002,0.025,0.0125,0.0125,0.15000000000000002,0.07500000000000001,0.07500000000000001,0.999650644397982,0.2748963862912577,0.04357771663841862,-0.12790552375259587
same_mixed_trajectory,0.025,0.17500000000000002,0.025,0.0125,0.0125,0.17500000000000002,0.08750000000000001,0.08750000000000001,0.9996370727913708,0.31200346905908427,0.05331121354412872,-0.1554752559021713
same_mixed_trajectory,0.025,0.2,0.025,0.0125,0.0125,0.2,0.1,0.1,0.999623837073908,0.34700180372506506,0.06329767750466929,-0.18376877125808425
same_mixed_trajectory,0.025,0.225,0.025,0.0125,0.0125,0.225,0.1125,0.1125,0.999616833653352,0.380546507655893,0.07354743127181047,-0.21281495029690076
same_mixed_trajectory,0.025,0.25,0.025,0.0125,0.0125,0.25,0.125,0.125,0.9996013134007034,0.4130891320168112,0.08407123320250846,-0.2426442304578596
same_mixed_trajectory,0.05,0.0,0.05,0.025,0.025,0.0,0.0,0.0,0.9997447504549904,0.1321183187643568,0.015169471388504746,0.04808689683078352
same_mixed_trajectory,0.05,0.025,0.05,0.025,0.025,0.025,0.0125,0.0125,0.9996963793544685,0.06684911086056047,0.006989535330914875,0.024336011551397932
same_mixed_trajectory,0.05,0.05,0.05,0.025,0.025,0.05,0.025,0.025,6.6652146115314654e-15,2.3823855231304634e-16,1.8828129366297712e-17,0.0
same_mixed_trajectory,0.05,0.07500000000000001,0.05,0.025,0.025,0.07500000000000001,0.037500000000000006,0.037500000000000006,0.9996470209525979,0.07111033861765993,0.007388560703596584,-0.02494302998187007
same_mixed_trajectory,0.05,0.1,0.05,0.025,0.025,0.1,0.05,0.05,0.9996295164610884,0.14064755822583108,0.016418350633546647,-0.050516076457581494
same_mixed_trajectory,0.05,0.125,0.05,0.025,0.025,0.125,0.0625,0.0625,0.9996205961706855,0.1944250665390805,0.02567675913110605,-0.07674331410882278
same_mixed_trajectory,0.05,0.15000000000000002,0.05,0.025,0.025,0.15000000000000002,0.07500000000000001,0.07500000000000001,0.9995993210104428,0.24062431654980632,0.03517310585431312,-0.10365017043957041
same_mixed_trajectory,0.05,0.17500000000000002,0.05,0.025,0.025,0.17500000000000002,0.08750000000000001,0.08750000000000001,0.9995895132542799,0.28184759933331616,0.044916801798613286,-0.13126340797118205
same_mixed_trajectory,0.05,0.2,0.05,0.025,0.025,0.2,0.1,0.1,0.9995701771602788,0.3199150612003273,0.054917846293709285,-0.1596112129810677
same_mixed_trajectory,0.05,0.225,0.05,0.025,0.025,0.225,0.1125,0.1125,0.9995594507652402,0.35589419634279806,0.06518628761900333,-0.18872329139233482
same_mixed_trajectory,0.05,0.25,0.05,0.025,0.025,0.25,0.125,0.125,0.9995408421425661,0.39045736525237507,0.07573341444497492,-0.21863097248580135
same_mixed_trajectory,0.07500000000000001,0.0,0.07500000000000001,0.037500000000000006,0.037500000000000006,0.0,0.0,0.0,0.9997278297555201,0.18432532893587517,0.023984274834687114,0.07300803475277058
same_mixed_trajectory,0.07500000000000001,0.025,0.07500000000000001,0.037500000000000006,0.037500000000000006,0.025,0.0125,0.0125,0.9996920105472321,0.1364877907437138,0.01580234136657962,0.04927156440257292
same_mixed_trajectory,0.07500000000000001,0.05,0.07500000000000001,0.037500000000000006,0.037500000000000006,0.05,0.025,0.025,0.9996470209525979,0.07111033861765952,0.007388560703596457,0.02494302998187007
same_mixed_trajectory,0.07500000000000001,0.07500000000000001,0.07500000000000001,0.037500000000000006,0.037500000000000006,0.07500000000000001,0.037500000000000006,0.037500000000000006,1.3946050697639913e-16,7.358367551879261e-17,1.6382999845613262e-17,0.0
same_mixed_trajectory,0.07500000000000001,0.1,0.07500000000000001,0.037500000000000006,0.037500000000000006,0.1,0.05,0.05,0.9995778062584394,0.07481754080989908,0.007767638292946977,-0.025581104677233082
same_mixed_trajectory,0.07500000000000001,0.125,0.07500000000000001,0.037500000000000006,0.037500000000000006,0.125,0.0625,0.0625,0.9995631238933057,0.1447049983339232,0.01702744767661746,-0.05182508516118641
same_mixed_trajectory,0.07500000000000001,0.15000000000000002,0.07500000000000001,0.037500000000000006,0.037500000000000006,0.15000000000000002,0.07500000000000001,0.07500000000000001,0.9995448025460126,0.19953856201907877,0.02652831138553657,-0.07875804472182332
same_mixed_trajectory,0.07500000000000001,0.17500000000000002,0.07500000000000001,0.037500000000000006,0.037500000000000006,0.17500000000000002,0.08750000000000001,0.08750000000000001,0.9995355641295116,0.24682326523986042,0.03628042448995477,-0.10640747535749884
same_mixed_trajectory,0.07500000000000001,0.2,0.07500000000000001,0.037500000000000006,0.037500000000000006,0.2,0.1,0.1,0.9995133583922651,0.28911819675443307,0.04629389611366656,-0.1348023513505163
same_mixed_trajectory,0.07500000000000001,0.225,0.07500000000000001,0.037500000000000006,0.037500000000000006,0.225,0.1125,0.1125,0.9994956084950408,0.328259731320572,0.05657930220100985,-0.16397323046653747
same_mixed_trajectory,0.07500000000000001,0.25,0.07500000000000001,0.037500000000000006,0.037500000000000006,0.25,0.125,0.125,0.9994864479394967,0.3653402004701468,0.06714796778697374,-0.19395236352644227
same_mixed_trajectory,0.1,0.0,0.1,0.05,0.05,0.0,0.0,0.0,0.9997238471424532,0.2287485926082356,0.033013277526550686,0.09854312899812716
same_mixed_trajectory,0.1,0.025,0.1,0.05,0.05,0.025,0.0125,0.0125,0.9996811491057638,0.18938275125456153,0.02483218148123505,0.0748290900398101
same_mixed_trajectory,0.1,0.05,0.1,0.05,0.05,0.05,0.025,0.025,0.9996295164610887,0.14064755822583233,0.016418350633546876,0.050516076457581494
same_mixed_trajectory,0.1,0.07500000000000001,0.1,0.05,0.05,0.07500000000000001,0.037500000000000006,0.037500000000000006,0.9995778062584392,0.07481754080989882,0.007767638292946958,0.025581104677233082
same_mixed_trajectory,0.1,0.1,0.1,0.05,0.05,0.1,0.05,0.05,2.861485659900169e-16,7.41263479435421e-17,1.5786845841808606e-17,0.0
same_mixed_trajectory,0.1,0.125,0.1,0.05,0.05,0.125,0.0625,0.0625,0.999510535123138,0.07815127485281059,0.008134334158419356,-0.02625268156068608
same_mixed_trajectory,0.1,0.15000000000000002,0.1,0.05,0.05,0.15000000000000002,0.07500000000000001,0.07500000000000001,0.9994918860639941,0.14874527561950698,0.01763769440942087,-0.05320373767373617
same_mixed_trajectory,0.1,0.17500000000000002,0.1,0.05,0.05,0.17500000000000002,0.08750000000000001,0.08750000000000001,0.9994667946792607,0.20480168743731084,0.02739589069832951,-0.08088141090027036
same_mixed_trajectory,0.1,0.2,0.1,0.05,0.05,0.2,0.1,0.1,0.9994521219979192,0.253304622321716,0.03741941553926995,-0.1093154873652958
same_mixed_trajectory,0.1,0.225,0.1,0.05,0.05,0.225,0.1125,0.1125,0.9994363044764863,0.2967983199736215,0.04771963313965042,-0.13853740360465672
same_mixed_trajectory,0.1,0.25,0.1,0.05,0.05,0.25,0.125,0.125,0.9994125462469332,0.337144196311537,0.058307757567810495,-0.16858036237845248
same_mixed_trajectory,0.125,0.0,0.125,0.0625,0.0625,0.0,0.0,0.0,0.9997108924603045,0.26817600707491723,0.04226454588731832,0.1247151503685359
same_mixed_trajectory,0.125,0.025,0.125,0.0625,0.0625,0.025,0.0125,0.0125,0.9996633126056731,0.2346274659613273,0.03408783483355257,0.10103215308672331
same_mixed_trajectory,0.125,0.05,0.125,0.0625,0.0625,0.05,0.025,0.025,0.9996205961706873,0.19442506653908015,0.025676759131106012,0.07674331410882278
same_mixed_trajectory,0.125,0.07500000000000001,0.125,0.0625,0.0625,0.07500000000000001,0.037500000000000006,0.037500000000000006,0.9995631238933028,0.14470499833392333,0.01702744767661748,0.05182508516118641
same_mixed_trajectory,0.125,0.1,0.125,0.0625,0.0625,0.1,0.05,0.05,0.999510535123136,0.07815127485281187,0.00813433415841947,0.02625268156068608
same_mixed_trajectory,0.125,0.125,0.125,0.0625,0.0625,0.125,0.0625,0.0625,1.4688032600355472e-16,6.06896166181059e-17,1.0208182657246804e-17,0.0
same_mixed_trajectory,0.125,0.15000000000000002,0.125,0.0625,0.0625,0.15000000000000002,0.07500000000000001,0.07500000000000001,0.9994205340827474,0.08124194865417324,0.008494343848068828,-0.02696047031015276
same_mixed_trajectory,0.125,0.17500000000000002,0.125,0.0625,0.0625,0.17500000000000002,0.08750000000000001,0.08750000000000001,0.9994063298608818,0.15284354925272545,0.01825604664304572,-0.0546577437732712
same_mixed_trajectory,0.125,0.2,0.125,0.0625,0.0625,0.2,0.1,0.1,0.9993818814159495,0.21029050366988852,0.02828722272736088,-0.08312244251384536
same_mixed_trajectory,0.125,0.225,0.125,0.0625,0.0625,0.225,0.1125,0.1125,0.999366023181565,0.2601551302085742,0.03859896634189059,-0.11238690923264558
same_mixed_trajectory,0.125,0.25,0.125,0.0625,0.0625,0.25,0.125,0.125,0.9993462915367123,0.30498848120516286,0.049204074051788504,-0.14248532967028466
same_mixed_trajectory,0.15000000000000002,0.0,0.15000000000000002,0.07500000000000001,0.07500000000000001,0.0,0.0,0.0,0.9997015666694504,0.3044294533289745,0.051746530667519317,0.15154823002803555
same_mixed_trajectory,0.15000000000000002,0.025,0.15000000000000002,0.07500000000000001,0.07500000000000001,0.025,0.0125,0.0125,0.9996506443979778,0.27489638629125834,0.043577716638418806,0.12790552375259587
same_mixed_trajectory,0.15000000000000002,0.05,0.15000000000000002,0.07500000000000001,0.07500000000000001,0.05,0.025,0.025,0.9995993210104421,0.24062431654980643,0.03517310585431313,0.10365017043957041
same_mixed_trajectory,0.15000000000000002,0.07500000000000001,0.15000000000000002,0.07500000000000001,0.07500000000000001,0.07500000000000001,0.037500000000000006,0.037500000000000006,0.9995448025460126,0.1995385620190789,0.026528311385536588,0.07875804472182332
same_mixed_trajectory,0.15000000000000002,0.1,0.15000000000000002,0.07500000000000001,0.07500000000000001,0.1,0.05,0.05,0.9994918860639952,0.14874527561950665,0.017637694409420823,0.05320373767373617
same_mixed_trajectory,0.15000000000000002,0.125,0.15000000000000002,0.07500000000000001,0.07500000000000001,0.125,0.0625,0.0625,0.9994205340827489,0.0812419486541746,0.008494343848068887,0.02696047031015276
same_mixed_trajectory,0.15000000000000002,0.15000000000000002,0.15000000000000002,0.07500000000000001,0.07500000000000001,0.15000000000000002,0.07500000000000001,0.07500000000000001,1.5089439932421128e-16,4.926696538378812e-17,6.4185764411634486e-18,0.0
same_mixed_trajectory,0.15000000000000002,0.17500000000000002,0.15000000000000002,0.07500000000000001,0.07500000000000001,0.17500000000000002,0.08750000000000001,0.08750000000000001,0.9993336365631114,0.08418458825381725,0.008852584808394617,-0.027707480888536595
same_mixed_trajectory,0.15000000000000002,0.2,0.15000000000000002,0.07500000000000001,0.07500000000000001,0.2,0.1,0.1,0.999303316728399,0.15707010934677432,0.018888423140652363,-0.05619345486976664
same_mixed_trajectory,0.15000000000000002,0.225,0.15000000000000002,0.07500000000000001,0.07500000000000001,0.225,0.1125,0.1125,0.9992879857760752,0.2160829041077066,0.029209211326432657,-0.0854911985894112
same_mixed_trajectory,0.15000000000000002,0.25,0.15000000000000002,0.07500000000000001,0.07500000000000001,0.25,0.125,0.125,0.9992617854976085,0.2674708145861936,0.039827703781203774,-0.11563591237557973
same_mixed_trajectory,0.17500000000000002,0.0,0.17500000000000002,0.08750000000000001,0.08750000000000001,0.0,0.0,0.0,0.9996858271679911,0.3385544903107895,0.06146812409014963,0.17906773368180443
same_mixed_trajectory,0.17500000000000002,0.025,0.17500000000000002,0.08750000000000001,0.08750000000000001,0.025,0.0125,0.0125,0.9996370727913756,0.3120034690590836,0.053311213544128565,0.1554752559021713
same_mixed_trajectory,0.17500000000000002,0.05,0.17500000000000002,0.08750000000000001,0.08750000000000001,0.05,0.025,0.025,0.9995895132542886,0.2818475993333157,0.044916801798613216,0.13126340797118205
same_mixed_trajectory,0.17500000000000002,0.07500000000000001,0.17500000000000002,0.08750000000000001,0.08750000000000001,0.07500000000000001,0.037500000000000006,0.037500000000000006,0.9995355641295098,0.24682326523986176,0.036280424489955214,0.10640747535749884
same_mixed_trajectory,0.17500000000000002,0.1,0.17500000000000002,0.08750000000000001,0.08750000000000001,0.1,0.05,0.05,0.999466794679261,0.20480168743731092,0.027395890698329525,0.08088141090027036
same_mixed_trajectory,0.17500000000000002,0.125,0.17500000000000002,0.08750000000000001,0.08750000000000001,0.125,0.0625,0.0625,0.9994063298608831,0.1528435492527258,0.018256046643045733,0.0546577437732712
same_mixed_trajectory,0.17500000000000002,0.15000000000000002,0.17500000000000002,0.08750000000000001,0.08750000000000001,0.15000000000000002,0.07500000000000001,0.07500000000000001,0.999333636563112,0.08418458825381724,0.00885258480839456,0.027707480888536595
same_mixed_trajectory,0.17500000000000002,0.17500000000000002,0.17500000000000002,0.08750000000000001,0.08750000000000001,0.17500000000000002,0.08750000000000001,0.08750000000000001,1.5513403786154785e-16,4.8161347419136796e-17,5.838805719268493e-18,0.0
same_mixed_trajectory,0.17500000000000002,0.2,0.17500000000000002,0.08750000000000001,0.08750000000000001,0.2,0.1,0.1,0.9992203657678315,0.0870624532722962,0.009213278691323969,-0.028497066315231245
same_mixed_trajectory,0.17500000000000002,0.225,0.17500000000000002,0.08750000000000001,0.08750000000000001,0.225,0.1125,0.1125,0.9991973020295553,0.16149455955177902,0.019539700104888858,-0.05781795671069788
same_mixed_trajectory,0.17500000000000002,0.25,0.17500000000000002,0.08750000000000001,0.08750000000000001,0.25,0.125,0.125,0.9991751052800061,0.22226513497975078,0.030168268196865525,-0.08799891817681606
same_mixed_trajectory,0.2,0.0,0.2,0.1,0.1,0.0,0.0,0.0,0.9996715406116109,0.3711944773924228,0.07143877834593772,0.20730034150551166
same_mixed_trajectory,0.2,0.025,0.2,0.1,0.1,0.025,0.0125,0.0125,0.9996238370740832,0.3470018037250638,0.06329767750466887,0.18376877125808425
same_mixed_trajectory,0.2,0.05,0.2,0.1,0.1,0.05,0.025,0.025,0.9995701771602801,0.3199150612003273,0.05491784629370922,0.1596112129810677
same_mixed_trajectory,0.2,0.07500000000000001,0.2,0.1,0.1,0.07500000000000001,0.037500000000000006,0.037500000000000006,0.9995133583922775,0.2891181967544327,0.046293896113666494,0.1348023513505163
same_mixed_trajectory,0.2,0.1,0.2,0.1,0.1,0.1,0.05,0.05,0.9994521219978836,0.25330462232171747,0.037419415539270175,0.1093154873652958
same_mixed_trajectory,0.2,0.125,0.2,0.1,0.1,0.125,0.0625,0.0625,0.9993818814159595,0.21029050366988836,0.02828722272736092,0.08312244251384536
same_mixed_trajectory,0.2,0.15000000000000002,0.2,0.1,0.1,0.15000000000000002,0.07500000000000001,0.07500000000000001,0.999303316728399,0.1570701093467752,0.01888842314065248,0.05619345486976664
same_mixed_trajectory,0.2,0.17500000000000002,0.2,0.1,0.1,0.17500000000000002,0.08750000000000001,0.08750000000000001,0.9992203657678318,0.08706245327229643,0.00921327869132404,0.028497066315231245
same_mixed_trajectory,0.2,0.2,0.2,0.1,0.1,0.2,0.1,0.1,5.2674205375326054e-15,2.373494505240005e-16,9.479540729108844e-18,0.0
same_mixed_trajectory,0.2,0.225,0.2,0.1,0.1,0.225,0.1125,0.1125,0.9991067015022344,0.08994449057886955,0.009579893072832038,-0.029332972956098487
same_mixed_trajectory,0.2,0.25,0.2,0.1,0.1,0.25,0.125,0.125,0.9990813084222595,0.1661957833630392,0.020215142641807314,-0.05953917862498052
same_mixed_trajectory,0.225,0.0,0.225,0.1125,0.1125,0.0,0.0,0.0,0.9996598385692127,0.40278793201386986,0.08166841384252536,0.2362741343436552
same_mixed_trajectory,0.225,0.025,0.225,0.1125,0.1125,0.025,0.0125,0.0125,0.999616833653277,0.38054650765591147,0.07354743127181339,0.21281495029690076
same_mixed_trajectory,0.225,0.05,0.225,0.1125,0.1125,0.05,0.025,0.025,0.9995594507652062,0.3558941963427984,0.06518628761900341,0.18872329139233482
same_mixed_trajectory,0.225,0.07500000000000001,0.225,0.1125,0.1125,0.07500000000000001,0.037500000000000006,0.037500000000000006,0.9994956084950305,0.32825973132057223,0.05657930220100986,0.16397323046653747
same_mixed_trajectory,0.225,0.1,0.225,0.1125,0.1125,0.1,0.05,0.05,0.9994363044764973,0.29679831997362166,0.047719633139650476,0.13853740360465672
same_mixed_trajectory,0.225,0.125,0.225,0.1125,0.1125,0.125,0.0625,0.0625,0.9993660231815646,0.26015513020857445,0.038598966341890625,0.11238690923264558
same_mixed_trajectory,0.225,0.15000000000000002,0.225,0.1125,0.1125,0.15000000000000002,0.07500000000000001,0.07500000000000001,0.9992879857760752,0.21608290410770709,0.029209211326432758,0.0854911985894112
same_mixed_trajectory,0.225,0.17500000000000002,0.225,0.1125,0.1125,0.17500000000000002,0.08750000000000001,0.08750000000000001,0.9991973020295508,0.1614945595517791,0.019539700104888865,0.05781795671069788
same_mixed_trajectory,0.225,0.2,0.225,0.1125,0.1125,0.2,0.1,0.1,0.9991067015022344,0.08994449057887002,0.009579893072832097,0.029332972956098487
same_mixed_trajectory,0.225,0.225,0.225,0.1125,0.1125,0.225,0.1125,0.1125,1.6437059023976245e-16,3.245352003042553e-17,2.3833735584764953e-18,0.0
same_mixed_trajectory,0.225,0.25,0.225,0.1125,0.1125,0.25,0.125,0.125,0.9989740484699652,0.09290271305431005,0.009955825665666532,-0.030219399920612868
same_mixed_trajectory,0.25,0.0,0.25,0.125,0.125,0.0,0.0,0.0,0.9996528250750224,0.4336602048163759,0.09216744285976548,0.26601868674811474
same_mixed_trajectory,0.25,0.025,0.25,0.125,0.125,0.025,0.0125,0.0125,0.9996013134007028,0.4130891320168111,0.08407123320250848,0.2426442304578596
same_mixed_trajectory,0.25,0.05,0.25,0.125,0.125,0.05,0.025,0.025,0.9995408421425659,0.3904573652523751,0.0757334144449749,0.21863097248580135
same_mixed_trajectory,0.25,0.07500000000000001,0.25,0.125,0.125,0.07500000000000001,0.037500000000000006,0.037500000000000006,0.9994864479394979,0.3653402004701468,0.06714796778697377,0.19395236352644227
same_mixed_trajectory,0.25,0.1,0.25,0.125,0.125,0.1,0.05,0.05,0.9994125462469258,0.33714419631153725,0.05830775756781054,0.16858036237845248
same_mixed_trajectory,0.25,0.125,0.25,0.125,0.125,0.125,0.0625,0.0625,0.999346291536712,0.30498848120516286,0.0492040740517885,0.14248532967028466
same_mixed_trajectory,0.25,0.15000000000000002,0.25,0.125,0.125,0.15000000000000002,0.07500000000000001,0.07500000000000001,0.9992617854976129,0.2674708145861936,0.039827703781203774,0.11563591237557973
same_mixed_trajectory,0.25,0.17500000000000002,0.25,0.125,0.125,0.17500000000000002,0.08750000000000001,0.08750000000000001,0.9991751052800071,0.22226513497975078,0.030168268196865553,0.08799891817681606
same_mixed_trajectory,0.25,0.2,0.25,0.125,0.125,0.2,0.1,0.1,0.9990813084222615,0.16619578336303925,0.02021514264180732,0.05953917862498052
same_mixed_trajectory,0.25,0.225,0.25,0.125,0.125,0.225,0.1125,0.1125,0.9989740484699652,0.09290271305430961,0.009955825665666513,0.030219399920612868
same_mixed_trajectory,0.25,0.25,0.25,0.125,0.125,0.25,0.125,0.125,1.694139748699516e-16,2.356407389824473e-17,1.1858978240896313e-18,0.0
