t_s,V,I1,I2,Iapp
0.0,3.33273833741016,6.201086554339762,6.212583600950587,12.41367015528995
0.021771060752452595,3.3327455628376277,6.2013294816516416,6.2123406737606786,12.41367015528995
0.04354212150490519,3.3327527484625046,6.2015721807151,6.212097974698552,12.41367015528995
0.26125272902943114,3.3328225483232297,6.203973024275494,6.209697142709832,12.41367015528995
0.47896333655395706,3.3328906094627007,6.206353664749207,6.207316501901523,12.41367015528995
1.3917500505861433,3.3331572432135026,6.2159563630312755,6.197713792259,12.41367015528995
2.3045367646183297,3.3334064051732346,6.225279232550815,6.188390922739433,12.41367015528995
4.312243868445926,3.333908852720419,6.245129661499634,6.168540493790073,12.41367015528995
6.3199509722735225,3.3343525325659598,6.263932651297482,6.149737503992459,12.41367015528995
8.32765807610112,3.334747212012579,6.28179573288115,6.131874422408876,12.41367015528995
12.238659102298136,3.3354116281370665,6.314714258756317,6.0989558965339805,12.41367015528995
16.149660128495153,3.335965517211477,6.34548451075143,6.068185644538867,12.41367015528995
20.06066115469217,3.336438752019714,6.374747597352356,6.038922557937619,12.41367015528995
27.03142558271844,3.3371347045478226,6.424147333676037,5.989522821614118,12.41367015528995
34.00219001074471,3.3377032759385994,6.4715770812081725,5.942093074081643,12.41367015528995
40.972954438770984,3.3381803132232597,6.517639424318812,5.896030730971247,12.41367015528995
47.943718866797255,3.3385852539429055,6.562432289277506,5.851237866012257,12.41367015528995
55.943718866797255,3.3389800498121387,6.612384457119455,5.801285698170223,12.41367015528995
63.943718866797255,3.3393174184923238,6.660962608964517,5.752707546325467,12.41367015528995
71.94371886679725,3.3396100698509565,6.708245150177648,5.705425005112521,12.41367015528995
79.94371886679725,3.339866562692537,6.754204433613709,5.659465721676234,12.41367015528995
87.94371886679725,3.340093127048412,6.798770135164932,5.614900020125005,12.41367015528995
95.94371886679725,3.340294720060314,6.841865602013386,5.571804553276459,12.41367015528995
103.94371886679725,3.340475373242948,6.883410458698532,5.53025969659168,12.41367015528995
111.94371886679725,3.3406383414997736,6.923316855587692,5.49035329970216,12.41367015528995
119.94371886679725,3.3407862816456406,6.961491586382722,5.452178568907042,12.41367015528995
127.94371886679725,3.340921427142908,6.997840824522731,5.415829330767242,12.41367015528995
135.94371886679727,3.3410457033136445,7.0322733948044815,5.381396863409551,12.41367015528995
143.94371886679727,3.3411607872832487,7.064702084054249,5.348968155417705,12.41367015528995
151.94371886679727,3.3412681467551093,7.095045040617714,5.318625184557513,12.41367015528995
159.94371886679727,3.3413690678396857,7.123226620934437,5.290443593417449,12.41367015528995
167.94371886679727,3.341464678537127,7.1491784461475385,5.264491759906933,12.41367015528995
175.94371886679727,3.3415559652745723,7.172840157216261,5.240830042572356,12.41367015528995
183.94371886679727,3.341643784474283,7.194159941530981,5.219510253514747,12.41367015528995
191.94371886679727,3.3417288716387086,7.213094884080937,5.200575307377128,12.41367015528995
199.94371886679727,3.3418118494929314,7.229611168216757,5.1840590204838515,12.41367015528995
207.94371886679727,3.3418932362693967,7.24368423888878,5.1699859477692,12.41367015528995
215.94371886679727,3.341973452135328,7.25529848566991,5.158371699332293,12.41367015528995
223.94371886679727,3.3420528273514885,7.264447156762138,5.149223026897305,12.41367015528995
231.94371886679727,3.342131610930624,7.271132221775096,5.142537960684717,12.41367015528995
239.94371886679727,3.3422099790286213,7.275364040508907,5.138306140768,12.41367015528995
247.94371886679727,3.342288043389047,7.2771609397379,5.136509240222103,12.41367015528995
255.94371886679727,3.3423658602072486,7.276548804053467,5.137121374435994,12.41367015528995
263.94371886679727,3.3424434393428912,7.2735606954217635,5.140109481276473,12.41367015528995
271.94371886679727,3.342520753616697,7.268236484757452,5.145433689776959,12.41367015528995
279.94371886679727,3.3425977479920808,7.260622498131365,5.153047673755335,12.41367015528995
287.94371886679727,3.3426743485757147,7.250771196590119,5.162898972166337,12.41367015528995
295.94371886679727,3.3427504713082232,7.238740902284608,5.174929262841694,12.41367015528995
303.94371886679727,3.342826030246481,7.224595575240187,5.189074585719375,12.41367015528995
311.94371886679727,3.342900945312986,7.2084046403418505,5.205265515971109,12.41367015528995
319.94371886679727,3.3429751493724926,7.190242863800376,5.223427287343802,12.41367015528995
327.94371886679727,3.34304859467262,7.170190256260486,5.243479889308647,12.41367015528995
335.94371886679727,3.343121257891735,7.148332105001199,5.2653380346344045,12.41367015528995
343.94371886679727,3.34319314449575,7.124758953655962,5.28891117965469,12.41367015528995
351.94371886679727,3.3432642920026687,7.09956664715522,5.3141034795070645,12.41367015528995
359.94371886679727,3.343334771898028,7.072856440114311,5.340813679588672,12.41367015528995
367.94371886679727,3.343404690129399,7.044735150541956,5.368934961850388,12.41367015528995
375.94371886679727,3.343474186165622,7.015315357337722,5.398354747692587,12.41367015528995
383.94371886679727,3.3435434306050222,6.98471564845084,5.428954448070161,12.41367015528995
391.94371886679727,3.3436126213671544,6.953060927258623,5.460609160533635,12.41367015528995
399.94371886679727,3.3436819785487804,6.920482768618752,5.493187309749507,12.41367015528995
407.94371886679727,3.3437517381721267,6.887119805004334,5.526550263198354,12.41367015528995
415.94371886679727,3.3438221451793324,6.853118092673352,5.560551964329599,12.41367015528995
423.94371886679727,3.3438934457826077,6.818631350378605,5.595038694399942,12.41367015528995
431.94371886679727,3.3439658815841558,6.783821003013558,5.629849028368129,12.41367015528995
439.94371886679727,3.3440396846789184,6.7488558273349915,5.664814327954986,12.41367015528995
447.94371886679727,3.3441150731457085,6.713910544424656,5.6997596108656285,12.41367015528995
455.94371886679727,3.344192254003792,6.679164096407949,5.734506058882292,12.41367015528995
463.94371886679727,3.3442714276095797,6.64479614241215,5.768874012877751,12.41367015528995
471.94371886679727,3.3443527985954447,6.610982612256796,5.802687543033016,12.41367015528995
479.94371886679727,3.3444365903665223,6.5778901231588085,5.835780032130585,12.41367015528995
487.94371886679727,3.3445230613852677,6.545669817091106,5.868000338199425,12.41367015528995
495.94371886679727,3.344612519985802,6.514451414073306,5.899218741216322,12.41367015528995
503.94371886679727,3.344705331502934,6.484338657744409,5.929331497544886,12.41367015528995
511.94371886679727,3.3448019233180326,6.455406164027241,5.95826399126345,12.41367015528995
519.9437188667973,3.344902774030705,6.427699228079567,5.985970927210788,12.41367015528995
527.9437188667973,3.3450083927454743,6.401236151136161,6.012434004153904,12.41367015528995
535.9437188667973,3.3451192927391498,6.376012472590626,6.037657682699085,12.41367015528995
543.9437188667973,3.3452359635848175,6.352006245978053,6.061663909312127,12.41367015528995
551.9437188667973,3.3453588457440517,6.329183456134964,6.0844866991551205,12.41367015528995
559.9437188667973,3.34548831475034,6.307502381904777,6.10616777338514,12.41367015528995
567.9437188667973,3.3456246593837937,6.286918485793644,6.126751669496093,12.41367015528995
575.9437188667973,3.345768077306156,6.2673869375160125,6.146283217773918,12.41367015528995
583.9437188667973,3.3459186800214153,6.248863627743028,6.164806527547051,12.41367015528995
591.9437188667973,3.34607649739426,6.231305971256974,6.182364184033253,12.41367015528995
599.9437188667973,3.346241478667064,6.2146736949198935,6.198996460370032,12.41367015528995
607.9437188667973,3.3464135032870055,6.198929203179291,6.214740952110557,12.41367015528995
615.9437188667973,3.346592385547397,6.184037707207826,6.229632448082028,12.41367015528995
623.9437188667973,3.346777879893504,6.169967306063249,6.243702849226783,12.41367015528995
631.9437188667973,3.3469696889739144,6.156689296021571,6.256980859268426,12.41367015528995
639.9437188667973,3.347167465246767,6.144178115898243,6.269492039391659,12.41367015528995
647.9437188667973,3.3473708167320115,6.132411614601135,6.281258540688765,12.41367015528995
655.9437188667973,3.3475793139832994,6.1213713144525626,6.2922988408370335,12.41367015528995
663.9437188667973,3.3477924965641197,6.111042230196109,6.302627925094077,12.41367015528995
671.9437188667973,3.3480098804117584,6.101412166217604,6.312257989072175,12.41367015528995
679.9437188667973,3.3482309678122055,6.09247060325809,6.321199552031827,12.41367015528995
687.9437188667973,3.348455260527981,6.084207233953635,6.329462921336156,12.41367015528995
695.9437188667973,3.3486822755639136,6.076610183806122,6.337059971483661,12.41367015528995
703.9437188667973,3.348911562231979,6.069664085700829,6.34400606958906,12.41367015528995
711.9437188667973,3.3491427170706265,6.063348206121934,6.350321949168128,12.41367015528995
719.9437188667973,3.349375399204797,6.0576356341126925,6.356034521177159,12.41367015528995
727.9437188667973,3.349609337392757,6.052492721029869,6.361177434259805,12.41367015528995
735.9437188667973,3.349844330042735,6.047879369244492,6.365790786045522,12.41367015528995
743.9437188667973,3.3500802414657214,6.043750071792713,6.369920083496942,12.41367015528995
751.9437188667973,3.350316990612646,6.0400553980486436,6.373614757241288,12.41367015528995
759.9437188667973,3.3505545390392517,6.036743429965643,6.376926725324111,12.41367015528995
767.9437188667973,3.350792882366155,6.0337608153637845,6.379909339926326,12.41367015528995
775.9437188667973,3.3510320434051963,6.031053493047931,6.3826166622419045,12.41367015528995
783.9437188667973,3.351272064392359,6.028567236341973,6.385102918947875,12.41367015528995
791.9437188667973,3.351513004089261,6.026248428260763,6.387421727029022,12.41367015528995
799.9437188667973,3.3517549343343602,6.024044762328079,6.389625392961915,12.41367015528995
807.9437188667973,3.3519979348120277,6.021906035042305,6.391764120247226,12.41367015528995
815.9437188667973,3.3522420883155135,6.019785113590178,6.393885041699835,12.41367015528995
823.9437188667973,3.352487473462599,6.017638290845614,6.396031864444281,12.41367015528995
831.9437188667973,3.352734157217082,6.015425651036476,6.3982445042534195,12.41367015528995
839.9437188667973,3.3529821900683143,6.013111132028788,6.400559023261281,12.41367015528995
847.9437188667973,3.3532316026184272,6.010662129078191,6.403008026211754,12.41367015528995
855.9437188667973,3.35348240176845,6.008048654340276,6.405621500949724,12.41367015528995
863.9437188667973,3.3537345716006093,6.005243444323016,6.4084267109668405,12.41367015528995
871.9437188667973,3.353988074198228,6.002221716057896,6.411448439232155,12.41367015528995
879.9437188667973,3.354242850781765,5.9989612945866435,6.414708860703225,12.41367015528995
887.9437188667973,3.354498825307662,5.995443279505674,6.418226875784359,12.41367015528995
895.9437188667973,3.354755907672061,5.991652131546656,6.422018023743314,12.41367015528995
903.9437188667973,3.355013999740124,5.987575889582459,6.426094265707543,12.41367015528995
911.9437188667973,3.355273004253949,5.983206172609785,6.430463982680232,12.41367015528995
919.9437188667973,3.355532834430355,5.978537734704773,6.43513242058552,12.41367015528995
927.9437188667973,3.355793422277718,5.973567595526217,6.440102559763983,12.41367015528995
935.9437188667973,3.3560547271712617,5.968295119719564,6.44537503557037,12.41367015528995
943.9437188667973,3.356316741475018,5.962721851192443,6.450948304097603,12.41367015528995
951.9437188667973,3.3565794924404466,5.956851725666515,6.456818429623561,12.41367015528995
959.9437188667973,3.356843040250502,5.950691681635098,6.462978473654869,12.41367015528995
967.9437188667973,3.357107472297277,5.944252326984464,6.469417828305236,12.41367015528995
975.9437188667973,3.357372894332029,5.9375482794389844,6.476121875851113,12.41367015528995
983.9437188667973,3.3576394197784944,5.930597922413273,6.483072232876845,12.41367015528995
991.9437188667973,3.3579071600608725,5.923422654880382,6.490247500409743,12.41367015528995
999.9437188667973,3.3581762134111957,5.916045053582952,6.4976251017070865,12.41367015528995
1007.9437188667973,3.358446657843221,5.908486853930637,6.505183301359145,12.41367015528995
1015.9437188667973,3.358718549546093,5.90076702022339,6.5129031350665825,12.41367015528995
1023.9437188667973,3.3589919248543616,5.892899933174401,6.520770222115289,12.41367015528995
1031.9437188667973,3.3592668035860007,5.884893709607125,6.528776445682915,12.41367015528995
1039.9437188667973,3.3595431973251135,5.876749683942947,6.536920471347045,12.41367015528995
1047.9437188667973,3.3598211165900347,5.868462104463292,6.545208050826425,12.41367015528995
1055.9437188667973,3.3601005772051686,5.860018410588543,6.55365174470145,12.41367015528995
1063.9437188667973,3.360381605186823,5.851400037934626,6.562270117355298,12.41367015528995
1071.9437188667973,3.3606642389955566,5.842583457753686,6.571086697536343,12.41367015528995
1079.9437188667973,3.360948528421255,5.833541153034472,6.580129002255559,12.41367015528995
1087.9437188667973,3.361234530135535,5.824242340367361,6.589427814922456,12.41367015528995
1095.9437188667973,3.3615223013234363,5.814653437152153,6.599016718137783,12.41367015528995
1103.9437188667973,3.3618118900942915,5.804738096698368,6.608932058591807,12.41367015528995
1111.9437188667973,3.362103326704176,5.7944571696622615,6.619212985627772,12.41367015528995
1119.9437188667973,3.362396617343796,5.783768835742571,6.629901319547029,12.41367015528995
1127.9437188667973,3.3626917407747827,5.772629047677376,6.641041107612608,12.41367015528995
1135.9437188667973,3.3629886485375016,5.760992408830939,6.652677746459005,12.41367015528995
1143.9437188667973,3.363287269795376,5.748813573853484,6.66485658143652,12.41367015528995
1151.9437188667973,3.363587521131501,5.736049158419591,6.677620996870083,12.41367015528995
1159.9437188667973,3.3638893205329907,5.722660014427182,6.691010140862848,12.41367015528995
1167.9437188667973,3.3641926041786423,5.708613639483029,6.705056515807037,12.41367015528995
1175.9437188667973,3.3644973451039353,5.6938865124767455,6.719783642813293,12.41367015528995
1183.9437188667973,3.3648035694094447,5.678465889952697,6.735204265337138,12.41367015528995
1191.9437188667973,3.365111373106087,5.6623513029025,6.751318852387294,12.41367015528995
1199.9437188667973,3.3654209357021805,5.6455553678876695,6.768114787402566,12.41367015528995
1207.9437188667973,3.365732528934227,5.628103909520027,6.785566245769957,12.41367015528995
1215.9437188667973,3.366046522712941,5.610035244813501,6.803634910476533,12.41367015528995
1223.9437188667973,3.3663633843937277,5.591398828624113,6.82227132666588,12.41367015528995
1231.9437188667973,3.3666836736055363,5.572253485864031,6.84141666942613,12.41367015528995
1239.9437188667973,3.367008033675462,5.552665270888363,6.861004884401763,12.41367015528995
1247.9437188667973,3.367337179367503,5.532704999072431,6.880965156217498,12.41367015528995
1255.9437188667973,3.367671881089049,5.512445608481999,6.901224546807704,12.41367015528995
1263.9437188667973,3.368012946641941,5.491959550551271,6.921710604738737,12.41367015528995
1271.9437188667973,3.3683612018166693,5.471316365867164,6.942353789422623,12.41367015528995
1279.9437188667973,3.3687174709427703,5.450580556998735,6.963089598291486,12.41367015528995
1287.9437188667973,3.3690825584327704,5.429809857544306,6.98386029774559,12.41367015528995
1295.9437188667973,3.3694572323833625,5.4090539852471835,7.004616170042595,12.41367015528995
1303.9437188667973,3.3698422111890944,5.388353931059638,7.025316224230034,12.41367015528995
1311.9437188667973,3.37023815382897,5.367741783762487,7.045928371527514,12.41367015528995
1319.9437188667973,3.370645654120303,5.347241040995528,7.066429114294451,12.41367015528995
1327.9437188667973,3.3710652387133924,5.326867272353672,7.086802882936392,12.41367015528995
1335.9437188667973,3.3714973691873364,5.30662922435052,7.107040930939677,12.41367015528995
1343.9437188667973,3.3719424468198476,5.286530000395232,7.1271401548946365,12.41367015528995
1351.9437188667973,3.3724008192926687,5.266568222763409,7.147101932526389,12.41367015528995
1359.9437188667973,3.372872788940379,5.24673919532136,7.166930959968796,12.41367015528995
1367.9437188667973,3.3733586218851666,5.22703601320202,7.186634142088038,12.41367015528995
1375.9437188667973,3.3738585571450956,5.207450520843194,7.206219634447071,12.41367015528995
1383.9437188667973,3.3743728148433045,5.187974031929726,7.225696123360258,12.41367015528995
1391.9437188667973,3.37490160335958,5.168597896811598,7.245072258478478,12.41367015528995
1399.9437188667973,3.375445125114035,5.149313939283618,7.26435621600639,12.41367015528995
1407.9437188667973,3.3760035807391398,5.130114775984305,7.283555379305638,12.41367015528995
1415.9437188667973,3.376577171559073,5.110994050635804,7.3026761046542,12.41367015528995
1423.9437188667973,3.377166100399206,5.091946623902773,7.32172353138708,12.41367015528995
1431.9437188667973,3.377770570783901,5.0729687526093095,7.3407014026806126,12.41367015528995
1439.9437188667973,3.378390784598973,5.054058282595858,7.359611872693946,12.41367015528995
1447.9437188667973,3.379026938308789,5.035214874407565,7.3784552808820925,12.41367015528995
1455.9437188667973,3.3796792176575456,5.016440362945106,7.397229792344716,12.41367015528995
1463.9437188667973,3.380347791356333,4.997738897512894,7.41593125777702,12.41367015528995
1471.9437188667973,3.381032803543562,4.979117434966714,7.4345527203230315,12.41367015528995
1479.9437188667973,3.3817343647219054,4.960586289653126,7.453083865636769,12.41367015528995
1487.9437188667973,3.3824525413141115,4.942159704216779,7.4715104510729935,12.41367015528995
1495.9437188667973,3.383187343866641,4.92385649269328,7.489813662596669,12.41367015528995
1503.9437188667973,3.383938713760835,4.90570078822134,7.507969367068534,12.41367015528995
1511.9437188667973,3.3847065082491437,4.887722897455305,7.525947257834453,12.41367015528995
1519.9437188667973,3.3854904844991056,4.869960165851266,7.543709989438635,12.41367015528995
1527.9437188667973,3.386290279496003,4.852458197293306,7.561211957996591,12.41367015528995
1535.9437188667973,3.3871053892230663,4.83527199919529,7.578398156094515,12.41367015528995
1543.9437188667973,3.387935146843849,4.818467137566215,7.595203017723537,12.41367015528995
1551.9437188667973,3.388778698876406,4.802121053832713,7.611549101456931,12.41367015528995
1559.9437188667973,3.3896349795224707,4.786324552221404,7.627345603068428,12.41367015528995
1567.9437188667973,3.390502684232635,4.771183392212022,7.642486763077868,12.41367015528995
1575.9437188667973,3.3913802438446172,4.7568199462578855,7.6568502090320125,12.41367015528995
1583.9437188667973,3.3922658004630093,4.743374916098895,7.670295239190855,12.41367015528995
1591.9437188667973,3.3931571864189265,4.731009082405183,7.68266107288487,12.41367015528995
1599.9437188667973,3.394051907745959,4.719905039179664,7.693765116110047,12.41367015528995
1607.9437188667973,3.394947135293035,4.7102686618169445,7.703401493472961,12.41367015528995
1615.9437188667973,3.395839704558423,4.702330254986951,7.711339900303137,12.41367015528995
1623.9437188667973,3.3967261259423145,4.696345127563463,7.717325027726315,12.41367015528995
1631.9437188667973,3.3976026073713728,4.692593243117635,7.721076912172057,12.41367015528995
1639.9437188667973,3.398465090505561,4.691377601720915,7.722292553568876,12.41367015528995
1647.9437188667973,3.399309301539624,4.69302095108616,7.720649204203596,12.41367015528995
1655.9437188667973,3.4001308114853535,4.697860839410915,7.715809315878867,12.41367015528995
1663.9437188667973,3.4009251088622623,4.706242360361638,7.707427794928348,12.41367015528995
1671.9437188667973,3.4016876806607903,4.718508542124264,7.695161613165587,12.41367015528995
1679.9437188667973,3.4024140959646836,4.734988569651708,7.678681585638245,12.41367015528995
1687.9437188667973,3.4031000877903503,4.755984139334943,7.657686015954784,12.41367015528995
1695.9437188667973,3.4037416299447156,4.78175445353493,7.631915701754926,12.41367015528995
1703.9437188667973,3.4043350069555283,4.812500669760577,7.601169485529131,12.41367015528995
1711.9437188667973,3.404876877261437,4.8483508981531065,7.565319257136866,12.41367015528995
1719.9437188667973,3.405364332867127,4.889346976877946,7.524323178411825,12.41367015528995
1727.9437188667973,3.405794970066906,4.935433735668831,7.478236419621009,12.41367015528995
1735.9437188667973,3.406166943785427,4.986453593440493,7.427216561849466,12.41367015528995
1743.9437188667973,3.406479063434016,5.042143369000191,7.371526786289611,12.41367015528995
1751.9437188667973,3.40673090882582,5.102134671041303,7.311535484248713,12.41367015528995
1759.9437188667973,3.4069229496620776,5.16595678428571,7.24771337100451,12.41367015528995
1767.9437188667973,3.407056714789532,5.233039368017047,7.1806307872727455,12.41367015528995
1775.9437188667973,3.407134950685564,5.302713251594538,7.110956903695111,12.41367015528995
1783.9437188667973,3.4071617704586203,5.374207313690525,7.039462822269121,12.41367015528995
1791.9437188667973,3.4071427994864183,5.4466414049227145,6.9670287405477715,12.41367015528995
1799.9437188667973,3.4070852956794866,5.519017599639744,6.894652464036008,12.41367015528995
1807.9437188667973,3.4069982363953333,5.590211115975333,6.823459039314515,12.41367015528995
1815.9437188667973,3.406892298471137,5.6589694153098336,6.754700739980149,12.41367015528995
1823.9437188667973,3.4067796923268263,5.723929594435316,6.68974056085463,12.41367015528995
1831.9437188667973,3.4066737858036173,5.783660864177844,6.6300092911119695,12.41367015528995
1839.9437188667973,3.406588469078357,5.836740754400573,6.576929400889356,12.41367015528995
1847.9437188667973,3.4065372341950257,5.881867051693904,6.531803023918339,12.41367015528995
1855.9437188667973,3.4065320363769067,5.917997191448971,6.495672963011224,12.41367015528995
1863.9437188667973,3.406582072589283,5.944492619944143,6.469177457631912,12.41367015528995
1871.9437188667973,3.40669269089009,5.96124193334863,6.45242822194119,12.41367015528995
1879.9437188667973,3.406864620366603,5.9687332409227905,6.444936914367271,12.41367015528995
1887.9437188667973,3.407093687188805,5.968059523758746,6.445610631531141,12.41367015528995
1895.9437188667973,3.407371095126095,5.960842166902233,6.452827988387849,12.41367015528995
1903.9437188667973,3.4076843864535604,5.949066455568101,6.464603699721903,12.41367015528995
1911.9437188667973,3.408019077886728,5.934834008481676,6.478836146808273,12.41367015528995
1919.9437188667973,3.408360881450152,5.920049443366022,6.493620711923839,12.41367015528995
1927.9437188667973,3.408698218038368,5.906087089254067,6.50758306603596,12.41367015528995
1935.9437188667973,3.409024497669793,5.893513170859217,6.52015698443091,12.41367015528995
1943.9437188667973,3.4093396066799326,5.881937113905979,6.531733041384014,12.41367015528995
1951.9437188667973,3.4096502820003463,5.8700262068780376,6.5436439484117415,12.41367015528995
1959.9437188667973,3.40996938225721,5.855669787266546,6.55800036802344,12.41367015528995
1967.9437188667973,3.4103142724383835,5.836251919037059,6.5774182362528695,12.41367015528995
1975.9437188667973,3.410704594818443,5.808987302981702,6.604682852308249,12.41367015528995
1983.9437188667973,3.4111596965672133,5.771278645282292,6.642391510007474,12.41367015528995
1991.9437188667973,3.411696136428039,5.721042403645215,6.692627751644886,12.41367015528995
1999.9437188667973,3.412325596839254,5.656959593567446,6.7567105617224446,12.41367015528995
2007.9437188667973,3.4130537971233625,5.578579652695271,6.835090502594697,12.41367015528995
2015.9437188667973,3.413881061266209,5.486202704372997,6.927467450916907,12.41367015528995
2023.9437188667973,3.4148050486338843,5.380487064598722,7.033183090690971,12.41367015528995
2031.9437188667973,3.415825630046848,5.261799416268614,7.151870739020916,12.41367015528995
2039.9437188667973,3.416950835117194,5.129462051105163,7.284208104184438,12.41367015528995
2047.9437188667973,3.418201586114582,4.981200421769717,7.432469733519714,12.41367015528995
2055.943718866797,3.419612460979156,4.813137334456913,7.600532820832217,12.41367015528995
2063.6639955078267,3.4211665033814955,4.627710000195734,7.785960155093136,12.41367015528995
2071.3842721488563,3.422948288020417,4.41550521741498,7.998164937873536,12.41367015528995
2079.104548789886,3.424985969214044,4.17417400589733,8.239496149390634,12.41367015528995
2086.8248254309156,3.4272929031765997,3.903456188502417,8.510213966785388,12.41367015528995
2094.545102071945,3.4298702369407525,3.6047663068752773,8.808903848411942,12.41367015528995
2100.3856046615274,3.4319977375666806,3.3614624811186293,9.052207674170498,12.41367015528995
2106.2261072511096,3.4342772481303268,3.104192617627022,9.309477537662303,12.41367015528995
2112.066609840692,3.4367079037920396,2.8338787242391814,9.579791431050571,12.41367015528995
2117.907112430274,3.439286702121109,2.5517637182819453,9.861906437007876,12.41367015528995
2123.7476150198563,3.4420046568036518,2.2598666802294276,10.153803475060517,12.41367015528995
2129.5881176094385,3.4448415353938433,1.9615702435757287,10.452099911714297,12.41367015528995
2135.9174599431453,3.4480066259519853,1.6372958232726544,10.776374332017099,12.41367015528995
2142.246802276852,3.451191750087016,1.321613202935584,11.092056952354506,12.41367015528995
2148.576144610559,3.4542922355897656,1.0271432948316035,11.38652686045814,12.41367015528995
2154.9054869442657,3.4571893310617043,0.7672449349569489,11.646425220330897,12.41367015528995
2161.2348292779725,3.459779929831542,0.5524436630268651,11.861226492257547,12.41367015528995
2169.140522540122,3.462505685541114,0.3533630914365313,12.06030706383026,12.41367015528995
2177.046215802272,3.464696629005482,0.22331182696154073,12.190358328309992,12.41367015528995
2184.9519090644217,3.4664785492367054,0.14450414913760423,12.269166006140287,12.41367015528995
2192.8576023265714,3.4679902652888623,0.09938023520852615,12.314289920073392,12.41367015528995
2200.763295588721,3.469340100864008,0.07506338255920508,12.338606772724594,12.41367015528995
2208.668988850871,3.470606543350653,0.06264390379904436,12.351026251485688,12.41367015528995
2216.668988850871,3.4718599550269595,0.05601533104214025,12.357654824242541,12.41367015528995
2224.668988850871,3.4731190737566027,0.0518940169376574,12.361776138346285,12.41367015528995
2232.668988850871,3.4743978862327785,0.04906612617981909,12.364604029103191,12.41367015528995
2240.668988850871,3.4757017331246596,0.04717658500296245,12.366493570279227,12.41367015528995
2248.668988850871,3.4770361819392206,0.04578216556477828,12.367887989715936,12.41367015528995
2256.668988850871,3.478407198940286,0.044447878113910363,12.36922227716497,12.41367015528995
2264.668988850871,3.4798184926546183,0.043099054388680336,12.370571100888112,12.41367015528995
2272.668988850871,3.481273007664327,0.041862646250968735,12.371807509023226,12.41367015528995
2280.668988850871,3.4827757065728453,0.040790714703342154,12.372879440567276,12.41367015528995
2288.668988850871,3.4843341052453147,0.03983261785830631,12.373837537407733,12.41367015528995
2296.668988850871,3.4859571709611332,0.03894476557821071,12.374725389681464,12.41367015528995
2304.668988850871,3.4876545573381112,0.03812570627349104,12.375544448977847,12.41367015528995
2312.668988850871,3.4894365044510702,0.037370234671332374,12.376299920568117,12.41367015528995
2320.668988850871,3.4913136619993663,0.03664083753275981,12.377029317690175,12.41367015528995
2328.668988850871,3.4932966443277267,0.03588460283315098,12.377785552366944,12.41367015528995
2336.668988850871,3.495395755614228,0.0350580291860015,12.378612125981908,12.41367015528995
2344.668988850871,3.497621195335604,0.03413473482148374,12.379535419861833,12.41367015528995
2352.668988850871,3.4999836497850434,0.03310416568749949,12.38056598937188,12.41367015528995
2360.668988850871,3.502495152349937,0.03196541833353674,12.381704736635276,12.41367015528995
2368.668988850871,3.5051699044502134,0.030734664540659703,12.382935490297374,12.41367015528995
2376.668988850871,3.508025531667133,0.029418322610576822,12.384251832035003,12.41367015528995
2384.668988850871,3.5110838849031403,0.02802474818889464,12.385645406167926,12.41367015528995
2392.668988850871,3.5143718251014096,0.0265677890791915,12.387102364832845,12.41367015528995
2400.668988850871,3.5179222390691525,0.02504906848822893,12.388621084721827,12.41367015528995
2408.668988850871,3.521774862064173,0.023459017363046,12.390211134711802,12.41367015528995
2416.668988850871,3.5259771424548,0.02179021201787433,12.391879938173378,12.41367015528995
2424.668988850871,3.5305858025613395,0.020037488196371078,12.393632658791011,12.41367015528995
2432.668988850871,3.535669420126097,0.01819080278459834,12.39547933931888,12.41367015528995
2440.668988850871,3.541311929420937,0.01626111922915804,12.397409011485125,12.41367015528995
2448.668988850871,3.547618654666253,0.014272660882996124,12.399397451134394,12.41367015528995
2456.668988850871,3.554725544047869,0.01224523710012348,12.40142483870626,12.41367015528995
2464.668988850871,3.562822799549685,0.009711897611530991,12.403958257678372,12.41367015528995
2472.668988850871,3.572158289230858,0.006698057520272992,12.406972097769117,12.41367015528995
2480.668988850871,3.5831023108534557,0.0023905969279003165,12.411279558167049,12.41367015528995
2488.668988850871,3.596087400453719,6.651195369370695e-05,12.413603643334964,12.41367015528995
2492.668988850871,3.6035509090932454,8.446251888941031e-05,12.413585692771054,12.41367015528995
2496.668988850871,3.6118288158886953,0.000577567710915332,12.41309258757897,12.41367015528995
2498.668988850871,3.616350849389324,8.659512771772854e-06,12.413661471236273,12.41367015528995
2500.668988850871,3.621132053239443,0.0,12.413670124033194,12.41367015528995
2502.668988850871,3.626204436614093,0.00038527075736827335,12.413284844437856,12.41367015528995
2504.668988850871,3.6313273516061875,0.00028854874429508435,12.413381564059673,12.41367015528995
2506.668988850871,3.636759686720085,3.365245397492376e-05,12.41363644808743,12.41367015528995
2508.668988850871,3.642853984719186,0.0,12.413670067323824,12.41367015528995
2510.6240419116857,3.649463873729473,0.0,12.41367003203013,12.41367015528995
2510.775490770015,3.649999999999817,0.0,12.413670155284507,12.41367015528995
