time_s,V,I1,I2,mismatch,xn_surface_1,xp_volume_mean_1,Un_1,Up_volume_mean_1,xn_surface_2,xp_volume_mean_2,Un_2,Up_volume_mean_2
0.0,3.3655509605990694,12.445870432858989,12.381469913804933,0.002593935482208672,0.5627907516203495,0.19001927264071564,0.09700628420610835,3.397960005971366,0.5256972944388657,0.39971826615748507,0.10960251652068109,3.412619292852125
0.0153941873557743,3.365562175868535,12.446299238912951,12.38104110774963,0.002628478534234858,0.5628064139267771,0.1900163624418641,0.09700353690736563,3.3979599079032554,0.5257169015841026,0.3997153711860933,0.10959505136567405,3.4126190301998625
0.0307883747115486,3.3655733390615135,12.446728000408761,12.380612346253185,0.0026630179967902746,0.5628220623401331,0.1900134521452009,0.09700079552751673,3.397959809838963,0.5257364895156574,0.39971247631251294,0.10958759215082559,3.4126187675568636
0.1847302482692916,3.365683069228401,12.451012877885095,12.376327468769075,0.003008192100854107,0.5629777973717545,0.18998434384110247,0.09697370273240224,3.397958829407748,0.5259313328787246,0.399683532914165,0.10951332015643267,3.4126161416328067
0.3386721218270346,3.365789932440423,12.455291143477925,12.372049203176903,0.003352833575354839,0.5631321558745521,0.1899552256435152,0.09694719002202024,3.3979578493560583,0.5261242743070187,0.39965459940929415,0.10943964157397534,3.4126135166449094
0.49261399538477757,3.365894763809086,12.459561706578242,12.367778640086717,0.0036968545647659682,0.5632851522636838,0.18992609748178454,0.09692124626862508,3.3979568696827216,0.5263153341950617,0.39962567586856856,0.1093665546494691,3.4126108925992673
1.133806464080938,3.3663080418362066,12.477010338315637,12.350330008492879,0.005102452701496587,0.5639015987468977,0.18980461308633795,0.09682010022608467,3.3979527915471657,0.527082660980188,0.39950536566626155,0.10907179909167919,3.4125999777940996
1.7749989327770983,3.3666998570601425,12.494326419906992,12.333013927234719,0.006497373074197055,0.564497935604272,0.18968296124768852,0.09672742640457876,3.397948720254907,0.5278221141630499,0.3993852229059009,0.10878599468380745,3.412589078859085
3.1403066901308376,3.367479186088607,12.530963652113444,12.296376696484698,0.00944873483640648,0.5657147499168745,0.18942343400321549,0.09655413049725992,3.397940076447102,0.5293227168233592,0.3991298906236048,0.10820128165742737,3.412565918568216
4.505614447484577,3.3681858668378957,12.566855516944702,12.260484834267292,0.01234005247439666,0.5668603135629946,0.18916319001540183,0.09641032982699493,3.397931466111313,0.5307241809274781,0.3988752750816952,0.10765039851390679,3.412542826549687
5.870922204838316,3.3688283515418433,12.601830353270945,12.225510001743515,0.015157497592292526,0.5679423289812445,0.18890222169700763,0.09629161398345976,3.3979228897971145,0.5320371140252823,0.398621383874037,0.10713110050329533,3.4125198034318904
8.600030391541758,3.369957659090007,12.66917554241948,12.158164823701304,0.02058257999379514,0.5699534647144056,0.18837846224964985,0.09611434443125377,3.39790585385781,0.5344487985293331,0.39811599273694365,0.10617243563339152,3.4124739838474634
11.3291385782452,3.3709127145241786,12.732800828073806,12.094539553071833,0.02570800037741466,0.5717953675784588,0.18785199279081333,0.09599991972803079,3.3978889695673438,0.5366228785595392,0.39761331169297404,0.10530753228968592,3.412428423466884
14.058246764948642,3.371731253002597,12.792974937946749,12.034365460962322,0.030555406515248313,0.5735068515988201,0.1873229551202493,0.09593258052401377,3.397872247961124,0.5386127751897046,0.39711319890421704,0.10451997105337085,3.4123831099700714
19.28098138144498,3.37300403090913,12.899130707182326,11.928209728706321,0.03910692667516731,0.5765057228861731,0.18630384393019886,0.09589752285746556,3.3978407392050927,0.5420290112657505,0.39616280914622426,0.1031899286717235,3.4122970398538177
24.50371599794132,3.37400315697453,12.995385878834213,11.831954591863866,0.046860890885848036,0.579255052552061,0.185276686715079,0.09594611261587557,3.397809935340516,0.5450882660761776,0.3952204647660754,0.10203907881796992,3.412211756204581
29.72645061443766,3.3748035482721455,13.082584535217075,11.744755963145847,0.053885295540790745,0.5818269123945602,0.1842422615249773,0.0960477886071302,3.3977799004380325,0.5478939595912563,0.3942853882279099,0.10103273084000941,3.4121271918302134
34.949185230934,3.375448018600157,13.160816453173101,11.666524063419793,0.06018737282725973,0.5842581426618298,0.18320128607775293,0.09618120379415585,3.3977506931862336,0.5505020339424345,0.39335686233638284,0.10015182246602317,3.412043284700198
42.278967365656634,3.3761538163124034,13.255938208798582,11.571402317511172,0.06785003418678567,0.587484833340179,0.18173087587835207,0.09639287229118343,3.3977112085214385,0.5539110057269762,0.39206319935977885,0.09909776405121651,3.4119264972144094
49.60874950037927,3.3766795336814743,13.333906949486467,11.493433570786463,0.07413091184968894,0.5905315035718809,0.1802508864830616,0.09660512064944671,3.3976736059397643,0.5570868532755427,0.3907791143336028,0.0982325652680971,3.4118107174843226
56.9385316351019,3.377072897701648,13.395251201772226,11.432089300764382,0.07907258182298418,0.5934317365516354,0.17876314117761333,0.09679666121404229,3.397638017514957,0.5600870003783799,0.3895027843557105,0.09753227674398968,3.4116957895752535
64.9385316351019,3.3773901208343386,13.443925109382926,11.383415364075166,0.0829935754912825,0.5964555215775454,0.17713247086582118,0.09696559291222373,3.3976016149345027,0.5632071262477225,0.38811664189185496,0.09693443552507919,3.4115711593332323
72.9385316351019,3.3776223310477964,13.474548689261518,11.352791748176612,0.08546050086153872,0.5993524112237915,0.17549685005469945,0.09708211129014699,3.3975679014417297,0.5662062517230734,0.38673545237434864,0.09649014054549632,3.4114471819153436
80.9385316351019,3.3777928445563137,13.488350114769881,11.338990284034391,0.08657229492667726,0.602137570263744,0.17385849771014017,0.09714089467879283,3.39753700995279,0.5691149150013387,0.385356995220126,0.09618148374252122,3.4113236723944844
88.9385316351019,3.3779179316005905,13.486756744297445,11.340583620282818,0.08644394019047241,0.6048218735818656,0.17221942348461153,0.09714084304066484,3.3975090584302423,0.5719551562052976,0.38397925979475894,0.09599207897735273,3.4112004665593894
96.9385316351019,3.378009585419704,13.471407593515602,11.355932750229309,0.08520746941673238,0.607413872176055,0.17058141618573192,0.09708391045684639,3.397484150746691,0.5747433647757569,0.3826004561375439,0.09590592933134212,3.411077421889032
104.9385316351019,3.378077288810806,13.444118829097912,11.383221512211502,0.08300918616778824,0.6099208658774459,0.16894602988067314,0.09697409596534401,3.397462377539077,0.5774918286620255,0.38121903046993777,0.09590685372395585,3.410954418846218
112.9385316351019,3.3781292176269537,13.406831319925406,11.420509026707904,0.08000544019147146,0.6123495149657984,0.1673145875947471,0.09681660792933311,3.3974438173662938,0.5802098379976789,0.3798336606543914,0.09597826055672,3.4108313604037037
120.9385316351019,3.3781728751783513,13.361550838023835,11.465789482026779,0.07635781076536373,0.6147061129470947,0.16568818019049342,0.0966172156723224,3.3974285380064053,0.5829043196989935,0.37844325627387565,0.09610318611223542,3.410708172001251
128.9385316351019,3.378215334015311,13.310287639157638,11.51705254734799,0.07222823978611753,0.6169966920494578,0.16406765876638912,0.096381782487311,3.3974165979263935,0.585580181737127,0.37704696614547284,0.09626451945815995,3.4105848021475524
136.9385316351019,3.378263285537535,13.254997103443861,11.572343243209684,0.06777422940758036,0.619227082692112,0.16245362019928003,0.09611595091391534,3.3974080479075575,0.5882405426563008,0.3756441934034787,0.09644537086037441,3.4104612236246674
144.9385316351019,3.37832303258685,13.197519314031876,11.629821032621892,0.06314402829787155,0.6214029661218665,0.16084644344201057,0.09582494543416376,3.397402932958234,0.5908872565251981,0.37423455892644497,0.09662957069477796,3.4103374302390166
152.9385316351019,3.3784003461862437,13.13952601148808,11.687814335165474,0.0584722993302131,0.6235298621604808,0.1592462976374452,0.09551347153315914,3.397401294008165,0.5935211618725459,0.3728178934518663,0.0968021981260967,3.410213436031845
160.9385316351019,3.378500267312995,13.082476175565157,11.744864171088315,0.053876572592969435,0.6256130857660134,0.15765315833063304,0.09518568521248838,3.397403169644483,0.5961423146615742,0.3713942214086902,0.09695007991792526,3.4100892737794966
168.9385316351019,3.378626921165099,13.027584674974594,11.799755671679078,0.04945471347924755,0.6276576921529127,0.15606683520879489,0.0948452096953778,3.397408597747424,0.5987502372526218,0.36996373312373454,0.09706220160448886,3.409964992513996
176.9385316351019,3.3787833794836515,12.975805809801983,11.851534536851991,0.04528359692388591,0.6296684205808115,0.15448700489632347,0.09449518061102768,3.3974176168938657,0.6013441463496519,0.3685267519889048,0.09712998133776773,3.4098406546403055
184.9385316351019,3.378971592256344,12.927832452301889,11.899507894351915,0.04141903818902528,0.631649644282941,0.15291324397192968,0.09413830520314281,3.3974302674800234,0.603923137034443,0.3670837014363076,0.09714738091809982,3.40971633307093
192.9385316351019,3.3791923942949498,12.88410940553799,11.94323094111579,0.03789686898737898,0.6336053324662672,0.1513450602231155,0.09377692496091683,3.3974465925558937,0.606486321288001,0.3656350736864163,0.09711085569325917,3.40959210854824
200.9385316351019,3.3794455801775616,12.844858095889663,11.982482250763729,0.03473492662061043,0.635539028111739,0.1497819212472617,0.09341307456639036,3.397466638379523,0.6090329271443101,0.3641814011487428,0.0970191661454427,3.409468067229683
208.9385316351019,3.3797300328273834,12.810108927201425,12.017231419452223,0.031935660311519065,0.6374538425158245,0.14822327962152965,0.09304853311945749,3.3974904547132048,0.6115623642750133,0.3627232312518713,0.09687308681466078,3.409344298599789
216.9385316351019,3.380043886753449,12.77973749851384,12.04760284813996,0.02948904877249823,0.639352465116319,0.1466685939716803,0.09268486603276571,3.397518094898598,0.614074260723381,0.3612611053743011,0.09667505311087599,3.409220893761522
224.9385316351019,3.380384706606661,12.75350129014489,12.073839056508419,0.027375555502387107,0.6412371857024467,0.14511734560467845,0.092323457672423,3.3975496157575504,0.6165684757363197,0.35979554221186383,0.0964287847582801,3.4090979441289684
232.9385316351019,3.380749664363898,12.73107416733499,12.096266179318246,0.025568908274232763,0.6431099255703788,0.14356905077145637,0.09196553581844924,3.3975850773679617,0.6190450942581133,0.35832702551521756,0.09613891805563846,3.408975540507967
240.9385316351019,3.381135702749441,12.7120769274742,12.115263419179191,0.02403855990863118,0.644972274244692,0.14202326893813605,0.0916121894879085,3.3976245427609113,0.6215044086956741,0.356855995818937,0.09581067021846135,3.4088537725243584
248.9385316351019,3.3815396771085178,12.696102949731472,12.131237396922046,0.02275175451427532,0.6468255287811218,0.14047960762258827,0.09126438176714036,3.3976680775791324,0.6239468929228288,0.3553828456052395,0.09544954993386057,3.4087327283443627
256.93853163510187,3.3819584720046225,12.682738686498613,12.144601660154374,0.021675178203966305,0.6486707332328342,0.13893772442188546,0.09092295917269144,3.3977157497295094,0.6263731724934557,0.3539079172767768,0.09506112033853498,3.408612494626149
264.93853163510187,3.382389091948092,12.671579223924732,12.1557611227292,0.02077621259439731,0.6505087164891878,0.13739732685130676,0.09058865880973066,3.397767629054722,0.6287839940008806,0.35243150331781514,0.09465081459429658,3.408493156642417
272.93853163510187,3.382828727820802,12.662239440671131,12.165100905982325,0.020023833715068648,0.6523401272940954,0.13585817056553773,0.09026211430175213,3.3978237870421646,0.6311801956112777,0.3509538480731525,0.09422380018289811,3.4083747985184907
280.93853163510187,3.3832748018454875,12.654361441981159,12.172978904672553,0.01938921086943936,0.6541654657608195,0.1343200564575881,0.08994386118007203,3.3978842965821854,0.6335626800545976,0.3494751506492503,0.09378488573313248,3.408257503537084
288.93853163510187,3.3837249945349335,12.647618981069435,12.179721365584196,0.01884606280625242,0.6559851110958677,0.13278282704547512,0.08963434217587718,3.3979492317828415,0.6359323907773744,0.3479955685275507,0.0933384632384966,3.4081413544683534
296.93853163510187,3.384177257144925,12.641719541386173,12.185620805267575,0.01837082545896117,0.6577993455284487,0.13124636247167032,0.08933391266274615,3.3980186678445543,0.6382902915354922,0.3465152215649918,0.09288847850995907,3.408026433891247
304.93853163510187,3.3846298129279626,12.636404674088991,12.190935672564526,0.017942679131335484,0.6596083746295905,0.12971057636264754,0.08904284635402337,3.3980926809953287,0.6406373494121996,0.34503419613439884,0.09243842327328355,3.407912824478906
312.93853163510187,3.3850811500891993,12.631449089117556,12.195891257536092,0.017543475277655814,0.6614123443168288,0.12817541172915092,0.08876134126100954,3.39817134848521,0.6429745210621509,0.3435525492241384,0.09199134318351199,3.407800609226792
320.93853163510187,3.3855300088851226,12.626658901350334,12.200681445303369,0.017157595219593515,0.6632113548959581,0.12664083703307114,0.0884895258567111,3.3982547486373162,0.6453027418789045,0.3420703123711547,0.09154985699465534,3.407689871607457
328.93853163510187,3.385975364845966,12.621869344623313,12.205471002030315,0.01677176599583384,0.6650054725078093,0.1251068425035171,0.08822746535673254,3.3983429609518567,0.6476229177367617,0.34058749534480154,0.09111618306669111,3.4075806956404833
336.93853163510187,3.386416409682684,12.616942190350445,12.210398156303162,0.016374852415558045,0.6667947383392849,0.12357343675144232,0.08797516801624461,3.3984360662589017,0.6499359189484298,0.3391040895321271,0.09069217024541665,3.407473165870641
344.93853163510187,3.3868525310774285,12.611763045464565,12.215577301189171,0.01595763939043091,0.668579175934597,0.12204064370736431,0.0877325913428697,3.398534146915202,0.6522425760930628,0.3376200710000827,0.0902793308825105,3.4073673672519136
352.93853163510187,3.387283292258493,12.606238655858865,12.221101690794688,0.01551261470969799,0.6703587969124299,0.12050849988860175,0.08749964813469102,3.398637287039944,0.6545436773942469,0.33613540322826096,0.0898788743664225,3.4072633849402543
360.93853163510187,3.387708412065256,12.600294376200074,12.227045970453288,0.015033765217509279,0.6721336059563701,0.11897705164749621,0.08727621219335369,3.398745572745672,0.6568399685246865,0.3346500399049715,0.08949173982320602,3.4071613040457898
368.93853163510187,3.388127745795835,12.593871547071158,12.23346879958268,0.014516365525115793,0.6739036029938624,0.11744635381229696,0.0870621239475673,3.398859092501558,0.6591321497369431,0.33316392619219465,0.08911862803687409,3.4070612091801777
376.93853163510187,3.3885412674386046,12.586925321929314,12.240415024724093,0.013956802958635306,0.6756687856250742,0.11591646773269497,0.08685719555898341,3.3989779374512468,0.6614208766924318,0.3316770007314906,0.08876003093338536,3.406963184080758
384.93853163510187,3.388949053524716,12.579422752949947,12.247917593703935,0.013352423361396998,0.6774291515501775,0.1143874593239417,0.086661215567581,3.3991022017143138,0.6637067628665104,0.3301891976129462,0.08841625875213666,3.40686731125424
392.93853163510187,3.3893512685497402,12.57134101538773,12.25599933126574,0.012701388055224973,0.6791847001728234,0.1128593976575144,0.08647395318559337,3.3992319827119957,0.6659903811174583,0.32870044776262597,0.08808746514409904,3.4067736716112287
400.93853163510187,3.3897481520370483,12.56266584958331,12.264674497070159,0.012002548333910283,0.6809354333445735,0.11133235398315726,0.08629516224218925,3.3993673815088195,0.6682722645944128,0.3272106799239624,0.08777367008084269,3.4066823441579204
408.93853163510187,3.3901400073561447,12.553390296627107,12.273950050026514,0.011255343613084928,0.6826813557913797,0.10980640087854258,0.0861245847284966,3.3995085031420005,0.6705529079969436,0.3257198215239069,0.0874747804399938,3.4065934058312366
416.93853163510187,3.390527192212654,12.543513702774826,12.283826643879044,0.01045972122949466,0.6844224756119603,0.10828161141726575,0.08596195392827788,3.399655456919838,0.6728327693319616,0.32422779950260544,0.0871906083474423,3.4065069315339906
424.93853163510187,3.3909101105323547,12.533040923965656,12.294299422687988,0.009616072359915372,0.6861588048430691,0.10675805840771309,0.08580699716807327,3.3998083566797606,0.6751122716642016,0.3227345410613417,0.08692088747596749,3.406422994400379
432.93853163510187,3.3912892054020816,12.521981676487197,12.305358670166264,0.008725179713022753,0.6878903599529161,0.10523581374894009,0.08565943823090905,3.3999673209956107,0.67739180455974,0.3212399743025497,0.08666528747369728,3.406341666306866
440.93853163510187,3.3916649525814107,12.51034993841039,12.316990408243466,0.0077881693112160175,0.6896171623513498,0.10371494778020593,0.08551899945425401,3.4001324733574068,0.6796717241864604,0.3197440288500122,0.08642342676805015,3.406263018614574
448.93853163510187,3.3920378546158125,12.4981635722241,12.329176774429719,0.006806480091499505,0.6913392381645422,0.10219552905835756,0.08538540359830282,3.4003039421190424,0.6819523570189099,0.31824663623261834,0.08619488336508763,3.4061871230978062
456.93853163510187,3.392408434893871,12.485443770437442,12.341896576216289,0.0057818192451089935,0.6930566188555047,0.10067762382360504,0.08525837537930947,3.4004818604991796,0.6842340002069294,0.31674773032706416,0.08597920458120267,3.4061140530335594
464.93853163510187,3.3927772313984246,12.472214480670694,12.355125865983046,0.004716115904997826,0.6947693415236567,0.09916129553860134,0.08513764279612879,3.4006663664535934,0.6865169222814836,0.3152472477507036,0.08577591540270202,3.406043884313881
472.93853163510187,3.3931447901678853,12.45850181599916,12.3688385306544,0.003611473645297033,0.6964774487586871,0.09764660457229364,0.08502293827439811,3.400857602381629,0.6888013647035405,0.313745128164564,0.08558452558820306,3.4059766964431164
480.93853163510187,3.393511658716909,12.444333438370588,12.38300690828298,0.0024701208116267147,0.698180988256696,0.09613360798858844,0.08491399962828883,3.401055714687331,0.6910875437593295,0.3122413144922004,0.08540453571388618,3.40591257330154
488.93853163510187,3.3938783798208263,12.42973793414127,12.397602412512667,0.0012943602165962618,0.6998800123211237,0.09462235940746208,0.08481057084985189,3.401260853223288,0.6933756524748673,0.31073575306459594,0.08523544231513025,3.4058516035829856
496.93853163510187,3.3942454861489653,12.414744216828645,12.412596129824992,8.652102777258841e-05,0.7015745772609058,0.0931129089322981,0.0847124027439552,3.401473170650739,0.6956658625053193,0.30922839369558786,0.08507674223445605,3.4057938808468236
504.93853163510187,3.394613498075427,12.399381053062728,12.427959293590877,0.0011510794200717436,0.7032647448976258,0.09160530278862367,0.08461925330760334,3.4016928220358964,0.697958328884786,0.3077191891722256,0.08492793608967109,3.4057395036755436
512.9385316351019,3.3949829171755974,12.383676404278676,12.443663942375137,0.0024161886556868625,0.7049505765730015,0.09009958413422119,0.08453088840168732,3.401919963764617,0.7002531854419977,0.3062080962737814,0.08478853174583723,3.405688574054822
520.9385316351019,3.3953542272778305,12.36765693325787,12.459683413395632,0.003706658822605901,0.7066321340848899,0.08859579299948724,0.08444708189309758,3.402154753147255,0.7025505489083448,0.30469507545510466,0.08465804661456033,3.405641196197286
528.9385316351019,3.3957278982985426,12.351347567609912,12.475992779043395,0.005020481843528753,0.7083094807780356,0.08709396622767654,0.08436761572459073,3.4023973485665158,0.7048505239337136,0.3031800902201676,0.08453600949821372,3.40559747584438
536.9385316351019,3.3961043900560552,12.334770883405952,12.492569463247705,0.006355839072509516,0.709982680159075,0.08559413770071966,0.0842922800396062,3.402647910047891,0.7071532054295644,0.3016631067849267,0.0844219622228497,3.4055575192734837
544.9385316351019,3.3964841568092856,12.31794626498992,12.509394081663503,0.007711168977444934,0.7116517936553427,0.08409633870767383,0.08422087326441297,3.40290660046755,0.7094586802314784,0.3001440938518637,0.08431546095124975,3.405521431865602
552.9385316351019,3.396867653277954,12.300888955043478,12.526451391610152,0.009085243663527464,0.7133168785862297,0.08260059840253454,0.08415320210491029,3.4031735876765277,0.7117670297743818,0.2986230222481794,0.08421607713748536,3.405489316715161
560.9385316351019,3.397255341506299,12.2836091162959,12.54373123035719,0.010477244458299458,0.7149779861265395,0.08110694438134196,0.08408908148195238,3.403449047677598,0.7140783335961187,0.2970998643796343,0.0841233981940297,3.4054612736672234
568.9385316351019,3.397647697355897,12.266110995517984,12.561229351135458,0.011886829257458167,0.7166351590503963,0.07961540336807013,0.08402833442335655,3.403733168827113,0.7163926730270893,0.2955745935475341,0.08403702794497558,3.4054373987715287
576.9385316351019,3.398045215677341,12.24839228918485,12.578948057469107,0.013314183624538439,0.7182884294507187,0.07812600197083616,0.08397079191270507,3.4040261569012804,0.718710134763593,0.2940471831745607,0.08395658690659502,3.4054177839947997
584.9385316351019,3.398448413243046,12.230443756261991,12.596896590391404,0.014760051983530578,0.7199378178396724,0.0766387671739194,0.08391629265805545,3.4043282410449196,0.7210308166067299,0.2925176055323354,0.08388171234640485,3.405402516636138
592.9385316351019,3.398857830439786,12.21224942418366,12.615090922469669,0.01622572102614713,0.7215833284338987,0.07515372789124873,0.08386468296280469,3.4046396790087217,0.723354824387277,0.2909858318327264,0.08381205849301399,3.405391680434044
600.9385316351019,3.399274031033464,12.193786907380309,12.63355343927315,0.017712994052225012,0.7232249496121416,0.07367091543741103,0.08381581640079538,3.4049607630388516,0.7256822770442275,0.28945183108209205,0.08374729632669276,3.4053853557910037
608.9385316351019,3.3996975996202567,12.175027993202258,12.652312353451132,0.01922414376992278,0.7248626536020912,0.07219036413409163,0.08376955352258797,3.405291825191887,0.728013309339811,0.2879155691453979,0.08368711335938439,3.4053836198891068
616.9385316351019,3.400129138990893,12.155939464750846,12.671400881902578,0.02076184601147619,0.7264963945931712,0.07071211222351673,0.08372576160684098,3.405633241254887,0.7303480694586436,0.28637700868163163,0.08363121344756141,3.4053865474617426
624.9385316351019,3.4005692675998036,12.136483791194344,12.690856555458845,0.022329124123809878,0.7281261116039924,0.06923620194571775,0.08368431428676448,3.4059854350615373,0.7326867256555928,0.28483610742149656,0.0835793162898435,3.405394210689562
632.9385316351019,3.4010186174144867,12.116619844561976,12.71072050209124,0.023929291226288795,0.7297517272257805,0.06776268021023724,0.08364509130592968,3.406348880683956,0.7350294641068711,0.28329281791456556,0.08353115708767689,3.40540667952423
640.9385316351019,3.4014778342177854,12.096303493805744,12.731036852847605,0.025565902355199933,0.7313731466901211,0.06629159918775619,0.08360797826591604,3.4067241036764018,0.737376485988033,0.2817470876415503,0.08348648613318055,3.4054240225649473
648.9385316351019,3.4019475790784464,12.075487981908907,12.751852364744382,0.027242724085290097,0.7329902584586339,0.06482301664888422,0.08357286634506611,3.407111682213395,0.7397280075766334,0.28019885878061934,0.0834450682727077,3.4054463078350006
656.9385316351019,3.4024285299015617,12.054124079087718,12.773216267565493,0.02896372218841796,0.7346029349015575,0.06335699622409527,0.08353965202999358,3.4075122481432714,0.7420842615089399,0.2786480677637131,0.0834066823213151,3.405473603162206
664.9385316351019,3.402921383441989,12.032160018338972,12.795180328314196,0.030733066825584007,0.7362110323103801,0.06189360768434297,0.08350823687411335,3.4079264879903084,0.7444454975604538,0.2770946448685159,0.08337112047168915,3.405505976460546
672.9385316351019,3.4034268582446563,12.0095411992342,12.817799147418999,0.032555156408195035,0.737814390442272,0.060432927254985724,0.08347852727417138,3.408355144248863,0.7468119832146521,0.2755385138793057,0.08333818769709911,3.405543496194995
680.9385316351019,3.4039456982713254,11.986209653173011,12.841130693479855,0.03443466067528555,0.7394128317632452,0.05897503798444388,0.08345043425881205,3.4087990173806992,0.7491840047054346,0.27397959173525066,0.08330770114483954,3.405586231921871
688.9385316351019,3.4044786767776114,11.962103299963692,12.865237046689332,0.03637658058074555,0.7410061602994222,0.05752003020072931,0.0834238732890622,3.4092589688074804,0.7515618687237207,0.2724177880960448,0.08327948952685738,3.4056342546317695
696.9385316351019,3.4050266003530494,11.937155062323646,12.890185284329183,0.038386319625814985,0.7425941600464817,0.056068002071843225,0.08339876406967406,3.4097359250833916,0.753945904684939,0.2708530047936509,0.08325339251680042,3.4056876367734494
704.9385316351019,3.405590313324749,11.911291923734394,12.916048422918276,0.04046975975496747,0.7441765930240087,0.05461906027184621,0.0833750303683809,3.4102308833695325,0.7563364674512074,0.26928513516335223,0.08322926016012655,3.405746452000534
712.9385316351019,3.4061707027652237,11.88443401677528,12.942906329877413,0.04263333479636294,0.7457531970845125,0.053173320753986106,0.08335259984056442,3.410744918271026,0.7587339403999045,0.2677140632602518,0.08320695230186459,3.405810774694815
720.9385316351019,3.406768704379452,11.856493820338782,12.970846526313597,0.04488409513123764,0.7473236835615404,0.05173090962949415,0.08333140385810811,3.4112791900462547,0.7611387386831492,0.26613966297443736,0.08318633803538678,3.405880679284125
728.9385316351019,3.40738530971835,11.827375527564552,12.99996481908816,0.04722975861092011,0.7488877348566367,0.0502919641385022,0.08331137734147465,3.411834954185822,0.7635513125133344,0.2645617970617399,0.08316729517414068,3.4059562394130487
736.9385316351019,3.4080215753442316,11.79697461976978,13.030365726882572,0.04967874487929341,0.7504450020880561,0.04885663368755131,0.08329245859423295,3.412413572391869,0.7659721503430691,0.26298031611031936,0.08314970974695957,3.4060375271287824
744.9385316351019,3.4086786345747635,11.76517764243958,13.06216270421243,0.05224019341836854,0.7519951028979512,0.0474250809253909,0.08327458914009256,3.413016525051495,0.7684017818491333,0.26139505746642194,0.0831334755166111,3.4061246123334596
752.9385316351019,3.409357712214092,11.731862128401765,13.095478218250086,0.054923969736940366,0.7535376194422863,0.045997482835016035,0.08325771356339562,3.413645425380255,0.770840780686125,0.2598058441415717,0.08311849352070677,3.4062175627882234
760.9385316351019,3.4100601423298667,11.696896557175219,13.130443789476763,0.05774066864535359,0.7550720965012415,0.04457403183151441,0.0832417793547835,3.4143020355091886,0.7732897670706349,0.25821248371425565,0.0831046716335635,3.406316444936034
768.9385316351019,3.4107873887716673,11.66014018940208,13.167200157249535,0.06070162759300905,0.7565980395617234,0.04315493687121161,0.08322673676404424,3.4149882848977855,0.7757494103833122,0.2566147672217717,0.08309192414744349,3.4064213257445517
776.9385316351019,3.4115410678561653,11.621442584288815,13.205897762362344,0.06381896554163494,0.7581149126395141,0.04174042459819652,0.0832125386621776,3.415706291570771,0.7782204320996394,0.25501246801536714,0.08308017137163759,3.4065322756544063
784.9385316351019,3.4123229725547017,11.580642606353162,13.246697740297943,0.06710566297808628,0.759622135537853,0.04033074057793592,0.08319914041441123,3.4164583867965725,0.7807036094500109,0.2534053405279065,0.08306933924841164,3.4066493725614757
792.9385316351019,3.4131350976617463,11.537566759303084,13.289773587347563,0.07057569613092497,0.7611190802020877,0.03892615069015655,0.08318649976534331,3.4172471439520358,0.7831997802505829,0.25179311888156924,0.08305935898534322,3.40677270659607
800.9385316351019,3.413979665772215,11.492026745068074,13.335313601582262,0.07424423360606319,0.7626050658179783,0.037526942774691846,0.08317457673663498,3.418075412453181,0.7857098493039945,0.25017551525169807,0.08305016670438548,3.406902385327509
808.9385316351019,3.414859154475054,11.443816222703179,13.383524123946906,0.07812789747755537,0.7640793524824886,0.036133428604711186,0.08316333353574823,3.418946357803975,0.7882347968681557,0.2485522178674791,0.08304170310778147,3.4070385389534885
816.9385316351019,3.4157763254811537,11.392706802850684,13.434633543798787,0.08224508595917031,0.7655411332701122,0.03474594621235181,0.08315273447441296,3.419863509109657,0.7907756888216618,0.2469228887169732,0.08303391316380004,3.4071813249365293
824.9385316351019,3.416734257170714,11.338443460837812,13.488896885811256,0.08661634290856676,0.7669895240048166,0.03336486301159482,0.08314274589906123,3.420830814958845,0.7933336901992607,0.2452871603982433,0.08302674580806446,3.407330932115226
832.9385316351019,3.417736381787466,11.280739450360478,13.546600896288071,0.09126476756230559,0.7684235515193367,0.03199057937480685,0.08313333612491114,3.421852709873428,0.7959100805184114,0.24364463253694338,0.08302015366677828,3.407487583599449
840.9385316351019,3.4187865289367645,11.219270892821172,13.608069453826563,0.0962164503991008,0.7698421405170708,0.030623532710548334,0.08312447537225154,3.422934193296417,0.7985062708720055,0.24199486770715023,0.08301409280078076,3.407651538356828
848.9385316351019,3.419888976853467,11.153671210488584,13.673669136158539,0.1015009215842009,0.7712440987220763,0.029264202255469506,0.08311613570661613,3.4240809231330176,0.8011238231948634,0.24033738664832374,0.0830085224682433,3.4078230918721255
856.9385316351019,3.421048512700347,11.083525467567148,13.743814879079173,0.10715160683212677,0.7726281002840005,0.02791311465523469,0.08310829098254313,3.425299326456083,0.803764471655183,0.2386716627219001,0.08300340490515712,3.408002576193561
864.9385316351019,3.4222705031579386,11.008364688042974,13.818975658602614,0.1132062851403442,0.773992667160557,0.02657085056785924,0.0831009167922403,3.426596729613329,0.8064301468602199,0.2369971153229284,0.08299870512129637,3.408190359718234
872.9385316351019,3.4235609787448658,10.92765940334779,13.899680943296453,0.11970760856586284,0.7753361511350761,0.025238050968916126,0.08309399040546417,3.427981516580254,0.8091229998318077,0.23531310348108497,0.08299439071578174,3.4083868464707607
880.9385316351019,3.4249267339974727,10.840812667650342,13.986527678993438,0.12670366488801516,0.7766567119738542,0.023915424944271596,0.08308749072661836,3.4294633163963715,0.8118454301695299,0.23361891808635393,0.08299043170229581,3.4085924760260857
888.9385316351019,3.4263754488866103,10.747151768898531,14.080188577743847,0.13424864533645323,0.7779522922557542,0.022603758674175075,0.08308139826359451,3.4310532281554744,0.8146001185230003,0.2319137729381322,0.08298680034482242,3.408807724778986
896.9385316351019,3.427915838495366,10.64591767649038,14.181422670150642,0.14240369464854102,0.7792205888537748,0.021303925356226962,0.08307569510738055,3.4327640961343553,0.8173900636579539,0.23019679482967897,0.08298347100404868,3.4090331087673844
904.9385316351019,3.4295578398216136,10.536251231162815,14.291089115476872,0.15123802356139845,0.780459020576689,0.02001689583666628,0.08307036492423858,3.434610854488542,0.8202186248259538,0.22846701286649265,0.08298041999383976,3.4092691881238473
912.9385316351019,3.431312834865655,10.417177203233758,14.410163143404175,0.16083019302180784,0.7816646861713584,0.018743752594772074,0.08306539298380944,3.436610946541756,0.8230895756947081,0.22672334457442006,0.08297762544221943,3.409516574451902
920.9385316351019,3.433193913621164,10.28758591460621,14.539754432029886,0.17126959465059302,0.7828343177025895,0.017485705065337878,0.08306076619809488,3.4387848559785086,0.8260071650995655,0.22496458055587923,0.08297506716458347,3.4097759407538724
928.9385316351019,3.4352161627473783,10.146215166614695,14.681125180019855,0.18265790656937625,0.7839642304272393,0.01624410656422246,0.08305647316968567,3.4411567777218486,0.828976182418841,0.22318936752247448,0.08297272655001464,3.410048033956781
936.9385316351019,3.4373969406782727,9.991638740687822,14.835701605945028,0.195110019745233,0.7850502726637697,0.015020473316828615,0.08305250424156085,3.443755443894388,0.8320020226647521,0.2213961892547382,0.08297058646176403,3.4103336904950323
944.9385316351019,3.4397560627954817,9.822272093171554,15.005068253459118,0.20875357923653454,0.7860877872046699,0.013816504417713343,0.08304885151761177,3.44661510556612,0.8350907364644214,0.21958334665195028,0.08296863115622344,3.410633854979474
952.9385316351019,3.442315741809545,9.63641517825615,15.19092516837365,0.22372553453419639,0.7870716075657795,0.012634100041166909,0.08304550879500816,3.449776607768464,0.83824903501919,0.21774893951284416,0.08296684622614592,3.4109496012511493
960.9385316351019,3.4451001179134506,9.432350586526441,15.394989760103522,0.24016423387778485,0.7879961268142914,0.0114753680658575,0.0830424713199589,3.4532885031555294,0.8414842005686878,0.21589085995278184,0.08296521857203665,3.4112821534538718
968.9385316351019,3.44813403790719,9.208536657722163,15.61880368891003,0.25819386779590686,0.7888554811354866,0.010342615579342017,0.08303973528468944,3.4572078133509136,0.8448038482646916,0.2140068008950195,0.08296373639308818,3.4116329054876564
976.9385316351019,3.4514409832935256,8.9638962843085,15.863444062327972,0.27790120414365843,0.7896438878368097,0.009238312278246391,0.08303729700036744,3.4615998578552585,0.8482154876506346,0.21209429265718382,0.08296238917881738,3.4120034347599315
984.9385316351019,3.4550412094117493,8.698050996667186,16.129289349976112,0.2993167310533348,0.7903560520791614,0.008165020552968381,0.08303515204646317,3.4665365023336703,0.8517259949375456,0.21015077284962932,0.08296116762733607,3.412395506903244
992.9385316351019,3.458954059597055,8.411002583279176,16.416337763372184,0.32244030445137956,0.7909872303837703,0.007125322218855876,0.0830332955591917,3.472093100730226,0.8553415493640617,0.20817365636420931,0.08296006334511397,3.41281107843038
1000.9385316351019,3.4632092702106814,8.101751947231483,16.725588399422087,0.347352407941392,0.7915321204877894,0.0061218584996640246,0.08303172581661133,3.4783481553776006,0.8590690077718558,0.2061603061016474,0.082959068243186,3.4132523260156384
1006.0616299901218,3.466132012299324,7.891259886041573,16.93608046061754,0.3643088807857377,0.7918329792889167,0.005499554374808324,0.08303087195054015,3.48275612514688,0.8615183791864215,0.20485068282747426,0.08295848471057354,3.4135494991765283
1011.1847283451417,3.4692008527302853,7.673177511951301,17.154162834767817,0.38187680155979437,0.7920962066113029,0.004893919101271428,0.08303013229576539,3.487500616158637,0.8640165641414077,0.20352439090099508,0.08295794127952316,3.4138588826287313
1016.3078267001616,3.4723417840916504,7.457367607064393,17.369972739951905,0.39926166051143686,0.7923283546924513,0.004305173731048394,0.08302948565836488,3.492572334123121,0.8665551135282042,0.20218120419943228,0.08295743793872656,3.4141810550723783
1019.58146582132,3.474310630722756,7.330011930382077,17.49732841713712,0.4095209694148918,0.7924677078045218,0.003937547164597812,0.08302910003810826,3.4959515211500074,0.8681889066873822,0.20131433082410283,0.08295713801493942,3.4143937736068883
1022.8551049424783,3.476178151920704,7.219156138454098,17.608184209991126,0.4184511077900187,0.7926083566758689,0.003575879658702623,0.08302871275394708,3.4993808171689755,0.8698209677721166,0.2004414991063561,0.08295685591002222,3.414611748693113
1026.1287440636365,3.4778914652972044,7.13047853530974,17.696861814603,0.42559465217616305,0.7927578049740112,0.003219203553373934,0.08302830334524725,3.50278361041588,0.8714415332891203,0.19956367940606312,0.08295659210059547,3.4148347729309405
1029.4023831847949,3.4794313077397074,7.065374069175136,17.76196628277884,0.4308392306325096,0.7929215041045659,0.0028663753613784953,0.08302785737299612,3.5060702106415746,0.8730435974406476,0.19868201455952278,0.08295634635983884,3.4150625596369877
1032.1912770123308,3.4806328848887715,7.024630795187791,17.802709558998075,0.43412136029556725,0.793073022165576,0.002568002175738743,0.08302744688084474,3.50871650225358,0.8743928252754232,0.19792869273349875,0.08295615038500248,3.415260154384119
1034.9801708398668,3.4818040049430166,6.988604748949011,17.838735608153858,0.4370234873211982,0.7932317143152424,0.002271220315943756,0.08302701930498113,3.511197351066653,0.8757327589866617,0.1971737788316696,0.08295596519207127,3.4154609035695325
1037.7690646674027,3.4830622127694575,6.943451909011944,17.883888452464564,0.44066083562298464,0.7933884602528278,0.0019761005235378122,0.08302659932286982,3.5135384790352844,0.8770752069061098,0.1964172025208381,0.08295578862514219,3.415664891369331
1040.5579584949387,3.48457810133682,6.869793761013959,17.957546608398257,0.44659446773479217,0.7935279720050161,0.0016834191616465807,0.08302622747180965,3.515828843689267,0.8784400034890192,0.19565818787259306,0.0829556178825035,3.4158724782477514
1043.3468523224747,3.486583505459498,6.742088239864612,18.08525214718744,0.45688195952297145,0.7936275975522671,0.0013949037700083128,0.08302596305367071,3.5182382858401815,0.8798565532796693,0.19489500740373084,0.08295544955144951,3.416084417322348
1046.8848108104505,3.4903280910270245,6.449296600354805,18.37804386084849,0.48046818925981005,0.7936452980219791,0.0010397637683253022,0.08302591617195176,3.52191386964797,0.8817946073208339,0.19391597831332685,0.0829552330922061,3.4163616586342807
1050.4227692984264,3.496268617038813,5.92180875506383,18.905531591589824,0.5229606818628089,0.7934519980230141,0.0007062525608164881,0.08302642974327412,3.527190062467902,0.8840065150217885,0.1929153144996427,0.08295500430838665,3.4166524637443865
1052.8375966430513,3.502269724318082,5.358034874156424,19.469305472496945,0.5683762497839416,0.7931284548197118,0.0004988243992838162,0.0830272972517303,3.5325885017981298,0.8857648983008828,0.19221210318209025,0.08295483535351167,3.4168622722091024
1055.2524239876761,3.510554686403372,4.560930543151201,20.26640980350254,0.6325880678744643,0.7925780682942962,0.0003161303684705634,0.0830287959919751,3.540579152666519,0.8878176415898452,0.19148416017986694,0.08295465156267134,3.417085119510682
1056.5063683910264,3.5160170888107722,4.031189507338721,20.796150839315757,0.6752620739030039,0.7921770732075251,0.00023416145632836633,0.0830299064432074,3.5463443894105864,0.8890330540491611,0.19109326459241321,0.08295454916089806,3.417207470441371
1057.7603127943767,3.5224158747674745,3.4105466026639726,21.416793743992525,0.7252588029935938,0.7916824939126584,0.00016313272120367515,0.08303129790783004,3.5537170731567924,0.8903699100139455,0.19069142911476442,0.08295444173778233,3.4173353821777503
1059.014257197727,3.529792012177713,2.698682074576295,22.12865827208088,0.7826040134066752,0.7910874849694038,0.00010479434080552941,0.08303300446908768,3.563257929846902,0.891837080484777,0.19027690463437322,0.08295432982368744,3.417469725639664
1060.2682016010772,3.5379585913874894,1.9207644019804802,22.90657594467305,0.8452702242639203,0.7904007080719956,6.067443342921944e-05,0.08303501933550095,3.5756464753081536,0.8934233389183509,0.18984816189082088,0.08295421549744031,3.41761130435698
1061.5221460044274,3.5461885948279965,1.1594258193083131,23.667914527366925,0.9066008840972147,0.7896676749532163,3.133264194893962e-05,0.0830372244830011,3.5912972895361235,0.8950695090518515,0.18940465941990575,0.08295410377180357,3.417760508363712
1062.344871721533,3.5509379646866424,0.7427275871470319,24.084612759615265,0.940168574102397,0.7892065786202564,1.9536542970117097e-05,0.08303864107876802,3.6027710539904754,0.8961238019440372,0.1891062201233336,0.0829540357284051,3.4178623660821605
1063.1675974386387,3.5547461691679723,0.4349348406477754,24.392405506046593,0.9649632353240756,0.7887924602328235,1.234523164926734e-05,0.08303993312895397,3.6140719704187463,0.897117207047994,0.18880316529459706,0.08295397401193405,3.4179668288107434
1063.9903231557444,3.557562230397638,0.23820688995504163,24.589133456698846,0.9808109216187543,0.7884342033889193,8.308961027400592e-06,0.08304106620858942,3.62393077945514,0.8980382305138251,0.18849694065760683,0.08295391879564207,3.4180732698281373
1064.81304887285,3.559606517408688,0.126028848482217,24.701311498039782,0.9898475755527307,0.7881236456778489,6.145581723165538e-06,0.08304206006886172,3.631550101153259,0.8988973526158435,0.18818884254608567,0.08295386896971824,3.4181811169008767
1065.6357745899556,3.5611624672668976,0.06629831780922768,24.761042028230065,0.9946592492638607,0.78784712926454,4.983357205127798e-06,0.08304295418635643,3.6369462408936366,0.8997122458472523,0.1878797498533616,0.08295382315968958,3.418289978943264
1066.5027880229832,3.5625050019554023,0.034498551491927515,24.79284179318606,0.9972209224187489,0.7875804909413985,4.314587373820222e-06,0.08304382464922622,3.6407137448683367,0.9005388269441356,0.1875534674144885,0.08295377809183346,3.418405566011072
1067.3698014560107,3.5636842228327295,0.01922140632265433,24.808118909332705,0.9984515923531561,0.7873313921990264,3.9456461842673615e-06,0.08304464527008992,3.6430656226895275,0.9013426399498013,0.18722688534792847,0.08295373557674957,3.418521924181514
1068.2368148890382,3.564759783036685,0.013988442211632174,24.81335185627761,0.9988731401673719,0.7870963174990723,3.7223888456750016e-06,0.08304542631887024,3.644581618217302,0.9021282550113122,0.186900157291599,0.08295369523701801,3.418638987111334
1069.1038283220657,3.5657969758773747,0.01191147548917653,24.815428802170523,0.9990404521934435,0.7868712409765309,3.5555124846276633e-06,0.0830461802286937,3.645759226329871,0.9029008961089707,0.1865733728408796,0.0829536566993232,3.4187567169752207
1069.9708417550933,3.566819494702414,0.010578585395279493,24.816761665953692,0.9991478238989846,0.7866543892512563,3.4072963581393218e-06,0.08304691225907757,3.646851332449893,0.9036628641986636,0.18624656968894232,0.0829536197660179,3.418875099773499
1072.2594235728895,3.5694727970840976,0.008830857333187097,24.818509274302965,0.99928860967638,0.7861167010814647,3.0787627298118136e-06,0.08304875161806713,3.649443763800943,0.9056295826633838,0.1853837996455464,0.08295352915021859,3.419190771322846
1074.5480053906858,3.5721084971768042,0.005892139628926512,24.821448207024616,0.9995253507184669,0.7856207510122545,2.7535501573033747e-06,0.08305047931160647,3.652339000804062,0.9075425767163483,0.18452095001268826,0.08295344716599296,3.419511058270279
1076.8365872084821,3.5747145070284367,0.004318718330270853,24.823021628323357,0.9996520998004651,0.785160730571728,2.496654428732553e-06,0.08305210899225202,3.6548554372792976,0.9094085829582993,0.18365807242293855,0.08295337264393776,3.4198359925067443
1079.1251690262784,3.5773038559466075,0.0038092439698356145,24.823531102683717,0.999693141197029,0.7847312105984652,2.336057723921763e-06,0.08305365458715563,3.656490199656356,0.9112343719010327,0.18279518834807323,0.08295330458747951,3.4201656159223845
1085.6210227322533,3.58472037479049,0.0018460068837266054,24.825494339769826,0.9998512924173125,0.7836367757560696,2.0693250449251976e-06,0.0830576998465622,3.659324519276018,0.9162544081223801,0.1803459040226662,0.08295313973392293,3.4211272947157156
1092.1168764382282,3.5923025607424286,0.00015392987454853488,24.82718641677912,0.9999875999706478,0.7826984662421136,1.987556511170986e-06,0.08306129390906136,3.660226465639673,0.9210719930901446,0.17789644118861392,0.08295300814583584,3.4221284265072915
1098.6127301442032,3.6001608357650805,0.0,24.82734019075149,0.9999999937205469,0.7818783784402326,1.9663333276736055e-06,0.08306453344805309,3.660284657305598,0.9257364685743547,0.17544688399860905,0.08295290148857681,3.423170184179628
1106.6127301442032,3.6104028161027792,1.6002172987862076e-05,24.827324206504137,0.9999987053658584,0.7809939004453031,1.8652718681658012e-06,0.08306813326126772,3.660283430200029,0.93131893565084,0.17243006168166236,0.08295279610832651,3.4245107869621925
1106.6205426442032,3.610413201248092,1.5763404327904587e-05,24.82732444516928,0.9999987245960215,0.7809930898170138,1.86517149033866e-06,0.08306813661191459,3.660283448880887,0.9313243181492763,0.17242711557244267,0.08295279601700933,3.424512127807528
1106.6283551442032,3.6104235834076244,1.5470016491745424e-05,24.8273247384545,0.9999987482261424,0.7809922801200027,1.8651527924132606e-06,0.08306813995880713,3.660283471755302,0.9313296988383132,0.1724241694682897,0.08295279592574101,3.4245134687338705
1106.6361676442032,3.610433965058844,1.5163035759131047e-05,24.827325045331335,0.999998772951206,0.7809914708011838,1.8651611567815485e-06,0.08306814330423151,3.660283495663357,0.9313350788378082,0.17242122336579718,0.08295279583450377,3.4245148097292257
1106.6439801442032,3.6104443475618453,1.4864107812387214e-05,24.827325344156485,0.9999987970276109,0.7809906615583534,1.8651668662780932e-06,0.08306814664943563,3.6602835189393574,0.9313404587591011,0.17241827726305053,0.08295279574328607,3.4245161507870554
1106.7221051442032,3.6105482144831305,1.2170647488872825e-05,24.827328036581022,0.9999990139612327,0.780982574508272,1.8652022779505042e-06,0.08306818008446104,3.6602837283084364,0.9313942511753737,0.17238881623269114,0.08295279483223528,3.4245295648261305
1106.8002301442032,3.6106521582127784,9.980006128672639e-06,24.82733022617829,0.9999991903892578,0.7809744971930476,1.8651952217780145e-06,0.08306821348868709,3.660283898079291,0.9314480313176897,0.1723593551961494,0.08295279392323174,3.4245429851592215
1106.8783551442032,3.6107561781742437,8.183881972451916e-06,24.82733202125332,0.9999993350362129,0.7809664299251095,1.8651823257443007e-06,0.08306824686079128,3.6602840368304173,0.9315017985034839,0.17232989415663194,0.08295279301628167,3.4245564117961265
1107.6596051442032,3.611800733858389,8.543439803592926e-09,24.82734018569209,0.9999999931726494,0.7808863014921024,1.8651806769920346e-06,0.083068578842596,3.6602846565249103,0.9320387645257984,0.17203528372255422,0.08295278405850581,3.4246910258059393
1108.4408551442032,3.6128534582356755,0.0,24.827340182539395,0.9999999933897787,0.7808071451244456,1.8651697730625573e-06,0.08306890771252906,3.660284657305598,0.9325744713242112,0.1717406732323124,0.08295277530006206,3.4248262730612433
1109.2221051442032,3.6139146461316973,0.0,24.82734016996679,0.9999999928833772,0.7807289374062684,1.8651667433525928e-06,0.08306923353716833,3.660284657305598,0.9331089486326922,0.17144606273074148,0.08295276673570573,3.424962155926422
1117.0346051442032,3.625047939849195,0.0,24.82734034665354,0.9999999999999973,0.7799928927258643,1.8648102767253259e-06,0.08307234408650821,3.660284657305598,0.9383939724893982,0.16849996791174,0.08295269070309796,3.4263568136935127
1124.8471051442032,3.637282546412398,0.0,24.827340346653564,0.9999999999999983,0.7793337712726213,1.8645516212353922e-06,0.0830751983339928,3.660284657305598,0.9435791618903584,0.1655538857382583,0.08295262945077919,3.4278178355850626
1132.1692742123269,3.6500000000000643,0.0,24.827340346653557,0.999999999999998,0.7787752686164109,1.864408460888337e-06,0.0830776688648509,3.660284657305598,0.9483620273562184,0.1627927116387638,0.08295258263594096,3.4292494277268104
