dLAMn,coupling,ASR1,ASR2,M_peak,qex_norm
0.0,decoupled,0.005023816419179771,0.005023816419179771,2.2895492691375372e-15,1.687934443146331e-17
0.0,coupled,0.005023816419179771,0.005023816419179771,2.2895492691375372e-15,1.687934443146331e-17
0.025,decoupled,0.005023816419179771,0.005023816419179771,0.9994741256260163,0.007759887060859399
0.025,coupled,0.005023816419179771,0.0051351727545479765,0.9995065813993755,0.012557962632899801
0.05,decoupled,0.005023816419179771,0.005023816419179771,0.9995234295093613,0.016671082782197512
0.05,coupled,0.005023816419179771,0.005252389949672403,0.9995863882556809,0.026616946502424778
0.07500000000000001,decoupled,0.005023816419179771,0.005023816419179771,0.9995838844125797,0.025668346868005978
0.07500000000000001,coupled,0.005023816419179771,0.005375943209398149,0.9996725110764513,0.04103871751519539
0.1,decoupled,0.005023816419179771,0.005023816419179771,0.9996514569985364,0.034722405498520195
0.1,coupled,0.005023816419179771,0.005506360539108659,0.9997491468279204,0.055640667216989535
0.125,decoupled,0.005023816419179771,0.005023816419179771,0.9997249403950565,0.043777192589839205
0.125,coupled,0.005023816419179771,0.005644230287659771,0.9998317687202191,0.07021297923905351
0.15000000000000002,decoupled,0.005023816419179771,0.005023816419179771,0.9998092943279049,0.052684744188549654
0.15000000000000002,coupled,0.005023816419179771,0.005790210021419771,0.999900435216518,0.08427086482044346
0.17500000000000002,decoupled,0.005023816419179771,0.005023816419179771,0.9998843508991851,0.06092032449961592
0.17500000000000002,coupled,0.005023816419179771,0.005945037011771286,0.9999434006121434,0.09638188536393662
0.2,decoupled,0.005023816419179771,0.005023816419179771,0.9999305729683021,0.06648808094659384
0.2,coupled,0.005023816419179771,0.00610954068901977,0.9999614274614881,0.10403698837786
0.225,decoupled,0.005023816419179771,0.005023816419179771,0.9999406067458023,0.06675789661138509
0.225,coupled,0.005023816419179771,0.006284657506735899,0.9999709515327498,0.10549374434304609
0.25,decoupled,0.005023816419179771,0.005023816419179771,0.9999475412409554,0.06399509736338338
0.25,coupled,0.005023816419179771,0.006471448778966438,0.999972942068567,0.10763124626501008
