NP_ratio,L_pos_um,Qn_host_Ahm2,Qp_host_Ahm2,mode,M_peak,M_rms,qex_norm,positive_utilization
0.9000000000000001,78.49210335398179,16.149087735586818,17.943430817318685,LLI,1.0000000000000044,0.5380428572019708,0.09999096867566544,0.763650228358937
0.9000000000000001,78.49210335398179,16.149087735586818,17.943430817318685,LAMn,0.5660426013175638,0.04568642701683413,0.012360044494965975,0.763650228358937
0.9000000000000001,78.49210335398179,16.149087735586818,17.943430817318685,LAMp,0.028411252762922935,0.00888952413659643,0.00617275078664736,0.763650228358937
0.9250000000000002,76.37069515522553,16.149087735586818,17.458473227661422,LLI,1.0000000000000029,0.5454047704474752,0.10270268281521516,0.7848624778240338
0.9250000000000002,76.37069515522553,16.149087735586818,17.458473227661422,LAMn,0.6029667441831312,0.048208589088859805,0.013069986579740577,0.7848624778240338
0.9250000000000002,76.37069515522553,16.149087735586818,17.458473227661422,LAMp,0.03033951102782622,0.008956200851997295,0.006010400322326962,0.7848624778240338
0.9500000000000001,74.3609400195617,16.149087735586818,16.999039721670336,LLI,1.000000000000002,0.551581657451658,0.10501780143995611,0.8060746637188617
0.9500000000000001,74.3609400195617,16.149087735586818,16.999039721670336,LAMn,0.6415075628474256,0.051300444960198734,0.013880211291073152,0.8060746637188617
0.9500000000000001,74.3609400195617,16.149087735586818,16.999039721670336,LAMp,0.03052770788244226,0.00911584600619757,0.006106466916471851,0.8060746637188617
0.975,72.45424924982935,16.149087735586818,16.56316690829417,LLI,1.0000000000000038,0.5571802396320846,0.1071468040946361,0.827286768350446
0.975,72.45424924982935,16.149087735586818,16.56316690829417,LAMn,0.6917272297661177,0.05403663974756528,0.014785327685002281,0.827286768350446
0.975,72.45424924982935,16.149087735586818,16.56316690829417,LAMp,0.030451153859370115,0.009029141236706987,0.0061374528104091155,0.827286768350446
0.9999999999999999,70.64289301858362,16.149087735586818,16.14908773558682,LLI,1.0000000000000073,0.562718558815472,0.10933417833707582,0.8484987657860988
0.9999999999999999,70.64289301858362,16.149087735586818,16.14908773558682,LAMn,0.9999999999999887,0.1929444043737635,0.033667311795490526,0.8484987657860988
0.9999999999999999,70.64289301858362,16.149087735586818,16.14908773558682,LAMp,0.03288517820781536,0.00861382824349798,0.006028199828835376,0.8484987657860988
1.025,68.91989562788646,16.149087735586818,15.75520754691397,LLI,0.9999999999999994,0.5683902929275798,0.11164747262411195,0.86971061609313
1.025,68.91989562788646,16.149087735586818,15.75520754691397,LAMn,0.9999999999954012,0.16127082716352018,0.027738713588536267,0.86971061609313
1.025,68.91989562788646,16.149087735586818,15.75520754691397,LAMp,0.8432359092774565,0.01121089675724914,0.005924724222410505,0.86971061609313
1.05,67.2789457319844,16.149087735586818,15.380083557701733,LLI,1.0000000000000042,0.5739307793249728,0.11398206616033002,0.8909222537077006
1.05,67.2789457319844,16.149087735586818,15.380083557701733,LAMn,0.9999999999687784,0.12922052760352715,0.024035795979679205,0.8909222537077006
1.05,67.2789457319844,16.149087735586818,15.380083557701733,LAMp,1.0000000000000009,0.06274339109737398,0.010962710891498353,0.8909222537077006
1.0749999999999997,65.71431908705453,16.149087735586818,15.022407195894717,LLI,1.0000000000000042,0.5790436925643004,0.11619848169641908,0.9121335611999581
1.0749999999999997,65.71431908705453,16.149087735586818,15.022407195894717,LAMn,0.9999999999890168,0.3728007698454481,0.10134196237096477,0.9121335611999581
1.0749999999999997,65.71431908705453,16.149087735586818,15.022407195894717,LAMp,0.9999999999999927,0.10214797861003415,0.018677933933332322,0.9121335611999581
1.0999999999999999,64.22081183507602,16.149087735586818,14.680988850533472,LLI,1.000000000000001,0.5835813833674095,0.1181749157911434,0.9333443001561468
1.0999999999999999,64.22081183507602,16.149087735586818,14.680988850533472,LAMn,0.999999999985092,0.3766512201400812,0.10366812804258226,0.9333443001561468
1.0999999999999999,64.22081183507602,16.149087735586818,14.680988850533472,LAMp,1.0,0.1367546798575456,0.02732389124194841,0.9333443001561468
1.1250000000000002,62.79368268318543,16.149087735586818,14.354744653854947,LLI,0.9999999999999977,0.69937556843072,0.22420214686019113,0.9545538800208547
1.1250000000000002,62.79368268318543,16.149087735586818,14.354744653854947,LAMn,0.9645168103449543,0.08264213602241348,0.04241377612215672,0.9545538800208547
1.1250000000000002,62.79368268318543,16.149087735586818,14.354744653854947,LAMp,1.0000000000000009,0.16716361191383863,0.03659848494801123,0.9545538800208547
1.15,61.42860262485533,16.149087735586818,14.042684987466801,LLI,0.9999999999999791,0.6920266585703511,0.21321092253828605,0.9757386064651633
1.15,61.42860262485533,16.149087735586818,14.042684987466801,LAMn,0.9999999999721606,0.10457203138083068,0.04878903431063621,0.9757386064651633
1.15,61.42860262485533,16.149087735586818,14.042684987466801,LAMp,0.9999999999999997,0.1943310725189395,0.04619812586508028,0.9757386064651633
1.1749999999999998,60.12161107964564,16.149087735586818,13.743904455818571,LLI,0.9999999999999957,0.6867241211163869,0.20490866896227383,0.9957816899896199
1.1749999999999998,60.12161107964564,16.149087735586818,13.743904455818571,LAMn,0.9999999999990088,0.12776123509775789,0.05426935064782595,0.9957816899896199
1.1749999999999998,60.12161107964564,16.149087735586818,13.743904455818571,LAMp,1.000000000000007,0.21883138187762807,0.05595426027353544,0.9957816899896199
1.1999999999999997,58.86907751548635,16.149087735586818,13.457573112989017,LLI,1.0000000000000036,0.6825166836119945,0.1998078793226799,0.9999961539916509
1.1999999999999997,58.86907751548635,16.149087735586818,13.457573112989017,LAMn,0.9999999999999657,0.1533163932470946,0.06158596828197135,0.9999961539916509
1.1999999999999997,58.86907751548635,16.149087735586818,13.457573112989017,LAMp,1.0001377893836847,0.24186905841451217,0.06670502555434668,0.9999961539916509
