Parameter,Key,Value,matched_LAMn,protocol_sha256,target_capacity_Ahm2,matched_capacity_Ahm2,matching_error_Ahm2,M_peak,M_rms,qex_norm,duration_min,time_s
Mean $R_p$ (nm),rmean_nm,36.5,0.2294239798963945,d12101c63627b75d7d49870717358d827bfe59d440c1af98dd1241d52903c7b5,12.413699072019844,12.413699077201484,5.181638229601049e-09,0.9999999999867618,0.2361506991978987,0.0347304317733322,19.53366078417588,10.905940628999929
Mean $R_p$ (nm),rmean_nm,50.0,0.2294246858868981,d12101c63627b75d7d49870717358d827bfe59d440c1af98dd1241d52903c7b5,12.413670154873031,12.413670161979868,7.106836008574646e-09,0.999999999997344,0.2858085939510462,0.0440161754243041,18.869792168903828,13.357786023000015
Mean $R_p$ (nm),rmean_nm,70.0,0.2294259158628556,d12101c63627b75d7d49870717358d827bfe59d440c1af98dd1241d52903c7b5,12.41362434344874,12.413624353416337,9.96759652593937e-09,0.9999999999940444,0.4763273694402798,0.0816817547090508,15.97927931994512,8.412395178999986
Mean $R_p$ (nm),rmean_nm,100.0,0.2294280261614058,d12101c63627b75d7d49870717358d827bfe59d440c1af98dd1241d52903c7b5,12.413551338468205,12.41355135274623,1.4278025872727085e-08,0.9999999999954238,0.5092117918125214,0.0893205968288689,15.412443321444163,7.575607040000023
PSD CV,psd_cv,0.1,0.2294244578784586,d12101c63627b75d7d49870717358d827bfe59d440c1af98dd1241d52903c7b5,12.413679102191862,12.413679108719474,6.527612228524049e-09,0.9999999999969554,0.2974158711033989,0.040854876033527,18.79836629839116,10.750839592000034
PSD CV,psd_cv,0.25,0.2294246858868981,d12101c63627b75d7d49870717358d827bfe59d440c1af98dd1241d52903c7b5,12.413670154873031,12.413670161979868,7.106836008574646e-09,0.999999999997344,0.2858085939510462,0.0440161754243041,18.869792168903828,13.968815950999897
PSD CV,psd_cv,0.35,0.229424943487794,d12101c63627b75d7d49870717358d827bfe59d440c1af98dd1241d52903c7b5,12.413660269533484,12.413660277270644,7.737158469467431e-09,0.9999999999876776,0.284731852230959,0.0462862321049464,18.88249612295074,14.44015394400003
"$D_{s,n}$",ds_neg,3e-15,0.2294246858868981,d12101c63627b75d7d49870717358d827bfe59d440c1af98dd1241d52903c7b5,12.413670154873031,12.413670161979868,7.106836008574646e-09,0.56346038037282,0.069404260170132,0.0132311530492435,16.90706871277969,8.914745992999997
"$D_{s,n}$",ds_neg,1e-14,0.2294246858868981,d12101c63627b75d7d49870717358d827bfe59d440c1af98dd1241d52903c7b5,12.413670154873031,12.413670161979868,7.106836008574646e-09,0.999999999997344,0.2858085939510462,0.0440161754243041,18.869792168903828,13.731956203000095
"$D_{s,n}$",ds_neg,3e-14,0.2294246858868981,d12101c63627b75d7d49870717358d827bfe59d440c1af98dd1241d52903c7b5,12.413670154873031,12.413670161979868,7.106836008574646e-09,0.9999999999996164,0.367350561283859,0.0649906673151019,20.173180898809093,9.796370490000072
"$j_{0,p}$ multiplier",j0_pos_mult,0.5,0.2294286387570375,d12101c63627b75d7d49870717358d827bfe59d440c1af98dd1241d52903c7b5,12.413541469845894,12.413541484123664,1.4277770077342213e-08,0.9999999998961158,0.2854035406032738,0.0467941983807869,19.142381401227563,11.899532116999922
"$j_{0,p}$ multiplier",j0_pos_mult,1.0,0.2294246858868981,d12101c63627b75d7d49870717358d827bfe59d440c1af98dd1241d52903c7b5,12.413670154873031,12.413670161979868,7.106836008574646e-09,0.999999999997344,0.2858085939510462,0.0440161754243041,18.869792168903828,14.267686099000002
"$j_{0,p}$ multiplier",j0_pos_mult,1.5,0.2294235626525288,d12101c63627b75d7d49870717358d827bfe59d440c1af98dd1241d52903c7b5,12.413709908428674,12.413709913159389,4.730715374989813e-09,0.9999999999981364,0.2743908927628517,0.0397010654827095,18.66537551343406,15.070878251000067
"$j_{0,n}$ multiplier",j0_neg_mult,0.5,0.2295111895453047,d12101c63627b75d7d49870717358d827bfe59d440c1af98dd1241d52903c7b5,12.404298723731326,12.404298751921484,2.8190157763674506e-08,0.7151609841052027,0.075050029810709,0.0115462663190076,17.203880877900243,9.631650244999946
"$j_{0,n}$ multiplier",j0_neg_mult,1.0,0.2294246858868981,d12101c63627b75d7d49870717358d827bfe59d440c1af98dd1241d52903c7b5,12.413670154873031,12.413670161979868,7.106836008574646e-09,0.999999999997344,0.2858085939510462,0.0440161754243041,18.869792168903828,12.587592259999951
"$j_{0,n}$ multiplier",j0_neg_mult,1.5,0.2293840105895637,d12101c63627b75d7d49870717358d827bfe59d440c1af98dd1241d52903c7b5,12.41713695495204,12.417136958100944,3.148905136640678e-09,0.9999999999999988,0.3291997974367351,0.0597385134867407,19.60657117642521,14.345629142999996
$\kappa_e$,kappa,0.55,0.2294251742087631,d12101c63627b75d7d49870717358d827bfe59d440c1af98dd1241d52903c7b5,12.413635370863595,12.413635377976812,7.1132149059849326e-09,0.9999999999959917,0.2794187474395943,0.0408282481184815,18.70629778198068,13.260094534000018
$\kappa_e$,kappa,0.78,0.2294246858868981,d12101c63627b75d7d49870717358d827bfe59d440c1af98dd1241d52903c7b5,12.413670154873031,12.413670161979868,7.106836008574646e-09,0.999999999997344,0.2858085939510462,0.0440161754243041,18.869792168903828,13.504219171000043
$\kappa_e$,kappa,1.2,0.2294242772898667,d12101c63627b75d7d49870717358d827bfe59d440c1af98dd1241d52903c7b5,12.413699259993129,12.413699267094632,7.101505161699606e-09,0.9999999999853292,0.2915469863262042,0.0468296885016726,19.0131240003268,11.737675429999854
$D_e$,de,7.5e-11,0.2294246858868981,d12101c63627b75d7d49870717358d827bfe59d440c1af98dd1241d52903c7b5,12.413670154873031,12.413670161979868,7.106836008574646e-09,0.9999999999994684,0.2638907213037255,0.0394281008314877,18.670173733705376,12.416445575000123
$D_e$,de,1.2e-10,0.2294246858868981,d12101c63627b75d7d49870717358d827bfe59d440c1af98dd1241d52903c7b5,12.413670154873031,12.413670161979868,7.106836008574646e-09,0.999999999997344,0.2858085939510462,0.0440161754243041,18.869792168903828,12.05207691999999
$D_e$,de,3e-10,0.2294246858868981,d12101c63627b75d7d49870717358d827bfe59d440c1af98dd1241d52903c7b5,12.413670154873031,12.413670161979868,7.106836008574646e-09,0.9999999999990976,0.3054614317062026,0.0488608164566413,19.065169660555554,11.564181190999989
$R_{contact}$,rcontact,0.0,0.2294246858868981,d12101c63627b75d7d49870717358d827bfe59d440c1af98dd1241d52903c7b5,12.413670154873031,12.413670161979868,7.106836008574646e-09,0.999999999997344,0.2858085939510462,0.0440161754243041,18.869792168903828,12.010706400000116
$R_{contact}$,rcontact,0.001,0.2294278971922032,d12101c63627b75d7d49870717358d827bfe59d440c1af98dd1241d52903c7b5,12.413441409212153,12.413441416361028,7.148877045892732e-09,0.999999999998356,0.266982965928808,0.0385602570938623,18.611084043325626,10.09747575900019
$R_{contact}$,rcontact,0.003,0.2294343377805859,d12101c63627b75d7d49870717358d827bfe59d440c1af98dd1241d52903c7b5,12.412982645744592,12.41298265297858,7.233987631138916e-09,0.9999999999999992,0.1970219696684258,0.0252316539656965,17.908683559113847,11.498299578999877
