family,s1,s2,M_peak,M_rms,qex_norm,capdiff
common_LLI_plus_dLAMn,0.0,0.0,1.2963735398395428e-16,6.604241400675235e-17,1.4859234809379002e-17,0.0
same_LLI_LAMn_trajectory,0.0,0.0,1.2963735398395428e-16,6.604241400675235e-17,1.4859234809379002e-17,0.0
common_LLI_plus_dLAMn,0.0,0.025,0.9998086440582632,0.0664613500414618,0.0063461079977093,7.140577696837336e-05
same_LLI_LAMn_trajectory,0.0,0.025,0.5389868321529783,0.0273921934817278,0.0041279862065291,-0.0237212477051893
common_LLI_plus_dLAMn,0.0,0.05,0.9998540793293916,0.135015452677336,0.0145443257814453,0.0001428013503229
same_LLI_LAMn_trajectory,0.0,0.05,0.9407784029451752,0.05255279804297,0.0081976685234731,-0.0480119710743238
common_LLI_plus_dLAMn,0.0,0.075,0.99990526011124,0.1810751565721986,0.0224469954606914,0.0002141823078252
same_LLI_LAMn_trajectory,0.0,0.075,0.9997204859274909,0.0875320926603498,0.013120037274537,-0.0728929227117826
common_LLI_plus_dLAMn,0.0,0.1,0.9999406152621692,0.2109869797305607,0.0290205908566683,0.000285536911221
same_LLI_LAMn_trajectory,0.0,0.1,0.9997067296208174,0.1175453551440165,0.0183458896072022,-0.0983858766802842
common_LLI_plus_dLAMn,0.0,0.125,0.99995602423353,0.2219426648248775,0.0322831193456445,0.0003568150802256
same_LLI_LAMn_trajectory,0.0,0.125,0.9996884739441118,0.1437265395282647,0.0236960129484677,-0.1245136919570195
common_LLI_plus_dLAMn,0.0,0.15,0.9999598729482412,0.2111086039491078,0.0310377235080298,-0.0007002751431142
same_LLI_LAMn_trajectory,0.0,0.15,0.9996743405859276,0.1675795502088177,0.0291742772376016,-0.1513003807282417
common_LLI_plus_dLAMn,0.0,0.175,0.9999594532334208,0.1942198999539474,0.0293944689865065,-0.0305325145775196
same_LLI_LAMn_trajectory,0.0,0.175,0.999649036188194,0.1897862376287383,0.0347850344831865,-0.1787711819435408
common_LLI_plus_dLAMn,0.0,0.2,0.999957727657364,0.1743274496962317,0.0276655830356862,-0.0612870483328619
same_LLI_LAMn_trajectory,0.0,0.2,0.9996356645137988,0.2107204392142928,0.0405333241796799,-0.2069526405968922
common_LLI_plus_dLAMn,0.0,0.225,0.999955693352208,0.1518016639071168,0.0261188723973948,-0.0929878396039891
same_LLI_LAMn_trajectory,0.0,0.225,0.9996127354576424,0.2306128375144,0.0464244434496985,-0.2358726932558779
common_LLI_plus_dLAMn,0.0,0.25,0.9999498703905112,0.1262728169345077,0.0249291331237462,-0.1256789267842737
same_LLI_LAMn_trajectory,0.0,0.25,0.999594263792936,0.2496389364393452,0.0524658129925616,-0.265560760414583
common_LLI_plus_dLAMn,0.025,0.0,1.327591324702931e-16,7.194314971244041e-17,1.6696145710296288e-17,0.0
same_LLI_LAMn_trajectory,0.025,0.0,0.5389868321529827,0.0273921934817279,0.0041279862065291,0.0237212477051893
common_LLI_plus_dLAMn,0.025,0.025,0.9997370506884437,0.0713795070583756,0.0068106137767055,7.312456165823442e-05
same_LLI_LAMn_trajectory,0.025,0.025,2.65498849743714e-16,7.125120803110002e-17,1.6791900194249104e-17,0.0
common_LLI_plus_dLAMn,0.025,0.05,0.9997913444411366,0.1397285309680513,0.0152200635579465,0.0001462404846342
same_LLI_LAMn_trajectory,0.025,0.05,0.5484654348796281,0.027863177287083,0.0042610945853344,-0.0242976415385607
common_LLI_plus_dLAMn,0.025,0.075,0.9998435779523812,0.188539678204852,0.0235963339592417,0.0002193452843984
same_LLI_LAMn_trajectory,0.025,0.075,0.95401139511178,0.0537473604643462,0.0084860431096002,-0.0491929400209512
common_LLI_plus_dLAMn,0.025,0.1,0.9998982399353564,0.2254120546169886,0.031599504210481,0.0002924336516593
same_LLI_LAMn_trajectory,0.025,0.1,0.9996939665001086,0.089129785501727,0.0135844261598614,-0.0747082181527073
common_LLI_plus_dLAMn,0.025,0.125,0.9999390649772754,0.2497721740942154,0.0380376976312822,0.0003654904883196
same_LLI_LAMn_trajectory,0.025,0.125,0.9996774018228162,0.1190095096697577,0.0189427626349618,-0.1008669248967766
common_LLI_plus_dLAMn,0.025,0.15,0.9999527917593188,0.2570307415722774,0.0406984021980746,0.0004384396241999
same_LLI_LAMn_trajectory,0.025,0.15,0.9996596470508564,0.1452241813021537,0.0244320588784758,-0.1276937072812141
common_LLI_plus_dLAMn,0.025,0.175,0.9999613283791424,0.2456425032674992,0.0389820366373554,-0.0067449774572772
same_LLI_LAMn_trajectory,0.025,0.175,0.9996342791559196,0.1691823632003102,0.0300561524115075,-0.1552144878068633
common_LLI_plus_dLAMn,0.025,0.2,0.9999584029567812,0.2294061347787942,0.0369302285698702,-0.0375062643555846
same_LLI_LAMn_trajectory,0.025,0.2,0.99961912316782,0.1915336905174139,0.035819957047684,-0.1834565479595692
common_LLI_plus_dLAMn,0.025,0.225,0.9999513087477772,0.2108170743392687,0.0347747721219784,-0.0692316679543356
same_LLI_LAMn_trajectory,0.025,0.225,0.9995910657675248,0.2126384579341978,0.0417288885206744,-0.212448618390417
common_LLI_plus_dLAMn,0.025,0.25,0.999944945188766,0.1902747177497044,0.0327479472858142,-0.1019606838096133
same_LLI_LAMn_trajectory,0.025,0.25,0.9995689045175418,0.2327217465136437,0.0477885414313708,-0.2422209763868599
common_LLI_plus_dLAMn,0.05,0.0,1.3603497368005886e-16,6.810589637259436e-17,1.412258080405025e-17,0.0
same_LLI_LAMn_trajectory,0.05,0.0,0.9407784029452032,0.0525527980429708,0.0081976685234731,0.0480119710743238
common_LLI_plus_dLAMn,0.05,0.025,0.9996560665726488,0.0745999809739581,0.0071844599664627,7.492749241656344e-05
same_LLI_LAMn_trajectory,0.05,0.025,0.5484654348796326,0.0278631772870834,0.0042610945853344,0.0242976415385607
common_LLI_plus_dLAMn,0.05,0.05,0.9997077049748828,0.1430853810372991,0.0157673719431178,0.0001498473523281
same_LLI_LAMn_trajectory,0.05,0.05,1.3601459072659466e-16,6.849827535322601e-17,1.529922711624497e-17,0.0
common_LLI_plus_dLAMn,0.05,0.075,0.9997722624522912,0.1933848151697405,0.0243831759798482,0.0002247579213483
same_LLI_LAMn_trajectory,0.05,0.075,0.5575469403863773,0.0283352291459723,0.0044009612296779,-0.0249027398719461
common_LLI_plus_dLAMn,0.05,0.1,0.999829990574494,0.2332341714421083,0.0329260439293928,0.0002996563075717
same_LLI_LAMn_trajectory,0.05,0.1,0.9656413269459792,0.0549665704845365,0.0087904008097504,-0.0504334637424319
common_LLI_plus_dLAMn,0.05,0.125,0.9998919294515956,0.2645012183053047,0.0410076128363218,0.0003745360561952
same_LLI_LAMn_trajectory,0.05,0.125,0.9996633082313666,0.0906041195428768,0.0140622248418967,-0.0766162266639663
common_LLI_plus_dLAMn,0.05,0.15,0.9999355015149493,0.2850239509458833,0.0472399733807929,0.0004493773424342
same_LLI_LAMn_trajectory,0.05,0.15,0.999643246636256,0.1203875578843759,0.0195605964120427,-0.1034763286036956
common_LLI_plus_dLAMn,0.05,0.175,0.9999483256942808,0.2892445246114425,0.0492040128274912,0.0005240546960554
same_LLI_LAMn_trajectory,0.05,0.175,0.9996219313505046,0.1466555753814839,0.025196805579533,-0.1310403959361175
common_LLI_plus_dLAMn,0.05,0.2,0.9999564664493796,0.2772435825696851,0.0470616846303961,-0.0131380837259275
same_LLI_LAMn_trajectory,0.05,0.2,0.9996007358346488,0.1707353194359532,0.0309755233851957,-0.159336469446565
common_LLI_plus_dLAMn,0.05,0.225,0.9999507061046188,0.2613465579614689,0.0446238457460948,-0.0448761627854654
same_LLI_LAMn_trajectory,0.05,0.225,0.9995725131567464,0.1932435154200097,0.0369013300756403,-0.1883940994548654
common_LLI_plus_dLAMn,0.05,0.25,0.9999436837767044,0.243482800230091,0.0420689871275363,-0.0776344744223117
same_LLI_LAMn_trajectory,0.05,0.25,0.9995556246657584,0.2145312427185079,0.042980399136117,-0.2182444487337759
common_LLI_plus_dLAMn,0.075,0.0,1.3947657038096923e-16,7.633395013471832e-17,1.6685577538401978e-17,0.0
same_LLI_LAMn_trajectory,0.075,0.0,0.9997204859274904,0.0875320926603494,0.013120037274537,0.0728929227117826
common_LLI_plus_dLAMn,0.075,0.025,0.999570888095135,0.0771397250343474,0.0074966226912528,7.682095753904424e-05
same_LLI_LAMn_trajectory,0.075,0.025,0.9540113951117766,0.0537473604643462,0.0084860431096002,0.0491929400209512
common_LLI_plus_dLAMn,0.075,0.05,0.9996235583978796,0.1461159056542627,0.0162491403521166,0.000153635161505
same_LLI_LAMn_trajectory,0.075,0.05,0.5575469403863818,0.028335229145972,0.0044009612296778,0.0249027398719461
common_LLI_plus_dLAMn,0.075,0.075,0.9996798099595988,0.1975929248500766,0.025063724753512,0.0002304412232353
same_LLI_LAMn_trajectory,0.075,0.075,1.3944443293237446e-16,7.195669712825383e-17,1.6504732959985193e-17,0.0
common_LLI_plus_dLAMn,0.075,0.1,0.9997454909498384,0.239095896465119,0.0338926773155166,0.0003072372614693
same_LLI_LAMn_trajectory,0.075,0.1,0.5661440671229597,0.0288017138635295,0.0045477703743291,-0.0255387425978535
common_LLI_plus_dLAMn,0.075,0.125,0.9998195153762184,0.2732120640496648,0.0426079687090773,0.0003840198866646
same_LLI_LAMn_trajectory,0.075,0.125,0.9753646100262174,0.0562048339312111,0.0091116377866834,-0.051738165301396
common_LLI_plus_dLAMn,0.075,0.15,0.9998904089237636,0.3007258380879045,0.050761386943431,0.000460781158884
same_LLI_LAMn_trajectory,0.075,0.15,0.9996257062962296,0.0919621507664093,0.014555100479138,-0.0786242393334448
common_LLI_plus_dLAMn,0.075,0.175,0.9999369458273024,0.3182080843233569,0.0567014632421712,0.0005374943898787
same_LLI_LAMn_trajectory,0.075,0.175,0.9996071663806448,0.1216825576395979,0.0202016875094552,-0.106224315584121
common_LLI_plus_dLAMn,0.075,0.2,0.999943046246049,0.3197518375048465,0.0578712134270962,0.0006139223865336
same_LLI_LAMn_trajectory,0.075,0.2,0.9995790191995424,0.1480239233943923,0.0259935950828021,-0.1345672173829598
common_LLI_plus_dLAMn,0.075,0.225,0.999947578606616,0.3071853151478838,0.0553714886448322,-0.0199001813382623
same_LLI_LAMn_trajectory,0.075,0.225,0.9995606577849776,0.1722378282275629,0.0319358202493801,-0.1636833408783737
common_LLI_plus_dLAMn,0.075,0.25,0.999942747766642,0.2915033679158702,0.0525736534640346,-0.0526766220722868
same_LLI_LAMn_trajectory,0.075,0.25,0.9995328285338556,0.1949172740747208,0.0380336134899024,-0.1936047637556346
common_LLI_plus_dLAMn,0.1,0.0,2.289549269137537e-15,8.340080408335223e-17,1.6879344431463308e-17,0.0
same_LLI_LAMn_trajectory,0.1,0.0,0.9997067296208156,0.1175453551440165,0.0183458896072022,0.0983858766802842
common_LLI_plus_dLAMn,0.1,0.025,0.9994741256260165,0.0794606706360975,0.0077598870608593,7.88116553169391e-05
same_LLI_LAMn_trajectory,0.1,0.025,0.9996939665001074,0.0891297855017271,0.0135844261598614,0.0747082181527073
common_LLI_plus_dLAMn,0.1,0.05,0.9995234295093612,0.1492756756079445,0.0166710827821975,0.0001576176882815
same_LLI_LAMn_trajectory,0.1,0.05,0.9656413269459788,0.0549665704845361,0.0087904008097505,0.0504334637424319
common_LLI_plus_dLAMn,0.1,0.075,0.9995838844125796,0.2019409026690856,0.0256683468680059,0.000236416563811
same_LLI_LAMn_trajectory,0.1,0.075,0.5661440671229837,0.0288017138635303,0.0045477703743292,0.0255387425978535
common_LLI_plus_dLAMn,0.1,0.1,0.9996514569985364,0.2447363417496235,0.0347224054985201,0.0003152067334678
same_LLI_LAMn_trajectory,0.1,0.1,1.430517313445491e-16,7.204055568109556e-17,1.6163920459686768e-17,0.0
common_LLI_plus_dLAMn,0.1,0.125,0.9997249403950564,0.280389691071003,0.0437771925898392,0.0003939860523309
same_LLI_LAMn_trajectory,0.1,0.125,0.5741733562334638,0.0292610923290999,0.0047022038170934,-0.0262080800689912
common_LLI_plus_dLAMn,0.1,0.15,0.9998092943279048,0.3106462397337015,0.0526847441885496,0.000472750516533
same_LLI_LAMn_trajectory,0.1,0.15,0.9829524257706784,0.0574512036500726,0.0094507455256525,-0.0531121585639731
common_LLI_plus_dLAMn,0.1,0.175,0.9998843508991851,0.3353628914480372,0.0609203244996159,0.000551490229653
same_LLI_LAMn_trajectory,0.1,0.175,0.9995824987210224,0.0932116847044676,0.0150655620903184,-0.0807403317949192
common_LLI_plus_dLAMn,0.1,0.2,0.999930572968302,0.3501977694355154,0.0664880809465938,0.0006301681324252
same_LLI_LAMn_trajectory,0.1,0.2,0.9995659160522152,0.1228979990318265,0.0208687354081247,-0.1091222292633535
common_LLI_plus_dLAMn,0.1,0.225,0.9999406067458024,0.3493118592604289,0.066757896611385,0.0007081542861431
same_LLI_LAMn_trajectory,0.1,0.225,0.9995332150453108,0.1493295931976808,0.0268256803588793,-0.1382891196313163
common_LLI_plus_dLAMn,0.1,0.25,0.9999475412409554,0.3362872104043311,0.0639950973633833,-0.0270631153368201
same_LLI_LAMn_trajectory,0.1,0.25,0.9995109354914092,0.1736922016499394,0.0329415208979635,-0.1682740256159131
common_LLI_plus_dLAMn,0.125,0.0,2.938200657614182e-16,6.402252907903086e-17,1.0220631171483437e-17,0.0
same_LLI_LAMn_trajectory,0.125,0.0,0.9996884739441112,0.1437265395282652,0.0236960129484677,0.1245136919570195
common_LLI_plus_dLAMn,0.125,0.025,0.9993677898704592,0.0818089930198774,0.0079817283843019,8.090651721650851e-05
same_LLI_LAMn_trajectory,0.125,0.025,0.9996774018228152,0.1190095096697582,0.0189427626349618,0.1008669248967766
common_LLI_plus_dLAMn,0.125,0.05,0.9994183690308156,0.1527975420496625,0.0170361788337215,0.0001618092792604
same_LLI_LAMn_trajectory,0.125,0.05,0.9996633082313672,0.0906041195428778,0.0140622248418968,0.0766162266639663
common_LLI_plus_dLAMn,0.125,0.075,0.999477750891339,0.2067807188345603,0.0261991386837,0.0002427061490621
same_LLI_LAMn_trajectory,0.125,0.075,0.9753646100261956,0.0562048339312101,0.0091116377866834,0.051738165301396
common_LLI_plus_dLAMn,0.125,0.1,0.9995422602284308,0.2508227976469451,0.0354475627621567,0.0003235954196783
same_LLI_LAMn_trajectory,0.125,0.1,0.5741733562334727,0.0292610923290992,0.0047022038170933,0.0262080800689912
common_LLI_plus_dLAMn,0.125,0.125,0.9996217961402076,0.2876654348947149,0.0447487635562844,0.000404475358598
same_LLI_LAMn_trajectory,0.125,0.125,2.9370124681462413e-16,6.029173562703421e-17,1.09981410089826e-17,0.0
common_LLI_plus_dLAMn,0.125,0.15,0.9996993101204744,0.3193312796555773,0.054041045983093,0.000485343507114
same_LLI_LAMn_trajectory,0.125,0.15,0.5815459556498608,0.0297098002908608,0.0048648065040906,-0.0269134441562509
common_LLI_plus_dLAMn,0.125,0.175,0.9997971161735948,0.3467345617156109,0.0631595672965779,0.0005661950951525
same_LLI_LAMn_trajectory,0.125,0.175,0.9883727451776004,0.0586884672601702,0.009807996475769,-0.0545611152253536
common_LLI_plus_dLAMn,0.125,0.2,0.99988445013543,0.3692065607898995,0.0714891161661105,0.000647017598654
same_LLI_LAMn_trajectory,0.125,0.2,0.9995444149890892,0.0943573825344374,0.0155953857771105,-0.0829734728237279
common_LLI_plus_dLAMn,0.125,0.225,0.9999280960844008,0.381567730417639,0.0765953671362915,0.0007277574564251
same_LLI_LAMn_trajectory,0.125,0.225,0.9995192850327368,0.1240336516566651,0.0215649236126972,-0.1121826852734925
common_LLI_plus_dLAMn,0.125,0.25,0.9999468996585515,0.378470215914045,0.0759626940919749,-0.0007815891260435
same_LLI_LAMn_trajectory,0.125,0.25,0.9994852078630015,0.1505731999393509,0.027696983690022,-0.1422227510770915
common_LLI_plus_dLAMn,0.15,0.0,1.5093202722157186e-16,5.146500511373751e-17,6.144753764979912e-18,0.0
same_LLI_LAMn_trajectory,0.15,0.0,0.9996743405859287,0.1675795502088177,0.0291742772376016,0.1513003807282417
common_LLI_plus_dLAMn,0.15,0.025,0.9992552784679964,0.0843281259998223,0.008164323924766,8.311251272508137e-05
same_LLI_LAMn_trajectory,0.15,0.025,0.9996596470508567,0.1452241813021534,0.0244320588784757,0.1276937072812141
common_LLI_plus_dLAMn,0.15,0.05,0.9993159463214047,0.1568135238776095,0.0173420445654412,0.0001662245652354
same_LLI_LAMn_trajectory,0.15,0.05,0.999643246636256,0.120387557884376,0.0195605964120427,0.1034763286036956
common_LLI_plus_dLAMn,0.15,0.075,0.9993704146619606,0.2122933751225028,0.0266517441705167,0.0002493328367291
same_LLI_LAMn_trajectory,0.15,0.075,0.9996257062962306,0.0919621507664099,0.014555100479138,0.0786242393334448
common_LLI_plus_dLAMn,0.15,0.1,0.9994307192379708,0.2576560181431359,0.0360711001226859,0.0003324349279043
same_LLI_LAMn_trajectory,0.15,0.1,0.9829524257706944,0.0574512036500738,0.0094507455256525,0.0531121585639731
common_LLI_plus_dLAMn,0.15,0.125,0.9995024959684138,0.2956413113615257,0.0455752054105138,0.0004155289355863
same_LLI_LAMn_trajectory,0.15,0.125,0.5815459556498679,0.0297098002908617,0.0048648065040906,0.0269134441562509
common_LLI_plus_dLAMn,0.15,0.15,0.999581790698406,0.3283672297148036,0.0551292636112655,0.0004986129137531
same_LLI_LAMn_trajectory,0.15,0.15,1.5085678932099467e-16,5.23868874191468e-17,8.146266623333506e-18,0.0
common_LLI_plus_dLAMn,0.15,0.175,0.999677012307182,0.3570761560142,0.0646676093171743,0.0005816840274017
same_LLI_LAMn_trajectory,0.15,0.175,0.5881505124417715,0.0301446367433052,0.0050358766870843,-0.0276578244467962
common_LLI_plus_dLAMn,0.15,0.2,0.9997797309631128,0.3822262858402854,0.0740087488705548,0.0006647365395455
same_LLI_LAMn_trajectory,0.15,0.2,0.9918763130695232,0.0598766537947977,0.0101831765259673,-0.056091343089066
common_LLI_plus_dLAMn,0.15,0.225,0.9998778111888884,0.4027896378157155,0.0824268399504447,0.0007477543183974
same_LLI_LAMn_trajectory,0.15,0.225,0.9994962757865976,0.095399435658199,0.0161469203312905,-0.0853336514359692
common_LLI_plus_dLAMn,0.15,0.25,0.9999305033929394,0.4127193450539821,0.0869439592685964,0.0008306556101377
same_LLI_LAMn_trajectory,0.15,0.25,0.9994616945286484,0.1250910947987979,0.0222929652340683,-0.1154197550873843
common_LLI_plus_dLAMn,0.175,0.0,1.2414435371133776e-15,5.1062377901366735e-17,4.883212532379015e-18,0.0
same_LLI_LAMn_trajectory,0.175,0.0,0.999649036188194,0.1897862376287384,0.0347850344831865,0.1787711819435408
common_LLI_plus_dLAMn,0.175,0.025,0.9991353588374208,0.0871064640469866,0.0083089074007527,8.543645617186137e-05
same_LLI_LAMn_trajectory,0.175,0.025,0.9996342791559132,0.1691823632003097,0.0300561524115074,0.1552144878068633
common_LLI_plus_dLAMn,0.175,0.05,0.9991987493751502,0.1613910110618925,0.0175827033132552,0.0001708780325826
same_LLI_LAMn_trajectory,0.175,0.05,0.9996219313504994,0.1466555753814843,0.025196805579533,0.1310403959361175
common_LLI_plus_dLAMn,0.175,0.075,0.9992543439843596,0.2185692027024187,0.0270138156947048,0.0002563195997215
same_LLI_LAMn_trajectory,0.175,0.075,0.9996071663806444,0.1216825576395982,0.0202016875094553,0.106224315584121
common_LLI_plus_dLAMn,0.175,0.1,0.9993191997602778,0.2653778244714074,0.036578971236741,0.0003417573820817
same_LLI_LAMn_trajectory,0.175,0.1,0.9995824987210224,0.0932116847044674,0.0150655620903184,0.0807403317949192
common_LLI_plus_dLAMn,0.175,0.125,0.9993862278569192,0.3045636613728202,0.0462551332782874,0.0004271886767243
same_LLI_LAMn_trajectory,0.175,0.125,0.9883727451775997,0.0586884672601698,0.009807996475769,0.0545611152253536
common_LLI_plus_dLAMn,0.175,0.15,0.9994649017425924,0.3382937562599614,0.0560158325724124,0.0005126113545737
same_LLI_LAMn_trajectory,0.175,0.15,0.5881505124417663,0.0301446367433052,0.0050358766870843,0.0276578244467962
common_LLI_plus_dLAMn,0.175,0.175,0.99955435256614,0.3679558911289909,0.0658248945593274,0.0005980232216445
same_LLI_LAMn_trajectory,0.175,0.175,3.1017533674332314e-16,5.0729129056236275e-17,7.408692693174227e-18,0.0
common_LLI_plus_dLAMn,0.175,0.2,0.9996542671747592,0.3943234638061852,0.0756129633336146,0.0006834209877727
same_LLI_LAMn_trajectory,0.175,0.2,0.5938731469942945,0.0305673316455547,0.0052166189591695,-0.0284445506089213
common_LLI_plus_dLAMn,0.175,0.225,0.9997762477126424,0.4176041584417174,0.0851808939249637,0.0007687976795516
same_LLI_LAMn_trajectory,0.175,0.225,0.9939304054746672,0.0609958507955765,0.0105764257023915,-0.0577098778824276
common_LLI_plus_dLAMn,0.175,0.25,0.9998774950270995,0.4364614356928827,0.0936594442934414,0.0008541320792857
same_LLI_LAMn_trajectory,0.175,0.25,0.9994411583456788,0.0963438346419062,0.0167229990080411,-0.0878320262918047
common_LLI_plus_dLAMn,0.2,0.0,1.59674949120281e-16,3.769372282423717e-17,2.781244545434568e-18,0.0
same_LLI_LAMn_trajectory,0.2,0.0,0.999635664513796,0.2107204392142927,0.0405333241796798,0.2069526405968922
common_LLI_plus_dLAMn,0.2,0.025,0.9990151223824668,0.0901808570578184,0.0084290987659051,8.788539348907404e-05
same_LLI_LAMn_trajectory,0.2,0.025,0.999619123167814,0.1915336905174138,0.035819957047684,0.1834565479595692
common_LLI_plus_dLAMn,0.2,0.05,0.9991021444215066,0.1665347391028143,0.0177634071571875,0.000175784191303
same_LLI_LAMn_trajectory,0.2,0.05,0.9996007358346456,0.1707353194359531,0.0309755233851958,0.159336469446565
common_LLI_plus_dLAMn,0.2,0.075,0.9991526923354168,0.22561242511403,0.0272777932336534,0.0002636894078844
same_LLI_LAMn_trajectory,0.2,0.075,0.9995790191995416,0.1480239233943924,0.0259935950828021,0.1345672173829598
common_LLI_plus_dLAMn,0.2,0.1,0.9992139579322756,0.2740181867669197,0.0369524844326655,0.0003515951742162
same_LLI_LAMn_trajectory,0.2,0.1,0.9995659160522158,0.1228979990318261,0.0208687354081247,0.1091222292633535
common_LLI_plus_dLAMn,0.2,0.125,0.9992787377012222,0.3145035711645789,0.0467642570520011,0.0004394971808241
same_LLI_LAMn_trajectory,0.2,0.125,0.9995444149890864,0.094357382534438,0.0155953857771106,0.0829734728237279
common_LLI_plus_dLAMn,0.2,0.15,0.999350801815239,0.3492751327871403,0.0566886989165876,0.0005273923713271
same_LLI_LAMn_trajectory,0.2,0.15,0.9918763130695216,0.0598766537947976,0.0101831765259672,0.056091343089066
common_LLI_plus_dLAMn,0.2,0.175,0.999427787487742,0.3798228519047407,0.0666988360847584,0.0006152783562814
same_LLI_LAMn_trajectory,0.2,0.175,0.5938731469943273,0.0305673316455553,0.0052166189591697,0.0284445506089213
common_LLI_plus_dLAMn,0.2,0.2,0.9995329247645698,0.407048723409936,0.0767580340595627,0.0007031526511598
same_LLI_LAMn_trajectory,0.2,0.2,1.5956271271614582e-16,4.049271434721303e-17,4.627318668768112e-18,0.0
common_LLI_plus_dLAMn,0.2,0.225,0.9996480909836511,0.4314707659601497,0.0867881295995271,0.0007910114106389
same_LLI_LAMn_trajectory,0.2,0.225,0.598594770354619,0.030968129534162,0.0054072586948632,-0.0292773421936759
common_LLI_plus_dLAMn,0.2,0.25,0.9997740786825668,0.4531397056100129,0.0965632670555335,0.0008788460571875
same_LLI_LAMn_trajectory,0.2,0.25,0.9950051091152248,0.0620130643870151,0.0109878745737127,-0.0594245914287129
common_LLI_plus_dLAMn,0.225,0.0,1.6443756598975532e-16,3.278495557245679e-17,1.909223005350701e-18,0.0
same_LLI_LAMn_trajectory,0.225,0.0,0.9996127354576524,0.2306128375144007,0.0464244434496986,0.2358726932558779
common_LLI_plus_dLAMn,0.225,0.025,0.9989242933667816,0.0935209873957692,0.0086371230222584,9.046937854679572e-05
same_LLI_LAMn_trajectory,0.225,0.025,0.9995910657675258,0.2126384579341979,0.0417288885206744,0.212448618390417
common_LLI_plus_dLAMn,0.225,0.05,0.9990312619351852,0.1721680100042135,0.0179803124647201,0.0001809609278542
same_LLI_LAMn_trajectory,0.225,0.05,0.9995725131567464,0.1932435154200098,0.0369013300756403,0.1883940994548654
common_LLI_plus_dLAMn,0.225,0.075,0.9990838164190026,0.2333354293400075,0.0275030241198567,0.0002714683359592
same_LLI_LAMn_trajectory,0.225,0.075,0.9995606577849792,0.1722378282275627,0.0319358202493801,0.1636833408783737
common_LLI_plus_dLAMn,0.225,0.1,0.9991409817520546,0.2834958451518212,0.0372186508409956,0.0003619837247528
same_LLI_LAMn_trajectory,0.225,0.1,0.9995332150453098,0.1493295931976808,0.0268256803588793,0.1382891196313163
common_LLI_plus_dLAMn,0.225,0.125,0.9991955959321992,0.3253948092827047,0.0471026471798454,0.0004525003560212
same_LLI_LAMn_trajectory,0.225,0.125,0.9995192850327363,0.124033651656665,0.0215649236126972,0.1121826852734925
common_LLI_plus_dLAMn,0.225,0.15,0.9992587104667512,0.3612799609874592,0.0571204369939426,0.0005430132898748
same_LLI_LAMn_trajectory,0.225,0.15,0.9994962757865972,0.0953994356581997,0.0161469203312905,0.0853336514359692
common_LLI_plus_dLAMn,0.225,0.175,0.9993327366448352,0.3927321856708158,0.0672399357101074,0.0006335190567092
same_LLI_LAMn_trajectory,0.225,0.175,0.9939304054746712,0.0609958507955777,0.0105764257023918,0.0577098778824276
common_LLI_plus_dLAMn,0.225,0.2,0.999422935351491,0.4207348614598943,0.0774364586390461,0.0007240149654183
same_LLI_LAMn_trajectory,0.225,0.2,0.5985947703547936,0.0309681295341647,0.0054072586948635,0.0292773421936759
common_LLI_plus_dLAMn,0.225,0.225,0.999516640833642,0.4459227519215343,0.0876741341941294,0.0008144981895189
same_LLI_LAMn_trajectory,0.225,0.225,2.464555296184567e-15,1.2349714757767564e-16,8.737202273687318e-18,0.0
common_LLI_plus_dLAMn,0.225,0.25,0.9996371437622804,0.4686614562797536,0.0978786047025575,0.0009049641995221
same_LLI_LAMn_trajectory,0.225,0.25,0.6021721693650532,0.031351638839756,0.0056090597887183,-0.0301603674423542
common_LLI_plus_dLAMn,0.25,0.0,1.6949301932497638e-16,2.3050276191225098e-17,8.474650966248604e-19,0.0
same_LLI_LAMn_trajectory,0.25,0.0,0.999594263792936,0.2496389364393456,0.0524658129925617,0.265560760414583
common_LLI_plus_dLAMn,0.25,0.025,0.9988634873332638,0.0970009257137059,0.0089264602900206,9.321006780147218e-05
same_LLI_LAMn_trajectory,0.25,0.025,0.9995689045175497,0.2327217465136436,0.0477885414313708,0.2422209763868599
common_LLI_plus_dLAMn,0.25,0.05,0.9989932131758924,0.1781700738196503,0.0185070961492827,0.0001864418991594
same_LLI_LAMn_trajectory,0.25,0.05,0.9995556246657596,0.2145312427185076,0.042980399136117,0.2182444487337759
common_LLI_plus_dLAMn,0.25,0.075,0.9990527159788468,0.2416013177975999,0.028140348645548,0.0002796988116799
same_LLI_LAMn_trajectory,0.25,0.075,0.99953282853385,0.1949172740747209,0.0380336134899024,0.1936047637556346
common_LLI_plus_dLAMn,0.25,0.1,0.9991073414745604,0.2936755484641212,0.0378157400735133,0.0003729744599369
same_LLI_LAMn_trajectory,0.25,0.1,0.9995109354914168,0.1736922016499391,0.0329415208979634,0.1682740256159131
common_LLI_plus_dLAMn,0.25,0.125,0.9991566603971884,0.3371142991592535,0.0475351153929854,0.000466259971888
same_LLI_LAMn_trajectory,0.25,0.125,0.9994852078629992,0.1505731999393509,0.027696983690022,0.1422227510770915
common_LLI_plus_dLAMn,0.25,0.15,0.9992123343662176,0.3741914437525097,0.0574699636151436,0.0005595475850003
same_LLI_LAMn_trajectory,0.25,0.15,0.9994616945286504,0.1250910947987981,0.0222929652340683,0.1154197550873843
common_LLI_plus_dLAMn,0.25,0.175,0.9992678801600255,0.4065856698948445,0.0675437448332714,0.0006528316112252
same_LLI_LAMn_trajectory,0.25,0.175,0.9994411583456784,0.0963438346419063,0.0167229990080411,0.0878320262918047
common_LLI_plus_dLAMn,0.25,0.2,0.9993414615448968,0.4353562012858213,0.077730977284192,0.0007461080953907
same_LLI_LAMn_trajectory,0.25,0.2,0.9950051091152252,0.0620130643870156,0.0109878745737127,0.0594245914287129
common_LLI_plus_dLAMn,0.25,0.225,0.9994267877153034,0.4612069939334261,0.0880091026752436,0.0008393739953106
same_LLI_LAMn_trajectory,0.25,0.225,0.6021721693650619,0.0313516388397561,0.0056090597887183,0.0301603674423542
common_LLI_plus_dLAMn,0.25,0.25,0.9995281573795513,0.4846114496535095,0.0983432262339861,0.0009326260792367
same_LLI_LAMn_trajectory,0.25,0.25,1.6933501939233415e-16,3.7418744799607856e-17,3.746666149712975e-18,0.0
