family,background,target,delta_below,M_below,delta_crit_sampled,M_peak,M_rms,Q1,Q2,capacity_difference_pct,bracket_width_pctpoints
dLAMn,0.0,0.8,0.0145,0.7918079324728149,0.015,0.8030195274559458,0.0302809920347752,13.702507686327175,13.703094776563411,0.004284454151523784,0.04999999999999987
dLAMn,0.0,0.95,0.0365,0.949807055177334,0.037,0.9500237070728852,0.0517549794591357,13.702507686327175,13.703955804343359,0.010567711639820598,0.050000000000000044
dLAMn,0.05,0.8,0.01,0.7915189877849406,0.0105,0.8106034268779045,0.0304211740354237,13.058089337952683,13.058500287619495,0.0031470392781226685,0.050000000000000044
dLAMn,0.05,0.95,0.0155,0.948655713527052,0.016,0.9503326404560146,0.0499696275947089,13.058089337952683,13.058715545878488,0.004795440549412051,0.050000000000000044
dLAMn,0.1,0.8,0.008,0.784097441229484,0.00825,0.8015876993283062,0.0278625421257653,12.413670154873031,12.41399301829425,0.002600836163805597,0.025000000000000022
dLAMn,0.1,0.95,0.0135,0.9499289989669522,0.014,0.9527590123083226,0.0503784666983,12.413670154873031,12.41421804577542,0.004413511918222348,0.050000000000000044
dLAMn,0.15,0.8,0.006,0.7774765605657619,0.00625,0.8018436996046228,0.027580938751328,11.769250516939758,11.769495060332337,0.0020777946027455934,0.025000000000000022
dLAMn,0.15,0.95,0.01075,0.9494757746365902,0.011,0.950944696595935,0.0490173178084735,11.769250516939758,11.769680918088127,0.0036569302184114344,0.025000000000000022
sameTrajectory,0.0,0.8,0.0305,0.794867433688054,0.031,0.8010409533487892,0.0319217366401292,13.702507686327175,13.304181713687226,-2.9498319230474537,0.050000000000000044
sameTrajectory,0.0,0.95,0.053,0.949743115778664,0.0535,0.9501882835199504,0.0535315504862709,13.702507686327175,13.01507385670802,-5.145928560276879,0.050000000000000044
sameTrajectory,0.05,0.8,0.029,0.7958299732564237,0.0295,0.8035996564701343,0.0311730811979903,13.06004620468209,12.680993404254,-2.945124254394918,0.0499999999999997
sameTrajectory,0.05,0.95,0.048,0.9494521273890651,0.0485,0.9503094100534004,0.0539496815147011,13.06004620468209,12.436857533692375,-4.88834783536305,0.050000000000000044
sameTrajectory,0.1,0.8,0.0235,0.7935567758664404,0.024,0.8053010596370771,0.0311606510498984,12.41758364407197,12.109201316626763,-2.5146575708096517,0.050000000000000044
sameTrajectory,0.1,0.95,0.0415,0.9499932891776875,0.042,0.9507918305448992,0.0560472602357977,12.41758364407197,11.877914464164027,-4.442544684646731,0.050000000000000044
sameTrajectory,0.15,0.8,0.0245,0.7983289848743719,0.025,0.8094686837985143,0.0312479464318084,11.775120280602682,11.453888359087845,-2.7657824446796244,0.050000000000000044
sameTrajectory,0.15,0.95,0.041,0.949723799387148,0.0415,0.9500589237014572,0.0565001076047759,11.775120280602682,11.241875216024697,-4.633489758957634,0.050000000000000044
